customer_id,age,gender,item_purchased,category,purchase_amount_usd,location,size,color,season,review_rating,subscription_status,shipping_type,discount_applied,promo_code_used,previous_purchases,payment_method,frequency_of_purchases,subscription_status_flag,discount_applied_flag,promo_code_used_flag,purchase_frequency_per_year,age_band,promo_dependency_score,value_score,value_tier,satisfaction_flag,is_loyal_behavioral,is_loyal_value_sat,estimated_annual_revenue,customer_segment
1,55,Male,Blouse,Clothing,53,Kentucky,L,Gray,Winter,3.1,Yes,Express,Yes,Yes,14,Venmo,Fortnightly,1,1,1,26,Boomer-Early (55-64),100.0,37.3,Potential,0,0,0,1378,Growth Potential
2,19,Male,Sweater,Clothing,64,Maine,L,Maroon,Winter,3.1,Yes,Express,Yes,Yes,2,Cash,Fortnightly,1,1,1,26,Gen Z (18-24),100.0,32.32,At-Risk,0,0,0,1664,At-Risk / Dormant
3,50,Male,Jeans,Clothing,73,Massachusetts,S,Maroon,Spring,3.1,Yes,Free Shipping,Yes,Yes,23,Credit Card,Weekly,1,1,1,52,Gen X (45-54),100.0,66.15,Champions,0,0,0,3796,Promo Champions
4,21,Male,Sandals,Footwear,90,Rhode Island,M,Maroon,Spring,3.5,Yes,Next Day Air,Yes,Yes,49,PayPal,Weekly,1,1,1,52,Gen Z (18-24),100.0,94.81,Champions,0,0,0,4680,Promo Champions
5,45,Male,Blouse,Clothing,49,Oregon,M,Turquoise,Spring,2.7,Yes,Free Shipping,Yes,Yes,31,PayPal,Annually,1,1,1,1,Gen X (45-54),100.0,37.18,Potential,0,0,0,49,Growth Potential
6,46,Male,Sneakers,Footwear,20,Wyoming,M,White,Summer,2.9,Yes,Standard,Yes,Yes,14,Venmo,Weekly,1,1,1,52,Gen X (45-54),100.0,35.61,Potential,0,0,0,1040,Growth Potential
7,63,Male,Shirt,Clothing,85,Montana,M,Gray,Fall,3.2,Yes,Free Shipping,Yes,Yes,49,Cash,Quarterly,1,1,1,4,Boomer-Early (55-64),100.0,69.09,Champions,0,0,0,340,Promo Champions
8,27,Male,Shorts,Clothing,34,Louisiana,L,Charcoal,Winter,3.2,Yes,Free Shipping,Yes,Yes,19,Credit Card,Weekly,1,1,1,52,Millennial-Early (25-34),100.0,45.82,Loyalists,0,0,0,1768,Promo Loyalists
9,26,Male,Coat,Outerwear,97,West Virginia,L,Silver,Summer,2.6,Yes,Express,Yes,Yes,8,Venmo,Annually,1,1,1,1,Millennial-Early (25-34),100.0,39.4,Potential,0,0,0,97,Growth Potential
10,57,Male,Handbag,Accessories,31,Missouri,M,Pink,Spring,4.8,Yes,2-Day Shipping,Yes,Yes,4,Cash,Quarterly,1,1,1,4,Boomer-Early (55-64),100.0,8.73,At-Risk,1,0,0,124,At-Risk / Dormant
11,53,Male,Shoes,Footwear,34,Arkansas,L,Purple,Fall,4.1,Yes,Store Pickup,Yes,Yes,26,Bank Transfer,Bi-Weekly,1,1,1,26,Gen X (45-54),100.0,38.79,Potential,1,0,0,884,Growth Potential
12,30,Male,Shorts,Clothing,68,Hawaii,S,Olive,Winter,4.9,Yes,Store Pickup,Yes,Yes,10,Bank Transfer,Fortnightly,1,1,1,26,Millennial-Early (25-34),100.0,40.6,Potential,1,0,0,1768,Growth Potential
13,61,Male,Coat,Outerwear,72,Delaware,M,Gold,Winter,4.5,Yes,Express,Yes,Yes,37,Venmo,Fortnightly,1,1,1,26,Boomer-Early (55-64),100.0,64.39,Champions,1,0,1,1872,Promo Champions
14,65,Male,Dress,Clothing,51,New Hampshire,M,Violet,Spring,4.7,Yes,Express,Yes,Yes,31,PayPal,Weekly,1,1,1,52,Boomer+ (65+),100.0,63.05,Champions,1,0,1,2652,Promo Champions
15,64,Male,Coat,Outerwear,53,New York,L,Teal,Winter,4.7,Yes,Free Shipping,Yes,Yes,34,Debit Card,Weekly,1,1,1,52,Boomer-Early (55-64),100.0,66.38,Champions,1,0,1,2756,Promo Champions
16,64,Male,Skirt,Clothing,81,Rhode Island,M,Teal,Winter,2.8,Yes,Store Pickup,Yes,Yes,8,PayPal,Monthly,1,1,1,12,Boomer-Early (55-64),100.0,37.79,Potential,0,0,0,972,Growth Potential
17,25,Male,Sunglasses,Accessories,36,Alabama,S,Gray,Spring,4.1,Yes,Next Day Air,Yes,Yes,44,Debit Card,Bi-Weekly,1,1,1,26,Millennial-Early (25-34),100.0,54.36,Loyalists,1,0,1,936,Promo Loyalists
18,53,Male,Dress,Clothing,38,Mississippi,XL,Lavender,Winter,4.7,Yes,2-Day Shipping,Yes,Yes,36,Venmo,Quarterly,1,1,1,4,Gen X (45-54),100.0,37.92,Potential,1,0,0,152,Growth Potential
19,52,Male,Sweater,Clothing,48,Montana,S,Black,Summer,4.6,Yes,Free Shipping,Yes,Yes,17,Cash,Weekly,1,1,1,52,Gen X (45-54),100.0,50.31,Loyalists,1,0,1,2496,Promo Loyalists
20,66,Male,Pants,Clothing,90,Rhode Island,M,Green,Summer,3.3,Yes,Standard,Yes,Yes,46,Debit Card,Bi-Weekly,1,1,1,26,Boomer+ (65+),100.0,79.61,Champions,0,0,0,2340,Promo Champions
21,21,Male,Pants,Clothing,51,Louisiana,M,Black,Winter,2.8,Yes,Express,Yes,Yes,50,Cash,Every 3 Months,1,1,1,4,Gen Z (18-24),100.0,55.03,Loyalists,0,0,0,204,Promo Loyalists
22,31,Male,Pants,Clothing,62,North Carolina,M,Charcoal,Winter,4.1,Yes,Store Pickup,Yes,Yes,22,Debit Card,Quarterly,1,1,1,4,Millennial-Early (25-34),100.0,36.99,Potential,1,0,0,248,Growth Potential
23,56,Male,Pants,Clothing,37,California,M,Peach,Summer,3.2,Yes,Store Pickup,Yes,Yes,32,Debit Card,Annually,1,1,1,1,Boomer-Early (55-64),100.0,32.74,At-Risk,0,0,0,37,At-Risk / Dormant
24,31,Male,Pants,Clothing,88,Oklahoma,XL,White,Winter,4.4,Yes,Express,Yes,Yes,40,Credit Card,Weekly,1,1,1,52,Millennial-Early (25-34),100.0,86.59,Champions,1,0,1,4576,Promo Champions
25,18,Male,Jacket,Outerwear,22,Florida,M,Green,Fall,2.9,Yes,Store Pickup,Yes,Yes,16,Debit Card,Weekly,1,1,1,52,Gen Z (18-24),100.0,38.12,Potential,0,0,0,1144,Growth Potential
26,18,Male,Hoodie,Clothing,25,Texas,M,Silver,Summer,3.6,Yes,Express,Yes,Yes,14,PayPal,Annually,1,1,1,1,Gen Z (18-24),100.0,12.8,At-Risk,0,0,0,25,At-Risk / Dormant
27,38,Male,Jewelry,Accessories,20,Nevada,M,Red,Spring,3.6,Yes,Next Day Air,Yes,Yes,13,Credit Card,Annually,1,1,1,1,Millennial-Late (35-44),100.0,9.8,At-Risk,0,0,0,20,At-Risk / Dormant
28,56,Male,Shorts,Clothing,56,Kentucky,L,Cyan,Summer,5.0,Yes,Next Day Air,Yes,Yes,7,Bank Transfer,Every 3 Months,1,1,1,4,Boomer-Early (55-64),100.0,22.12,At-Risk,1,0,0,224,At-Risk / Dormant
29,54,Male,Handbag,Accessories,94,North Carolina,M,Gray,Fall,4.4,Yes,Free Shipping,Yes,Yes,41,PayPal,Every 3 Months,1,1,1,4,Gen X (45-54),100.0,66.5,Champions,1,0,1,376,Promo Champions
30,31,Male,Dress,Clothing,48,Wyoming,S,Black,Fall,4.1,Yes,Store Pickup,Yes,Yes,14,Credit Card,Weekly,1,1,1,52,Millennial-Early (25-34),100.0,47.86,Loyalists,1,0,1,2496,Promo Loyalists
31,57,Male,Jewelry,Accessories,31,North Carolina,L,Black,Winter,4.7,Yes,Standard,Yes,Yes,16,Credit Card,Monthly,1,1,1,12,Boomer-Early (55-64),100.0,22.45,At-Risk,1,0,0,372,At-Risk / Dormant
32,33,Male,Dress,Clothing,79,West Virginia,L,Brown,Winter,4.7,Yes,Store Pickup,Yes,Yes,45,Venmo,Monthly,1,1,1,12,Millennial-Early (25-34),100.0,67.12,Champions,1,0,1,948,Promo Champions
33,36,Male,Jacket,Outerwear,67,Kansas,M,Silver,Summer,4.9,Yes,Free Shipping,Yes,Yes,37,Venmo,Annually,1,1,1,1,Millennial-Late (35-44),100.0,49.95,Loyalists,1,0,1,67,Promo Loyalists
34,54,Male,Pants,Clothing,38,Colorado,L,Green,Summer,3.3,Yes,Store Pickup,Yes,Yes,45,Cash,Quarterly,1,1,1,4,Gen X (45-54),100.0,45.26,Loyalists,0,0,0,152,Promo Loyalists
35,36,Male,T-shirt,Clothing,91,North Dakota,L,Violet,Spring,4.6,Yes,2-Day Shipping,Yes,Yes,38,PayPal,Quarterly,1,1,1,4,Millennial-Late (35-44),100.0,62.74,Champions,1,0,1,364,Promo Champions
36,54,Male,Blouse,Clothing,33,Massachusetts,M,Cyan,Summer,4.0,Yes,2-Day Shipping,Yes,Yes,48,Credit Card,Bi-Weekly,1,1,1,26,Gen X (45-54),100.0,56.31,Loyalists,1,0,1,858,Promo Loyalists
37,35,Male,T-shirt,Clothing,69,Illinois,M,Maroon,Winter,4.6,Yes,Free Shipping,Yes,Yes,44,PayPal,Fortnightly,1,1,1,26,Millennial-Late (35-44),100.0,68.79,Champions,1,0,1,1794,Promo Champions
38,35,Male,Jeans,Clothing,45,Indiana,S,Cyan,Summer,2.8,Yes,Store Pickup,Yes,Yes,10,PayPal,Weekly,1,1,1,52,Millennial-Late (35-44),100.0,43.28,Potential,0,0,0,2340,Growth Potential
39,29,Male,Dress,Clothing,37,Florida,M,Red,Winter,3.8,Yes,2-Day Shipping,Yes,Yes,44,Venmo,Every 3 Months,1,1,1,4,Millennial-Early (25-34),100.0,44.01,Potential,0,0,0,148,Growth Potential
40,70,Male,Pants,Clothing,60,Arizona,S,Turquoise,Summer,4.2,Yes,Express,Yes,Yes,18,Credit Card,Monthly,1,1,1,12,Boomer+ (65+),100.0,36.77,Potential,1,0,0,720,Growth Potential
41,69,Male,Handbag,Accessories,76,Louisiana,L,Beige,Winter,4.6,Yes,Next Day Air,Yes,Yes,31,Debit Card,Quarterly,1,1,1,4,Boomer+ (65+),100.0,50.46,Loyalists,1,0,1,304,Promo Loyalists
42,67,Male,Scarf,Accessories,39,Alaska,M,Orange,Spring,4.5,Yes,Standard,Yes,Yes,40,Venmo,Annually,1,1,1,1,Boomer+ (65+),100.0,40.15,Potential,1,0,0,39,Growth Potential
43,20,Male,Coat,Outerwear,100,Tennessee,M,Beige,Spring,4.1,Yes,Free Shipping,Yes,Yes,15,PayPal,Annually,1,1,1,1,Gen Z (18-24),100.0,46.43,Loyalists,1,0,1,100,Promo Loyalists
44,25,Male,Scarf,Accessories,69,Ohio,L,Lavender,Fall,3.7,Yes,Store Pickup,Yes,Yes,19,PayPal,Fortnightly,1,1,1,26,Millennial-Early (25-34),100.0,48.39,Loyalists,0,0,0,1794,Promo Loyalists
45,39,Male,Hat,Accessories,53,Kentucky,S,Silver,Summer,4.6,Yes,Free Shipping,Yes,Yes,45,PayPal,Weekly,1,1,1,52,Millennial-Late (35-44),100.0,75.36,Champions,1,0,1,2756,Promo Champions
46,50,Male,Socks,Clothing,21,Tennessee,XL,Indigo,Fall,2.9,Yes,2-Day Shipping,Yes,Yes,25,PayPal,Annually,1,1,1,1,Gen X (45-54),100.0,20.03,At-Risk,0,0,0,21,At-Risk / Dormant
47,57,Male,Shirt,Clothing,43,California,L,White,Summer,2.9,Yes,Store Pickup,Yes,Yes,45,Cash,Quarterly,1,1,1,4,Boomer-Early (55-64),100.0,47.45,Loyalists,0,0,0,172,Promo Loyalists
48,55,Male,Jewelry,Accessories,54,Montana,M,Charcoal,Winter,4.5,Yes,Free Shipping,Yes,Yes,36,Cash,Weekly,1,1,1,52,Boomer-Early (55-64),100.0,68.45,Champions,1,0,1,2808,Promo Champions
49,42,Male,Shirt,Clothing,55,Nevada,M,Orange,Summer,2.7,Yes,Store Pickup,Yes,Yes,38,Cash,Monthly,1,1,1,12,Millennial-Late (35-44),100.0,50.91,Loyalists,0,0,0,660,Promo Loyalists
50,68,Male,Hoodie,Clothing,30,New Jersey,S,Indigo,Spring,4.6,Yes,Next Day Air,Yes,Yes,34,Debit Card,Bi-Weekly,1,1,1,26,Boomer+ (65+),100.0,43.57,Potential,1,0,0,780,Growth Potential
51,49,Male,Blouse,Clothing,28,Maryland,M,Red,Spring,3.8,Yes,Store Pickup,Yes,Yes,39,Debit Card,Bi-Weekly,1,1,1,26,Gen X (45-54),100.0,46.78,Loyalists,0,0,0,728,Promo Loyalists
52,59,Male,Skirt,Clothing,59,Vermont,XL,Gray,Winter,4.7,Yes,2-Day Shipping,Yes,Yes,7,Credit Card,Quarterly,1,1,1,4,Boomer-Early (55-64),100.0,23.43,At-Risk,1,0,0,236,At-Risk / Dormant
53,42,Male,T-shirt,Clothing,20,Alaska,M,Green,Summer,2.6,Yes,Free Shipping,Yes,Yes,26,Credit Card,Weekly,1,1,1,52,Millennial-Late (35-44),100.0,45.41,Loyalists,0,0,0,1040,Promo Loyalists
54,29,Male,Skirt,Clothing,24,Mississippi,S,Peach,Winter,3.9,Yes,Next Day Air,Yes,Yes,35,Credit Card,Weekly,1,1,1,52,Millennial-Early (25-34),100.0,54.51,Loyalists,0,0,0,1248,Promo Loyalists
55,47,Male,Coat,Outerwear,94,New Mexico,M,Brown,Summer,4.2,Yes,Next Day Air,Yes,Yes,35,Debit Card,Bi-Weekly,1,1,1,26,Gen X (45-54),100.0,72.39,Champions,1,0,1,2444,Promo Champions
56,40,Male,Jacket,Outerwear,28,South Carolina,M,Lavender,Winter,3.0,Yes,2-Day Shipping,Yes,Yes,49,Credit Card,Annually,1,1,1,1,Millennial-Late (35-44),100.0,42.68,Potential,0,0,0,28,Growth Potential
57,41,Male,Backpack,Accessories,73,Mississippi,XL,Brown,Summer,4.7,Yes,Store Pickup,Yes,Yes,46,Credit Card,Weekly,1,1,1,52,Millennial-Late (35-44),100.0,84.92,Champions,1,0,1,3796,Promo Champions
58,21,Male,Coat,Outerwear,64,West Virginia,M,White,Summer,4.4,Yes,Store Pickup,Yes,Yes,17,Debit Card,Fortnightly,1,1,1,26,Gen Z (18-24),100.0,44.57,Potential,1,0,0,1664,Growth Potential
59,69,Male,Hoodie,Clothing,54,Missouri,M,Charcoal,Summer,4.2,Yes,Free Shipping,Yes,Yes,29,Venmo,Monthly,1,1,1,12,Boomer+ (65+),100.0,43.12,Potential,1,0,0,648,Growth Potential
60,63,Male,Belt,Accessories,79,Louisiana,L,Yellow,Spring,4.6,Yes,Standard,Yes,Yes,4,Debit Card,Weekly,1,1,1,52,Boomer-Early (55-64),100.0,53.26,Loyalists,1,0,1,4108,Promo Loyalists
61,50,Male,Sweater,Clothing,37,Idaho,L,Brown,Summer,4.0,Yes,Express,Yes,Yes,17,Cash,Weekly,1,1,1,52,Gen X (45-54),100.0,45.5,Loyalists,1,0,1,1924,Promo Loyalists
62,55,Male,Scarf,Accessories,68,Texas,M,Orange,Winter,4.7,Yes,Store Pickup,Yes,Yes,21,Credit Card,Every 3 Months,1,1,1,4,Boomer-Early (55-64),100.0,38.8,Potential,1,0,0,272,Growth Potential
63,30,Male,Sneakers,Footwear,21,Mississippi,S,Magenta,Spring,3.8,Yes,Free Shipping,Yes,Yes,31,Credit Card,Fortnightly,1,1,1,26,Millennial-Early (25-34),100.0,37.18,Potential,0,0,0,546,Growth Potential
64,33,Male,Sunglasses,Accessories,79,Arizona,L,Lavender,Winter,2.7,Yes,2-Day Shipping,Yes,Yes,43,Credit Card,Weekly,1,1,1,52,Millennial-Early (25-34),100.0,85.1,Champions,0,0,0,4108,Promo Champions
65,65,Male,Boots,Footwear,83,Alabama,S,Green,Fall,4.8,Yes,Standard,Yes,Yes,18,Debit Card,Fortnightly,1,1,1,26,Boomer+ (65+),100.0,53.69,Loyalists,1,0,1,2158,Promo Loyalists
66,65,Male,Backpack,Accessories,36,New Jersey,M,Purple,Spring,4.8,Yes,2-Day Shipping,Yes,Yes,44,Venmo,Every 3 Months,1,1,1,4,Boomer+ (65+),100.0,43.57,Potential,1,0,0,144,Growth Potential
67,31,Male,Blouse,Clothing,94,Pennsylvania,S,Magenta,Winter,4.7,Yes,2-Day Shipping,Yes,Yes,3,Venmo,Every 3 Months,1,1,1,4,Millennial-Early (25-34),100.0,35.48,Potential,1,0,0,376,Growth Potential
68,45,Male,Coat,Outerwear,33,Connecticut,L,Gray,Winter,4.4,Yes,Store Pickup,Yes,Yes,49,Debit Card,Monthly,1,1,1,12,Gen X (45-54),100.0,50.26,Loyalists,1,0,1,396,Promo Loyalists
69,57,Male,Handbag,Accessories,46,Utah,L,Silver,Summer,3.9,Yes,Next Day Air,Yes,Yes,21,Cash,Every 3 Months,1,1,1,4,Boomer-Early (55-64),100.0,29.17,At-Risk,0,0,0,184,At-Risk / Dormant
70,48,Male,Belt,Accessories,70,Tennessee,S,Cyan,Summer,4.4,Yes,Express,Yes,Yes,5,Cash,Weekly,1,1,1,52,Gen X (45-54),100.0,50.14,Loyalists,1,0,1,3640,Promo Loyalists
71,22,Male,Belt,Accessories,29,Alabama,M,Magenta,Fall,4.2,Yes,Express,Yes,Yes,32,Debit Card,Every 3 Months,1,1,1,4,Gen Z (18-24),100.0,30.71,At-Risk,1,0,0,116,At-Risk / Dormant
72,36,Male,Dress,Clothing,48,Virginia,L,Gold,Summer,2.9,Yes,Express,Yes,Yes,34,Bank Transfer,Annually,1,1,1,1,Millennial-Late (35-44),100.0,39.19,Potential,0,0,0,48,Growth Potential
73,18,Male,Dress,Clothing,26,Georgia,M,Olive,Winter,2.9,Yes,Store Pickup,Yes,Yes,21,Bank Transfer,Every 3 Months,1,1,1,4,Gen Z (18-24),100.0,20.42,At-Risk,0,0,0,104,At-Risk / Dormant
74,48,Male,Pants,Clothing,85,Hawaii,M,Teal,Spring,2.7,Yes,Free Shipping,Yes,Yes,43,Bank Transfer,Bi-Weekly,1,1,1,26,Gen X (45-54),100.0,74.98,Champions,0,0,0,2210,Promo Champions
75,49,Male,Gloves,Accessories,58,Indiana,L,Violet,Spring,4.5,Yes,Express,Yes,Yes,3,Cash,Monthly,1,1,1,12,Gen X (45-54),100.0,23.65,At-Risk,1,0,0,696,At-Risk / Dormant
76,64,Male,Scarf,Accessories,85,Utah,M,Blue,Summer,2.7,Yes,Free Shipping,Yes,Yes,21,Credit Card,Annually,1,1,1,1,Boomer-Early (55-64),100.0,44.76,Loyalists,0,0,0,85,Promo Loyalists
77,50,Male,Hat,Accessories,43,Delaware,S,Teal,Summer,4.2,Yes,Free Shipping,Yes,Yes,32,Venmo,Monthly,1,1,1,12,Gen X (45-54),100.0,40.76,Potential,1,0,0,516,Growth Potential
78,22,Male,Dress,Clothing,53,Delaware,L,Gold,Summer,3.3,Yes,Next Day Air,Yes,Yes,36,Debit Card,Fortnightly,1,1,1,26,Gen Z (18-24),100.0,55.26,Loyalists,0,0,0,1378,Promo Loyalists
79,50,Male,Skirt,Clothing,91,Nebraska,M,Maroon,Spring,4.7,Yes,Free Shipping,Yes,Yes,50,Venmo,Fortnightly,1,1,1,26,Gen X (45-54),100.0,83.32,Champions,1,0,1,2366,Promo Champions
80,38,Male,Jacket,Outerwear,96,Iowa,M,Olive,Winter,2.6,Yes,2-Day Shipping,Yes,Yes,43,Bank Transfer,Every 3 Months,1,1,1,4,Millennial-Late (35-44),100.0,69.01,Champions,0,0,0,384,Promo Champions
81,19,Male,Sandals,Footwear,72,New York,XL,Blue,Summer,3.8,Yes,Store Pickup,Yes,Yes,24,Credit Card,Every 3 Months,1,1,1,4,Gen Z (18-24),100.0,43.0,Potential,0,0,0,288,Growth Potential
82,67,Male,Shoes,Footwear,96,Virginia,L,Maroon,Summer,2.6,Yes,Express,Yes,Yes,36,Credit Card,Every 3 Months,1,1,1,4,Boomer+ (65+),100.0,63.29,Champions,0,0,0,384,Promo Champions
83,19,Male,Pants,Clothing,28,Georgia,S,Olive,Spring,4.0,Yes,2-Day Shipping,Yes,Yes,21,Credit Card,Every 3 Months,1,1,1,4,Gen Z (18-24),100.0,21.3,At-Risk,1,0,0,112,At-Risk / Dormant
84,36,Male,Dress,Clothing,40,Texas,M,Turquoise,Summer,4.1,Yes,Standard,Yes,Yes,34,Bank Transfer,Weekly,1,1,1,52,Millennial-Late (35-44),100.0,60.69,Champions,1,0,1,2080,Promo Champions
85,52,Male,Coat,Outerwear,32,Arizona,S,Peach,Spring,4.4,Yes,Standard,Yes,Yes,42,Bank Transfer,Every 3 Months,1,1,1,4,Gen X (45-54),100.0,40.19,Potential,1,0,0,128,Growth Potential
86,53,Male,Sunglasses,Accessories,95,New Mexico,M,Charcoal,Winter,4.5,Yes,Next Day Air,Yes,Yes,2,Debit Card,Bi-Weekly,1,1,1,26,Gen X (45-54),100.0,45.88,Loyalists,1,0,1,2470,Promo Loyalists
87,24,Male,Hoodie,Clothing,41,Nevada,L,Pink,Spring,3.7,Yes,2-Day Shipping,Yes,Yes,47,Cash,Bi-Weekly,1,1,1,26,Gen Z (18-24),100.0,58.99,Champions,0,0,0,1066,Promo Champions
88,52,Male,Shoes,Footwear,53,Ohio,M,Green,Fall,3.7,Yes,2-Day Shipping,Yes,Yes,44,Debit Card,Fortnightly,1,1,1,26,Gen X (45-54),100.0,61.79,Champions,0,0,0,1378,Promo Champions
89,33,Male,T-shirt,Clothing,47,Wyoming,M,Orange,Fall,3.5,Yes,Free Shipping,Yes,Yes,35,Credit Card,Monthly,1,1,1,12,Millennial-Early (25-34),100.0,44.96,Loyalists,0,0,0,564,Promo Loyalists
90,47,Male,Jacket,Outerwear,83,California,XL,Pink,Fall,3.6,Yes,Next Day Air,Yes,Yes,15,Cash,Quarterly,1,1,1,4,Gen X (45-54),100.0,40.46,Potential,0,0,0,332,Growth Potential
91,25,Male,Hat,Accessories,48,South Carolina,L,Violet,Summer,2.9,Yes,Express,Yes,Yes,29,Credit Card,Monthly,1,1,1,12,Millennial-Early (25-34),100.0,40.5,Potential,0,0,0,576,Growth Potential
92,44,Male,Scarf,Accessories,99,South Carolina,S,Green,Winter,4.6,Yes,Standard,Yes,Yes,18,Credit Card,Every 3 Months,1,1,1,4,Millennial-Late (35-44),100.0,49.91,Loyalists,1,0,1,396,Promo Loyalists
93,61,Male,Jacket,Outerwear,87,Texas,M,Olive,Winter,4.4,Yes,2-Day Shipping,Yes,Yes,13,Venmo,Every 3 Months,1,1,1,4,Boomer-Early (55-64),100.0,40.58,Potential,1,0,0,348,Growth Potential
94,37,Male,Sweater,Clothing,62,Florida,M,Purple,Fall,4.5,Yes,Standard,Yes,Yes,46,Credit Card,Weekly,1,1,1,52,Millennial-Late (35-44),100.0,80.11,Champions,1,0,1,3224,Promo Champions
95,58,Male,Skirt,Clothing,76,Nevada,S,Silver,Spring,4.6,Yes,Free Shipping,Yes,Yes,28,Credit Card,Weekly,1,1,1,52,Boomer-Early (55-64),100.0,71.54,Champions,1,0,1,3952,Promo Champions
96,37,Male,Sneakers,Footwear,100,Missouri,L,Pink,Fall,3.8,Yes,Free Shipping,Yes,Yes,48,PayPal,Monthly,1,1,1,12,Millennial-Late (35-44),100.0,78.76,Champions,0,0,0,1200,Promo Champions
97,32,Male,Gloves,Accessories,73,Delaware,S,Gold,Spring,3.8,Yes,Express,Yes,Yes,43,Venmo,Every 3 Months,1,1,1,4,Millennial-Early (25-34),100.0,58.94,Champions,0,0,0,292,Promo Champions
98,21,Male,Shoes,Footwear,92,Virginia,M,Teal,Winter,4.8,Yes,Store Pickup,Yes,Yes,37,Cash,Annually,1,1,1,1,Gen Z (18-24),100.0,60.89,Champions,1,0,1,92,Promo Champions
99,20,Male,Jeans,Clothing,67,New York,XL,Teal,Spring,2.6,Yes,Next Day Air,Yes,Yes,20,Bank Transfer,Annually,1,1,1,1,Gen Z (18-24),100.0,36.07,Potential,0,0,0,67,Growth Potential
100,26,Male,Hoodie,Clothing,40,Missouri,XL,Indigo,Summer,3.7,Yes,Express,Yes,Yes,33,Debit Card,Quarterly,1,1,1,4,Millennial-Early (25-34),100.0,36.34,Potential,0,0,0,160,Growth Potential
101,62,Male,Sunglasses,Accessories,98,South Dakota,M,Maroon,Fall,2.7,Yes,Express,Yes,Yes,31,Cash,Fortnightly,1,1,1,26,Boomer-Early (55-64),100.0,70.87,Champions,0,0,0,2548,Promo Champions
102,27,Male,Coat,Outerwear,85,North Dakota,XL,White,Spring,4.6,Yes,Express,Yes,Yes,50,Credit Card,Bi-Weekly,1,1,1,26,Millennial-Early (25-34),100.0,80.69,Champions,1,0,1,2210,Promo Champions
103,51,Male,Socks,Clothing,67,Oklahoma,L,Violet,Winter,4.8,Yes,Next Day Air,Yes,Yes,35,Credit Card,Quarterly,1,1,1,4,Gen X (45-54),100.0,49.79,Loyalists,1,0,1,268,Promo Loyalists
104,54,Male,Boots,Footwear,89,West Virginia,L,Red,Winter,4.0,Yes,Next Day Air,Yes,Yes,22,Venmo,Bi-Weekly,1,1,1,26,Gen X (45-54),100.0,59.59,Champions,1,0,1,2314,Promo Champions
105,55,Male,Sunglasses,Accessories,24,New Hampshire,L,Pink,Spring,4.4,Yes,2-Day Shipping,Yes,Yes,1,PayPal,Monthly,1,1,1,12,Boomer-Early (55-64),100.0,7.14,At-Risk,1,0,0,288,At-Risk / Dormant
106,69,Male,Backpack,Accessories,96,New York,M,Charcoal,Fall,3.6,Yes,Next Day Air,Yes,Yes,4,Bank Transfer,Annually,1,1,1,1,Boomer+ (65+),100.0,35.7,Potential,0,0,0,96,Growth Potential
107,64,Male,Jacket,Outerwear,35,Minnesota,L,White,Summer,3.7,Yes,Standard,Yes,Yes,31,Credit Card,Monthly,1,1,1,12,Boomer-Early (55-64),100.0,36.44,Potential,0,0,0,420,Growth Potential
108,28,Male,Sneakers,Footwear,67,Maryland,L,Olive,Winter,3.1,Yes,Next Day Air,Yes,Yes,46,PayPal,Fortnightly,1,1,1,26,Millennial-Early (25-34),100.0,69.55,Champions,0,0,0,1742,Promo Champions
109,70,Male,Socks,Clothing,79,Montana,L,Purple,Spring,3.4,Yes,Next Day Air,Yes,Yes,32,Bank Transfer,Bi-Weekly,1,1,1,26,Boomer+ (65+),100.0,63.37,Champions,0,0,0,2054,Promo Champions
110,58,Male,T-shirt,Clothing,85,Alabama,M,Violet,Spring,2.6,Yes,Next Day Air,Yes,Yes,43,Bank Transfer,Fortnightly,1,1,1,26,Boomer-Early (55-64),100.0,74.98,Champions,0,0,0,2210,Promo Champions
111,56,Male,Backpack,Accessories,26,New York,M,Black,Summer,4.0,Yes,Standard,Yes,Yes,26,Venmo,Fortnightly,1,1,1,26,Boomer-Early (55-64),100.0,35.29,Potential,1,0,0,676,Growth Potential
112,26,Male,Belt,Accessories,75,Massachusetts,L,Purple,Summer,5.0,Yes,Free Shipping,Yes,Yes,9,Credit Card,Annually,1,1,1,1,Millennial-Early (25-34),100.0,30.59,At-Risk,1,0,0,75,At-Risk / Dormant
113,37,Male,Gloves,Accessories,65,Florida,M,Red,Spring,4.3,Yes,Free Shipping,Yes,Yes,28,PayPal,Bi-Weekly,1,1,1,26,Millennial-Late (35-44),100.0,53.98,Loyalists,1,0,1,1690,Promo Loyalists
114,44,Male,Hat,Accessories,54,New Jersey,L,Maroon,Winter,3.1,Yes,Next Day Air,Yes,Yes,20,PayPal,Quarterly,1,1,1,4,Millennial-Late (35-44),100.0,31.86,At-Risk,0,0,0,216,At-Risk / Dormant
115,70,Male,Coat,Outerwear,95,Massachusetts,S,Blue,Summer,3.7,Yes,Store Pickup,Yes,Yes,9,Cash,Weekly,1,1,1,52,Boomer+ (65+),100.0,64.34,Champions,0,0,0,4940,Promo Champions
116,53,Male,Skirt,Clothing,94,Wyoming,M,Gray,Spring,3.8,Yes,Standard,Yes,Yes,48,Debit Card,Every 3 Months,1,1,1,4,Gen X (45-54),100.0,72.21,Champions,0,0,0,376,Promo Champions
117,55,Male,Shoes,Footwear,86,Virginia,S,Blue,Spring,3.4,Yes,Free Shipping,Yes,Yes,12,Venmo,Annually,1,1,1,1,Boomer-Early (55-64),100.0,37.85,Potential,0,0,0,86,Growth Potential
118,50,Male,Sandals,Footwear,32,South Dakota,L,Yellow,Summer,4.6,Yes,Express,Yes,Yes,29,Cash,Fortnightly,1,1,1,26,Gen X (45-54),100.0,40.36,Potential,1,0,0,832,Growth Potential
119,50,Male,Sweater,Clothing,45,Kentucky,L,Orange,Fall,4.8,Yes,2-Day Shipping,Yes,Yes,27,Cash,Bi-Weekly,1,1,1,26,Gen X (45-54),100.0,44.42,Potential,1,0,0,1170,Growth Potential
120,38,Male,Coat,Outerwear,76,Wyoming,M,Orange,Fall,4.3,Yes,Express,Yes,Yes,44,Cash,Annually,1,1,1,1,Millennial-Late (35-44),100.0,59.6,Champions,1,0,1,76,Promo Champions
121,64,Male,Hat,Accessories,84,West Virginia,L,Red,Summer,4.0,Yes,Express,Yes,Yes,32,Bank Transfer,Annually,1,1,1,1,Boomer-Early (55-64),100.0,53.31,Loyalists,1,0,1,84,Promo Loyalists
122,19,Male,Shorts,Clothing,72,Virginia,M,Olive,Winter,4.2,Yes,Standard,Yes,Yes,11,Cash,Fortnightly,1,1,1,26,Gen Z (18-24),100.0,43.17,Potential,1,0,0,1872,Growth Potential
123,40,Male,Backpack,Accessories,40,Washington,L,Brown,Spring,4.8,Yes,2-Day Shipping,Yes,Yes,44,Cash,Fortnightly,1,1,1,26,Millennial-Late (35-44),100.0,56.11,Loyalists,1,0,1,1040,Promo Loyalists
124,57,Male,Sweater,Clothing,89,Louisiana,L,Brown,Fall,3.1,Yes,Free Shipping,Yes,Yes,46,Cash,Weekly,1,1,1,52,Boomer-Early (55-64),100.0,91.92,Champions,0,0,0,4628,Promo Champions
125,44,Male,Sweater,Clothing,86,Nevada,M,Gray,Spring,3.1,Yes,Next Day Air,Yes,Yes,50,PayPal,Annually,1,1,1,1,Millennial-Late (35-44),100.0,68.88,Champions,0,0,0,86,Promo Champions
126,49,Male,Shorts,Clothing,54,California,M,Indigo,Winter,3.6,Yes,Next Day Air,Yes,Yes,45,Venmo,Every 3 Months,1,1,1,4,Gen X (45-54),100.0,52.26,Loyalists,0,0,0,216,Promo Loyalists
127,43,Male,Shorts,Clothing,36,Mississippi,L,Pink,Spring,3.9,Yes,Store Pickup,Yes,Yes,48,Cash,Every 3 Months,1,1,1,4,Millennial-Late (35-44),100.0,46.84,Loyalists,0,0,0,144,Promo Loyalists
128,24,Male,Sweater,Clothing,89,Mississippi,M,Gray,Winter,4.8,Yes,Next Day Air,Yes,Yes,26,Credit Card,Weekly,1,1,1,52,Gen Z (18-24),100.0,75.6,Champions,1,0,1,4628,Promo Champions
129,20,Male,Scarf,Accessories,32,California,M,Gold,Spring,4.7,Yes,Standard,Yes,Yes,21,Credit Card,Fortnightly,1,1,1,26,Gen Z (18-24),100.0,33.83,Potential,1,0,0,832,Growth Potential
130,24,Male,Dress,Clothing,67,Pennsylvania,XL,Olive,Summer,4.2,Yes,2-Day Shipping,Yes,Yes,49,PayPal,Bi-Weekly,1,1,1,26,Gen Z (18-24),100.0,72.0,Champions,1,0,1,1742,Promo Champions
131,44,Male,Scarf,Accessories,39,Kentucky,L,Violet,Fall,3.7,Yes,Next Day Air,Yes,Yes,13,PayPal,Fortnightly,1,1,1,26,Millennial-Late (35-44),100.0,30.36,At-Risk,0,0,0,1014,At-Risk / Dormant
132,28,Male,Skirt,Clothing,29,Maine,L,Indigo,Summer,3.9,Yes,Standard,Yes,Yes,46,Credit Card,Weekly,1,1,1,52,Millennial-Early (25-34),100.0,65.67,Champions,0,0,0,1508,Promo Champions
133,30,Male,Backpack,Accessories,58,New Mexico,M,Orange,Fall,4.7,Yes,2-Day Shipping,Yes,Yes,42,PayPal,Weekly,1,1,1,52,Millennial-Early (25-34),100.0,75.09,Champions,1,0,1,3016,Promo Champions
134,52,Male,Sweater,Clothing,65,Montana,M,Violet,Winter,2.5,Yes,Next Day Air,Yes,Yes,25,Venmo,Annually,1,1,1,1,Gen X (45-54),100.0,39.28,Potential,0,0,0,65,Growth Potential
135,43,Male,Hat,Accessories,94,Texas,L,Gray,Fall,4.9,Yes,Store Pickup,Yes,Yes,25,Cash,Monthly,1,1,1,12,Millennial-Late (35-44),100.0,57.36,Loyalists,1,0,1,1128,Promo Loyalists
136,43,Male,Sandals,Footwear,81,Kansas,M,Purple,Fall,4.1,Yes,Express,Yes,Yes,12,PayPal,Quarterly,1,1,1,4,Millennial-Late (35-44),100.0,37.14,Potential,1,0,0,324,Growth Potential
137,39,Male,Blouse,Clothing,86,South Carolina,M,White,Winter,3.3,Yes,Free Shipping,Yes,Yes,4,Debit Card,Quarterly,1,1,1,4,Millennial-Late (35-44),100.0,32.79,At-Risk,0,0,0,344,At-Risk / Dormant
138,68,Male,Sneakers,Footwear,43,Colorado,M,Turquoise,Spring,4.7,Yes,Free Shipping,Yes,Yes,38,PayPal,Weekly,1,1,1,52,Boomer+ (65+),100.0,65.27,Champions,1,0,1,2236,Promo Champions
139,68,Male,Skirt,Clothing,29,Georgia,M,Maroon,Winter,4.4,Yes,Store Pickup,Yes,Yes,42,Bank Transfer,Weekly,1,1,1,52,Boomer+ (65+),100.0,62.41,Champions,1,0,1,1508,Promo Champions
140,49,Male,Coat,Outerwear,95,Florida,M,White,Fall,3.8,Yes,Store Pickup,Yes,Yes,30,Venmo,Annually,1,1,1,1,Gen X (45-54),100.0,56.49,Loyalists,0,0,0,95,Promo Loyalists
141,63,Male,Shirt,Clothing,28,North Carolina,L,Yellow,Fall,3.9,Yes,2-Day Shipping,Yes,Yes,50,Credit Card,Weekly,1,1,1,52,Boomer-Early (55-64),100.0,68.5,Champions,0,0,0,1456,Promo Champions
142,56,Male,Gloves,Accessories,46,Virginia,M,Turquoise,Fall,4.9,Yes,Free Shipping,Yes,Yes,45,PayPal,Weekly,1,1,1,52,Boomer-Early (55-64),100.0,72.29,Champions,1,0,1,2392,Promo Champions
143,37,Male,Jacket,Outerwear,58,Nebraska,L,Violet,Fall,3.1,Yes,Free Shipping,Yes,Yes,33,Credit Card,Fortnightly,1,1,1,26,Millennial-Late (35-44),100.0,55.0,Loyalists,0,0,0,1508,Promo Loyalists
144,30,Male,Coat,Outerwear,48,Missouri,M,Beige,Fall,2.7,Yes,Store Pickup,Yes,Yes,25,PayPal,Quarterly,1,1,1,4,Millennial-Early (25-34),100.0,33.31,Potential,0,0,0,192,Growth Potential
145,19,Male,Shoes,Footwear,43,New Jersey,M,Silver,Fall,3.2,Yes,Express,Yes,Yes,25,Cash,Monthly,1,1,1,12,Gen Z (18-24),100.0,35.05,Potential,0,0,0,516,Growth Potential
146,24,Male,Jewelry,Accessories,95,Missouri,M,Teal,Fall,4.5,Yes,Standard,Yes,Yes,44,Debit Card,Quarterly,1,1,1,4,Gen Z (18-24),100.0,69.39,Champions,1,0,1,380,Promo Champions
147,52,Male,Skirt,Clothing,30,Colorado,S,Black,Fall,4.0,Yes,Standard,Yes,Yes,21,Venmo,Fortnightly,1,1,1,26,Gen X (45-54),100.0,32.96,At-Risk,1,0,0,780,At-Risk / Dormant
148,63,Male,Shoes,Footwear,64,Idaho,M,Purple,Summer,3.5,Yes,2-Day Shipping,Yes,Yes,31,Bank Transfer,Fortnightly,1,1,1,26,Boomer-Early (55-64),100.0,55.99,Loyalists,0,0,0,1664,Promo Loyalists
149,37,Male,Gloves,Accessories,90,Wyoming,M,Gray,Fall,2.6,Yes,Store Pickup,Yes,Yes,47,Debit Card,Annually,1,1,1,1,Millennial-Late (35-44),100.0,68.18,Champions,0,0,0,90,Promo Champions
150,38,Male,Pants,Clothing,76,Delaware,M,White,Summer,3.2,Yes,Free Shipping,Yes,Yes,14,PayPal,Monthly,1,1,1,12,Millennial-Late (35-44),100.0,40.5,Potential,0,0,0,912,Growth Potential
151,35,Male,Boots,Footwear,96,California,L,Cyan,Fall,4.9,Yes,Standard,Yes,Yes,17,Debit Card,Every 3 Months,1,1,1,4,Millennial-Late (35-44),100.0,47.78,Loyalists,1,0,1,384,Promo Loyalists
152,28,Male,Sunglasses,Accessories,47,North Dakota,L,Turquoise,Fall,4.5,Yes,Next Day Air,Yes,Yes,3,Venmo,Annually,1,1,1,1,Millennial-Early (25-34),100.0,13.45,At-Risk,1,0,0,47,At-Risk / Dormant
153,30,Male,Shirt,Clothing,85,South Carolina,S,Brown,Summer,4.3,Yes,Express,Yes,Yes,42,Venmo,Annually,1,1,1,1,Millennial-Early (25-34),100.0,61.91,Champions,1,0,1,85,Promo Champions
154,69,Male,Hoodie,Clothing,55,North Carolina,M,Maroon,Winter,3.2,Yes,Standard,Yes,Yes,22,Debit Card,Annually,1,1,1,1,Boomer+ (65+),100.0,32.46,At-Risk,0,0,0,55,At-Risk / Dormant
155,41,Male,Dress,Clothing,98,Oklahoma,M,Charcoal,Fall,3.6,Yes,Next Day Air,Yes,Yes,21,Venmo,Quarterly,1,1,1,4,Millennial-Late (35-44),100.0,51.92,Loyalists,0,0,0,392,Promo Loyalists
156,63,Male,Socks,Clothing,77,Maine,S,Olive,Spring,4.3,Yes,Free Shipping,Yes,Yes,21,Bank Transfer,Quarterly,1,1,1,4,Boomer-Early (55-64),100.0,42.73,Potential,1,0,0,308,Growth Potential
157,35,Male,Shorts,Clothing,26,Missouri,M,Lavender,Fall,4.0,Yes,Standard,Yes,Yes,40,Debit Card,Annually,1,1,1,1,Millennial-Late (35-44),100.0,34.46,Potential,1,0,0,26,Growth Potential
158,36,Male,Hat,Accessories,68,Vermont,S,Yellow,Fall,3.0,Yes,Next Day Air,Yes,Yes,1,Bank Transfer,Fortnightly,1,1,1,26,Millennial-Late (35-44),100.0,33.25,Potential,0,0,0,1768,Growth Potential
159,25,Male,Shirt,Clothing,73,Connecticut,XL,Teal,Fall,4.1,Yes,Standard,Yes,Yes,50,Bank Transfer,Monthly,1,1,1,12,Millennial-Early (25-34),100.0,68.58,Champions,1,0,1,876,Promo Champions
160,58,Male,Gloves,Accessories,27,New Hampshire,M,Charcoal,Fall,3.8,Yes,Store Pickup,Yes,Yes,39,Bank Transfer,Every 3 Months,1,1,1,4,Boomer-Early (55-64),100.0,35.55,Potential,0,0,0,108,Growth Potential
161,27,Male,Gloves,Accessories,23,Texas,M,Orange,Summer,4.6,Yes,Free Shipping,Yes,Yes,34,Venmo,Monthly,1,1,1,12,Millennial-Early (25-34),100.0,33.64,Potential,1,0,0,276,Growth Potential
162,65,Male,Backpack,Accessories,49,North Dakota,M,Olive,Fall,3.0,Yes,Express,Yes,Yes,29,Venmo,Fortnightly,1,1,1,26,Boomer+ (65+),100.0,47.8,Loyalists,0,0,0,1274,Promo Loyalists
163,54,Male,Sunglasses,Accessories,74,California,M,Turquoise,Summer,3.0,Yes,Store Pickup,Yes,Yes,31,PayPal,Bi-Weekly,1,1,1,26,Gen X (45-54),100.0,60.37,Champions,0,0,0,1924,Promo Champions
164,54,Male,Skirt,Clothing,67,Virginia,M,Purple,Summer,3.4,Yes,Standard,Yes,Yes,8,Debit Card,Weekly,1,1,1,52,Gen X (45-54),100.0,51.28,Loyalists,0,0,0,3484,Promo Loyalists
165,59,Male,Handbag,Accessories,65,Delaware,S,Purple,Spring,2.6,Yes,Free Shipping,Yes,Yes,5,Credit Card,Fortnightly,1,1,1,26,Boomer-Early (55-64),100.0,35.21,Potential,0,0,0,1690,Growth Potential
166,42,Male,Handbag,Accessories,60,Kentucky,S,Yellow,Winter,2.8,Yes,Store Pickup,Yes,Yes,7,Cash,Monthly,1,1,1,12,Millennial-Late (35-44),100.0,27.79,At-Risk,0,0,0,720,At-Risk / Dormant
167,46,Male,Sneakers,Footwear,31,Delaware,XL,Indigo,Fall,4.0,Yes,Store Pickup,Yes,Yes,30,Cash,Monthly,1,1,1,12,Gen X (45-54),100.0,33.88,Potential,1,0,0,372,Growth Potential
168,33,Male,Gloves,Accessories,27,Arkansas,M,Green,Fall,4.0,Yes,Express,Yes,Yes,14,Credit Card,Every 3 Months,1,1,1,4,Millennial-Early (25-34),100.0,15.15,At-Risk,1,0,0,108,At-Risk / Dormant
169,34,Male,Shoes,Footwear,80,Louisiana,M,Magenta,Summer,3.0,Yes,Express,Yes,Yes,5,Cash,Fortnightly,1,1,1,26,Millennial-Early (25-34),100.0,41.77,Potential,0,0,0,2080,Growth Potential
170,27,Male,Jacket,Outerwear,30,Nevada,S,Gold,Summer,3.3,Yes,Standard,Yes,Yes,3,PayPal,Every 3 Months,1,1,1,4,Millennial-Early (25-34),100.0,7.48,At-Risk,0,0,0,120,At-Risk / Dormant
171,52,Male,Shirt,Clothing,25,Wyoming,M,Maroon,Fall,2.6,Yes,Store Pickup,Yes,Yes,46,Venmo,Bi-Weekly,1,1,1,26,Gen X (45-54),100.0,51.18,Loyalists,0,0,0,650,Promo Loyalists
172,29,Male,Shorts,Clothing,35,Virginia,M,Blue,Summer,3.6,Yes,Store Pickup,Yes,Yes,4,Credit Card,Weekly,1,1,1,52,Millennial-Early (25-34),100.0,34.01,Potential,0,0,0,1820,Growth Potential
173,54,Male,Jewelry,Accessories,67,Nebraska,M,Violet,Summer,3.9,Yes,Next Day Air,Yes,Yes,42,Credit Card,Bi-Weekly,1,1,1,26,Gen X (45-54),100.0,66.29,Champions,0,0,0,1742,Promo Champions
174,25,Male,Hat,Accessories,46,Hawaii,M,Turquoise,Fall,3.4,Yes,Standard,Yes,Yes,30,Cash,Annually,1,1,1,1,Millennial-Early (25-34),100.0,35.05,Potential,0,0,0,46,Growth Potential
175,41,Male,Shoes,Footwear,35,Vermont,L,Brown,Winter,3.5,Yes,Express,Yes,Yes,37,Venmo,Annually,1,1,1,1,Millennial-Late (35-44),100.0,35.95,Potential,0,0,0,35,Growth Potential
176,53,Male,Coat,Outerwear,86,Oklahoma,L,Violet,Fall,2.8,Yes,Next Day Air,Yes,Yes,2,Bank Transfer,Annually,1,1,1,1,Gen X (45-54),100.0,29.69,At-Risk,0,0,0,86,At-Risk / Dormant
177,53,Male,Backpack,Accessories,81,New Hampshire,L,Black,Spring,2.7,Yes,Next Day Air,Yes,Yes,30,Credit Card,Quarterly,1,1,1,4,Gen X (45-54),100.0,51.83,Loyalists,0,0,0,324,Promo Loyalists
178,21,Male,Hoodie,Clothing,42,Kansas,L,Magenta,Fall,3.7,Yes,Next Day Air,Yes,Yes,47,Bank Transfer,Monthly,1,1,1,12,Gen Z (18-24),100.0,52.57,Loyalists,0,0,0,504,Promo Loyalists
179,61,Male,Skirt,Clothing,43,Idaho,L,Lavender,Fall,4.3,Yes,2-Day Shipping,Yes,Yes,21,PayPal,Quarterly,1,1,1,4,Boomer-Early (55-64),100.0,27.86,At-Risk,1,0,0,172,At-Risk / Dormant
180,64,Male,Boots,Footwear,31,Illinois,M,Violet,Fall,4.9,Yes,Store Pickup,Yes,Yes,9,Bank Transfer,Fortnightly,1,1,1,26,Boomer-Early (55-64),100.0,23.6,At-Risk,1,0,0,806,At-Risk / Dormant
181,51,Male,Sandals,Footwear,81,South Dakota,L,Green,Fall,3.3,Yes,Store Pickup,Yes,Yes,12,Debit Card,Fortnightly,1,1,1,26,Gen X (45-54),100.0,47.92,Loyalists,0,0,0,2106,Promo Loyalists
182,32,Male,Pants,Clothing,61,Massachusetts,M,Beige,Summer,4.7,Yes,Next Day Air,Yes,Yes,4,Bank Transfer,Weekly,1,1,1,52,Millennial-Early (25-34),100.0,45.39,Loyalists,1,0,1,3172,Promo Loyalists
183,38,Male,Gloves,Accessories,96,Alabama,XL,Purple,Summer,2.8,Yes,Store Pickup,Yes,Yes,10,Debit Card,Annually,1,1,1,1,Millennial-Late (35-44),100.0,40.6,Potential,0,0,0,96,Growth Potential
184,58,Male,Skirt,Clothing,29,Ohio,XL,Beige,Spring,3.6,Yes,2-Day Shipping,Yes,Yes,26,Credit Card,Weekly,1,1,1,52,Boomer-Early (55-64),100.0,49.35,Loyalists,0,0,0,1508,Promo Loyalists
185,32,Male,Sneakers,Footwear,33,Hawaii,L,Cyan,Spring,3.0,Yes,Express,Yes,Yes,40,Cash,Fortnightly,1,1,1,26,Millennial-Early (25-34),100.0,49.78,Loyalists,0,0,0,858,Promo Loyalists
186,46,Male,T-shirt,Clothing,32,Wisconsin,XL,Silver,Summer,4.5,Yes,Store Pickup,Yes,Yes,34,Bank Transfer,Fortnightly,1,1,1,26,Gen X (45-54),100.0,44.44,Potential,1,0,0,832,Growth Potential
187,39,Male,Backpack,Accessories,56,Minnesota,S,Lavender,Summer,2.9,Yes,Standard,Yes,Yes,31,Debit Card,Annually,1,1,1,1,Millennial-Late (35-44),100.0,40.24,Potential,0,0,0,56,Growth Potential
188,19,Male,Shoes,Footwear,94,Georgia,S,Purple,Spring,3.3,Yes,Store Pickup,Yes,Yes,1,Bank Transfer,Bi-Weekly,1,1,1,26,Gen Z (18-24),100.0,44.63,Potential,0,0,0,2444,Growth Potential
189,50,Male,Hoodie,Clothing,53,Arkansas,M,Pink,Spring,3.1,Yes,Express,Yes,Yes,5,Bank Transfer,Bi-Weekly,1,1,1,26,Gen X (45-54),100.0,29.96,At-Risk,0,0,0,1378,At-Risk / Dormant
190,36,Male,Blouse,Clothing,82,West Virginia,M,Maroon,Fall,4.4,Yes,Next Day Air,Yes,Yes,4,Credit Card,Weekly,1,1,1,52,Millennial-Late (35-44),100.0,54.57,Loyalists,1,0,1,4264,Promo Loyalists
191,65,Male,Coat,Outerwear,70,Indiana,XL,Beige,Fall,3.0,Yes,Free Shipping,Yes,Yes,48,Venmo,Quarterly,1,1,1,4,Boomer+ (65+),100.0,61.71,Champions,0,0,0,280,Promo Champions
192,64,Male,Hat,Accessories,76,Utah,M,Gray,Fall,3.9,Yes,Free Shipping,Yes,Yes,29,Cash,Every 3 Months,1,1,1,4,Boomer-Early (55-64),100.0,48.83,Loyalists,0,0,0,304,Promo Loyalists
193,46,Male,Shoes,Footwear,29,Nebraska,L,Turquoise,Summer,2.9,Yes,Express,Yes,Yes,12,PayPal,Bi-Weekly,1,1,1,26,Gen X (45-54),100.0,25.17,At-Risk,0,0,0,754,At-Risk / Dormant
194,36,Male,Belt,Accessories,100,North Dakota,S,Silver,Fall,3.0,Yes,Standard,Yes,Yes,29,Venmo,Annually,1,1,1,1,Millennial-Late (35-44),100.0,57.86,Champions,0,0,0,100,Promo Champions
195,51,Male,Backpack,Accessories,94,Missouri,M,Olive,Spring,3.1,Yes,Express,Yes,Yes,15,Debit Card,Quarterly,1,1,1,4,Gen X (45-54),100.0,45.27,Loyalists,0,0,0,376,Promo Loyalists
196,51,Male,Jacket,Outerwear,25,New York,M,Magenta,Fall,4.3,Yes,Free Shipping,Yes,Yes,34,Credit Card,Monthly,1,1,1,12,Gen X (45-54),100.0,34.52,Potential,1,0,0,300,Growth Potential
197,38,Male,Boots,Footwear,88,Washington,M,Lavender,Summer,3.9,Yes,Next Day Air,Yes,Yes,41,Credit Card,Fortnightly,1,1,1,26,Millennial-Late (35-44),100.0,74.66,Champions,0,0,0,2288,Promo Champions
198,59,Male,Scarf,Accessories,78,South Carolina,M,Black,Fall,3.2,Yes,2-Day Shipping,Yes,Yes,41,Credit Card,Monthly,1,1,1,12,Boomer-Early (55-64),100.0,63.42,Champions,0,0,0,936,Promo Champions
199,57,Male,Jewelry,Accessories,45,Utah,M,Turquoise,Winter,4.8,Yes,Standard,Yes,Yes,39,Credit Card,Fortnightly,1,1,1,26,Boomer-Early (55-64),100.0,54.21,Loyalists,1,0,1,1170,Promo Loyalists
200,54,Male,Hat,Accessories,73,Idaho,XL,Green,Summer,3.8,Yes,Express,Yes,Yes,32,Cash,Weekly,1,1,1,52,Gen X (45-54),100.0,73.49,Champions,0,0,0,3796,Promo Champions
201,25,Male,Dress,Clothing,61,Pennsylvania,S,Teal,Summer,3.3,Yes,Next Day Air,Yes,Yes,29,Venmo,Monthly,1,1,1,12,Millennial-Early (25-34),100.0,46.19,Loyalists,0,0,0,732,Promo Loyalists
202,69,Male,Blouse,Clothing,22,Missouri,S,Beige,Fall,4.3,Yes,Free Shipping,Yes,Yes,15,Bank Transfer,Annually,1,1,1,1,Boomer+ (65+),100.0,12.3,At-Risk,1,0,0,22,At-Risk / Dormant
203,57,Male,Hat,Accessories,38,Nebraska,L,Magenta,Spring,2.7,Yes,Express,Yes,Yes,33,Venmo,Annually,1,1,1,1,Boomer-Early (55-64),100.0,34.0,Potential,0,0,0,38,Growth Potential
204,70,Male,Scarf,Accessories,38,Indiana,S,Yellow,Fall,3.2,Yes,Next Day Air,Yes,Yes,18,Bank Transfer,Weekly,1,1,1,52,Boomer+ (65+),100.0,46.75,Loyalists,0,0,0,1976,Promo Loyalists
205,24,Male,Sneakers,Footwear,100,Arizona,M,Yellow,Fall,4.0,Yes,Store Pickup,Yes,Yes,35,Cash,Bi-Weekly,1,1,1,26,Gen Z (18-24),100.0,75.01,Champions,1,0,1,2600,Promo Champions
206,67,Male,Shirt,Clothing,64,Hawaii,M,Silver,Winter,3.0,Yes,Standard,Yes,Yes,25,PayPal,Weekly,1,1,1,52,Boomer+ (65+),100.0,63.84,Champions,0,0,0,3328,Promo Champions
207,24,Male,T-shirt,Clothing,55,Wisconsin,L,Silver,Summer,4.2,Yes,Free Shipping,Yes,Yes,6,Venmo,Fortnightly,1,1,1,26,Gen Z (18-24),100.0,31.65,At-Risk,1,0,0,1430,At-Risk / Dormant
208,62,Male,Gloves,Accessories,91,Rhode Island,M,Silver,Summer,2.9,Yes,Express,Yes,Yes,17,Bank Transfer,Bi-Weekly,1,1,1,26,Boomer-Early (55-64),100.0,56.38,Loyalists,0,0,0,2366,Promo Loyalists
209,57,Male,Skirt,Clothing,38,Wisconsin,M,Gold,Spring,4.1,Yes,Store Pickup,Yes,Yes,17,Credit Card,Monthly,1,1,1,12,Boomer-Early (55-64),100.0,26.33,At-Risk,1,0,0,456,At-Risk / Dormant
210,55,Male,Sandals,Footwear,97,Minnesota,S,Olive,Winter,3.2,Yes,Store Pickup,Yes,Yes,44,Cash,Every 3 Months,1,1,1,4,Boomer-Early (55-64),100.0,70.26,Champions,0,0,0,388,Promo Champions
211,45,Male,Jacket,Outerwear,22,Vermont,L,Teal,Fall,3.0,Yes,2-Day Shipping,Yes,Yes,6,PayPal,Fortnightly,1,1,1,26,Gen X (45-54),100.0,17.21,At-Risk,0,0,0,572,At-Risk / Dormant
212,69,Male,Skirt,Clothing,92,South Dakota,L,Maroon,Fall,4.2,Yes,2-Day Shipping,Yes,Yes,45,Debit Card,Fortnightly,1,1,1,26,Boomer+ (65+),100.0,79.67,Champions,1,0,1,2392,Promo Champions
213,67,Male,Handbag,Accessories,84,Virginia,L,Blue,Fall,4.2,Yes,Express,Yes,Yes,7,Debit Card,Annually,1,1,1,1,Boomer+ (65+),100.0,32.9,At-Risk,1,0,0,84,At-Risk / Dormant
214,30,Male,Handbag,Accessories,93,Nevada,L,Peach,Fall,4.4,Yes,Store Pickup,Yes,Yes,11,Debit Card,Every 3 Months,1,1,1,4,Millennial-Early (25-34),100.0,41.57,Potential,1,0,0,372,Growth Potential
215,24,Male,Jacket,Outerwear,50,Hawaii,L,Blue,Summer,4.2,Yes,Next Day Air,Yes,Yes,41,Cash,Every 3 Months,1,1,1,4,Gen Z (18-24),100.0,47.25,Loyalists,1,0,1,200,Promo Loyalists
216,62,Male,Scarf,Accessories,64,New Jersey,S,Orange,Spring,2.8,Yes,2-Day Shipping,Yes,Yes,24,PayPal,Bi-Weekly,1,1,1,26,Boomer-Early (55-64),100.0,50.28,Loyalists,0,0,0,1664,Promo Loyalists
217,43,Male,Shorts,Clothing,61,Massachusetts,L,Yellow,Spring,3.7,Yes,Free Shipping,Yes,Yes,21,Venmo,Weekly,1,1,1,52,Millennial-Late (35-44),100.0,59.26,Champions,0,0,0,3172,Promo Champions
218,35,Male,Sunglasses,Accessories,48,Oklahoma,M,Purple,Winter,3.5,Yes,Next Day Air,Yes,Yes,24,Bank Transfer,Annually,1,1,1,1,Millennial-Late (35-44),100.0,31.03,At-Risk,0,0,0,48,At-Risk / Dormant
219,28,Male,T-shirt,Clothing,45,California,S,Magenta,Spring,2.9,Yes,Store Pickup,Yes,Yes,8,Credit Card,Quarterly,1,1,1,4,Millennial-Early (25-34),100.0,18.12,At-Risk,0,0,0,180,At-Risk / Dormant
220,32,Male,Belt,Accessories,88,Nevada,M,Cyan,Spring,3.0,Yes,Free Shipping,Yes,Yes,12,Cash,Fortnightly,1,1,1,26,Millennial-Early (25-34),100.0,50.98,Loyalists,0,0,0,2288,Promo Loyalists
221,39,Male,Sneakers,Footwear,57,Arizona,S,Indigo,Spring,3.7,Yes,Express,Yes,Yes,48,Debit Card,Fortnightly,1,1,1,26,Millennial-Late (35-44),100.0,66.81,Champions,0,0,0,1482,Promo Champions
222,28,Male,Hat,Accessories,68,North Carolina,XL,Magenta,Summer,4.4,Yes,Store Pickup,Yes,Yes,6,Bank Transfer,Quarterly,1,1,1,4,Millennial-Early (25-34),100.0,26.55,At-Risk,1,0,0,272,At-Risk / Dormant
223,47,Male,Gloves,Accessories,94,New York,XL,Gray,Spring,4.5,Yes,2-Day Shipping,Yes,Yes,14,PayPal,Fortnightly,1,1,1,26,Gen X (45-54),100.0,55.24,Loyalists,1,0,1,2444,Promo Loyalists
224,20,Male,Pants,Clothing,41,Wyoming,M,Turquoise,Spring,4.8,Yes,Free Shipping,Yes,Yes,34,PayPal,Annually,1,1,1,1,Gen Z (18-24),100.0,36.13,Potential,1,0,0,41,Growth Potential
225,63,Male,Socks,Clothing,83,South Dakota,S,Beige,Summer,2.9,Yes,Free Shipping,Yes,Yes,12,Cash,Every 3 Months,1,1,1,4,Boomer-Early (55-64),100.0,38.01,Potential,0,0,0,332,Growth Potential
226,25,Male,Jacket,Outerwear,22,Arkansas,M,Olive,Spring,3.2,Yes,Next Day Air,Yes,Yes,11,Bank Transfer,Annually,1,1,1,1,Millennial-Early (25-34),100.0,9.04,At-Risk,0,0,0,22,At-Risk / Dormant
227,29,Male,Shoes,Footwear,74,Texas,L,Violet,Spring,3.3,Yes,Free Shipping,Yes,Yes,5,PayPal,Monthly,1,1,1,12,Millennial-Early (25-34),100.0,32.28,At-Risk,0,0,0,888,At-Risk / Dormant
228,50,Male,Jeans,Clothing,90,Rhode Island,M,Turquoise,Winter,4.2,Yes,Standard,Yes,Yes,25,Venmo,Fortnightly,1,1,1,26,Gen X (45-54),100.0,62.47,Champions,1,0,1,2340,Promo Champions
229,18,Male,Socks,Clothing,79,New Hampshire,M,White,Spring,2.9,Yes,Store Pickup,Yes,Yes,11,Credit Card,Annually,1,1,1,1,Gen Z (18-24),100.0,33.98,Potential,0,0,0,79,Growth Potential
230,70,Male,Sandals,Footwear,28,Ohio,S,Silver,Spring,4.6,Yes,Next Day Air,Yes,Yes,27,PayPal,Every 3 Months,1,1,1,4,Boomer+ (65+),100.0,26.2,At-Risk,1,0,0,112,At-Risk / Dormant
231,66,Male,Scarf,Accessories,88,Utah,L,Olive,Fall,4.1,Yes,Standard,Yes,Yes,43,Credit Card,Annually,1,1,1,1,Boomer+ (65+),100.0,64.04,Champions,1,0,1,88,Promo Champions
232,28,Male,Blouse,Clothing,26,Tennessee,M,Blue,Spring,3.1,Yes,2-Day Shipping,Yes,Yes,18,Debit Card,Every 3 Months,1,1,1,4,Millennial-Early (25-34),100.0,17.97,At-Risk,0,0,0,104,At-Risk / Dormant
233,54,Male,Jewelry,Accessories,27,Hawaii,L,Purple,Winter,4.2,Yes,Express,Yes,Yes,32,Bank Transfer,Bi-Weekly,1,1,1,26,Gen X (45-54),100.0,40.62,Potential,1,0,0,702,Growth Potential
234,19,Male,Sweater,Clothing,83,Arizona,XL,Yellow,Fall,4.5,Yes,Next Day Air,Yes,Yes,27,Bank Transfer,Every 3 Months,1,1,1,4,Gen Z (18-24),100.0,50.26,Loyalists,1,0,1,332,Promo Loyalists
235,20,Male,Gloves,Accessories,39,South Dakota,S,Silver,Summer,3.7,Yes,Next Day Air,Yes,Yes,24,Credit Card,Weekly,1,1,1,52,Gen Z (18-24),100.0,52.09,Loyalists,0,0,0,2028,Promo Loyalists
236,43,Male,Sunglasses,Accessories,89,New Jersey,M,Cyan,Winter,3.7,Yes,Free Shipping,Yes,Yes,31,Debit Card,Quarterly,1,1,1,4,Millennial-Late (35-44),100.0,56.15,Loyalists,0,0,0,356,Promo Loyalists
237,38,Male,Coat,Outerwear,68,North Dakota,L,Green,Winter,3.4,Yes,Next Day Air,Yes,Yes,39,PayPal,Fortnightly,1,1,1,26,Millennial-Late (35-44),100.0,64.28,Champions,0,0,0,1768,Promo Champions
238,50,Male,Dress,Clothing,90,Iowa,M,Beige,Summer,3.0,Yes,Store Pickup,Yes,Yes,36,Debit Card,Fortnightly,1,1,1,26,Gen X (45-54),100.0,71.45,Champions,0,0,0,2340,Promo Champions
239,64,Male,Skirt,Clothing,34,Ohio,M,Peach,Fall,4.2,Yes,Free Shipping,Yes,Yes,5,Cash,Annually,1,1,1,1,Boomer-Early (55-64),100.0,9.39,At-Risk,1,0,0,34,At-Risk / Dormant
240,49,Male,Pants,Clothing,51,Vermont,L,Yellow,Summer,2.9,Yes,Express,Yes,Yes,47,Credit Card,Bi-Weekly,1,1,1,26,Gen X (45-54),100.0,63.37,Champions,0,0,0,1326,Promo Champions
241,47,Male,Sweater,Clothing,45,Montana,XL,Turquoise,Winter,3.5,Yes,Free Shipping,Yes,Yes,29,Bank Transfer,Fortnightly,1,1,1,26,Gen X (45-54),100.0,46.05,Loyalists,0,0,0,1170,Promo Loyalists
242,36,Male,Hoodie,Clothing,88,Delaware,M,Peach,Winter,4.1,Yes,Free Shipping,Yes,Yes,43,Venmo,Bi-Weekly,1,1,1,26,Millennial-Late (35-44),100.0,76.29,Champions,1,0,1,2288,Promo Champions
243,55,Male,Coat,Outerwear,85,New York,L,Gray,Summer,4.3,Yes,Store Pickup,Yes,Yes,40,Debit Card,Every 3 Months,1,1,1,4,Boomer-Early (55-64),100.0,61.74,Champions,1,0,1,340,Promo Champions
244,25,Male,Jewelry,Accessories,100,Kentucky,M,Olive,Winter,2.8,Yes,2-Day Shipping,Yes,Yes,4,Debit Card,Monthly,1,1,1,12,Millennial-Early (25-34),100.0,42.84,Potential,0,0,0,1200,Growth Potential
245,53,Male,Belt,Accessories,42,Oregon,S,Indigo,Spring,4.9,Yes,2-Day Shipping,Yes,Yes,39,PayPal,Weekly,1,1,1,52,Gen X (45-54),100.0,65.65,Champions,1,0,1,2184,Promo Champions
246,49,Male,Sandals,Footwear,53,Rhode Island,L,Charcoal,Summer,3.3,Yes,Next Day Air,Yes,Yes,45,Venmo,Fortnightly,1,1,1,26,Gen X (45-54),100.0,62.61,Champions,0,0,0,1378,Promo Champions
247,35,Male,Sunglasses,Accessories,86,Nevada,XL,Beige,Spring,3.2,Yes,Express,Yes,Yes,20,Venmo,Bi-Weekly,1,1,1,26,Millennial-Late (35-44),100.0,56.64,Loyalists,0,0,0,2236,Promo Loyalists
248,29,Male,Sweater,Clothing,66,Montana,XL,Brown,Spring,4.4,Yes,Standard,Yes,Yes,14,Debit Card,Weekly,1,1,1,52,Millennial-Early (25-34),100.0,55.74,Loyalists,1,0,1,3432,Promo Loyalists
249,47,Male,Belt,Accessories,100,Pennsylvania,M,Blue,Winter,4.8,Yes,Express,Yes,Yes,33,PayPal,Weekly,1,1,1,52,Gen X (45-54),100.0,86.12,Champions,1,0,1,5200,Promo Champions
250,53,Male,Handbag,Accessories,47,Alaska,S,Teal,Fall,4.2,Yes,Standard,Yes,Yes,18,Credit Card,Annually,1,1,1,1,Gen X (45-54),100.0,25.69,At-Risk,1,0,0,47,At-Risk / Dormant
251,33,Male,Skirt,Clothing,25,Mississippi,L,Black,Fall,4.0,Yes,Express,Yes,Yes,9,Bank Transfer,Weekly,1,1,1,52,Millennial-Early (25-34),100.0,33.72,Potential,1,0,0,1300,Growth Potential
252,21,Male,Handbag,Accessories,51,Wyoming,XL,Gold,Winter,2.5,Yes,Standard,Yes,Yes,34,PayPal,Annually,1,1,1,1,Gen Z (18-24),100.0,40.5,Potential,0,0,0,51,Growth Potential
253,32,Male,Shorts,Clothing,41,Delaware,M,Violet,Summer,3.9,Yes,Free Shipping,Yes,Yes,33,Venmo,Fortnightly,1,1,1,26,Millennial-Early (25-34),100.0,47.56,Loyalists,0,0,0,1066,Promo Loyalists
254,52,Male,Boots,Footwear,73,Oklahoma,L,Cyan,Winter,4.9,Yes,2-Day Shipping,Yes,Yes,15,Bank Transfer,Bi-Weekly,1,1,1,26,Gen X (45-54),100.0,46.87,Loyalists,1,0,1,1898,Promo Loyalists
255,67,Male,Sunglasses,Accessories,42,Indiana,M,White,Winter,3.5,Yes,Store Pickup,Yes,Yes,4,PayPal,Bi-Weekly,1,1,1,26,Boomer+ (65+),100.0,24.33,At-Risk,0,0,0,1092,At-Risk / Dormant
256,43,Male,Scarf,Accessories,20,Maryland,M,Charcoal,Spring,4.2,Yes,Free Shipping,Yes,Yes,25,Debit Card,Annually,1,1,1,1,Millennial-Late (35-44),100.0,19.59,At-Risk,1,0,0,20,At-Risk / Dormant
257,58,Male,Jewelry,Accessories,30,South Dakota,XL,Violet,Spring,4.7,Yes,Express,Yes,Yes,20,Credit Card,Every 3 Months,1,1,1,4,Boomer-Early (55-64),100.0,21.36,At-Risk,1,0,0,120,At-Risk / Dormant
258,20,Male,Handbag,Accessories,53,West Virginia,M,Red,Summer,4.5,Yes,Express,Yes,Yes,5,Credit Card,Quarterly,1,1,1,4,Gen Z (18-24),100.0,19.17,At-Risk,1,0,0,212,At-Risk / Dormant
259,61,Male,Gloves,Accessories,74,Alabama,S,Lavender,Spring,2.8,Yes,Express,Yes,Yes,16,Cash,Quarterly,1,1,1,4,Boomer-Early (55-64),100.0,37.34,Potential,0,0,0,296,Growth Potential
260,32,Male,Jeans,Clothing,57,Louisiana,M,Gold,Fall,2.9,Yes,Standard,Yes,Yes,13,Debit Card,Annually,1,1,1,1,Millennial-Early (25-34),100.0,25.98,At-Risk,0,0,0,57,At-Risk / Dormant
261,38,Male,Hat,Accessories,57,Montana,S,Red,Winter,3.2,Yes,2-Day Shipping,Yes,Yes,11,Credit Card,Every 3 Months,1,1,1,4,Millennial-Late (35-44),100.0,25.82,At-Risk,0,0,0,228,At-Risk / Dormant
262,21,Male,Jeans,Clothing,77,California,L,Magenta,Winter,4.9,Yes,Standard,Yes,Yes,21,Credit Card,Annually,1,1,1,1,Gen Z (18-24),100.0,41.26,Potential,1,0,0,77,Growth Potential
263,37,Male,Pants,Clothing,40,Hawaii,M,Teal,Summer,3.8,Yes,Next Day Air,Yes,Yes,6,Debit Card,Annually,1,1,1,1,Millennial-Late (35-44),100.0,12.83,At-Risk,0,0,0,40,At-Risk / Dormant
264,27,Male,Shorts,Clothing,46,Iowa,M,Purple,Summer,4.3,Yes,Store Pickup,Yes,Yes,29,Venmo,Monthly,1,1,1,12,Millennial-Early (25-34),100.0,39.62,Potential,1,0,0,552,Growth Potential
265,36,Male,Pants,Clothing,78,Colorado,S,Charcoal,Fall,3.9,Yes,Store Pickup,Yes,Yes,15,Cash,Annually,1,1,1,1,Millennial-Late (35-44),100.0,36.8,Potential,0,0,0,78,Growth Potential
266,32,Male,Backpack,Accessories,59,Michigan,M,Gray,Spring,3.2,Yes,2-Day Shipping,Yes,Yes,17,Bank Transfer,Bi-Weekly,1,1,1,26,Millennial-Early (25-34),100.0,42.38,Potential,0,0,0,1534,Growth Potential
267,51,Male,Jewelry,Accessories,75,Louisiana,L,White,Summer,3.1,Yes,Express,Yes,Yes,32,Credit Card,Weekly,1,1,1,52,Gen X (45-54),100.0,74.37,Champions,0,0,0,3900,Promo Champions
268,64,Male,Sweater,Clothing,54,Maryland,M,Olive,Spring,3.9,Yes,2-Day Shipping,Yes,Yes,42,Venmo,Annually,1,1,1,1,Boomer-Early (55-64),100.0,48.34,Loyalists,0,0,0,54,Promo Loyalists
269,68,Male,Shoes,Footwear,42,Georgia,M,Charcoal,Spring,2.6,Yes,Store Pickup,Yes,Yes,21,Cash,Monthly,1,1,1,12,Boomer+ (65+),100.0,31.34,At-Risk,0,0,0,504,At-Risk / Dormant
270,68,Male,Blouse,Clothing,44,Georgia,M,Charcoal,Winter,3.3,Yes,Next Day Air,Yes,Yes,9,Cash,Bi-Weekly,1,1,1,26,Boomer+ (65+),100.0,29.29,At-Risk,0,0,0,1144,At-Risk / Dormant
271,33,Male,Jeans,Clothing,52,North Dakota,XL,Orange,Fall,4.6,Yes,Free Shipping,Yes,Yes,16,Bank Transfer,Annually,1,1,1,1,Millennial-Early (25-34),100.0,26.24,At-Risk,1,0,0,52,At-Risk / Dormant
272,65,Male,Sunglasses,Accessories,69,Maryland,XL,Yellow,Summer,4.6,Yes,Express,Yes,Yes,42,Credit Card,Fortnightly,1,1,1,26,Boomer+ (65+),100.0,67.16,Champions,1,0,1,1794,Promo Champions
273,48,Male,Jewelry,Accessories,26,Oregon,M,Beige,Summer,4.4,Yes,2-Day Shipping,Yes,Yes,37,Debit Card,Bi-Weekly,1,1,1,26,Gen X (45-54),100.0,44.27,Potential,1,0,0,676,Growth Potential
274,69,Male,Coat,Outerwear,33,North Dakota,S,Silver,Spring,4.2,Yes,Express,Yes,Yes,32,Debit Card,Quarterly,1,1,1,4,Boomer+ (65+),100.0,32.46,At-Risk,1,0,0,132,At-Risk / Dormant
275,59,Male,Jewelry,Accessories,32,Maryland,M,Indigo,Spring,3.0,Yes,Express,Yes,Yes,28,Cash,Bi-Weekly,1,1,1,26,Boomer-Early (55-64),100.0,39.55,Potential,0,0,0,832,Growth Potential
276,48,Male,Backpack,Accessories,85,Virginia,XL,Lavender,Winter,4.0,Yes,Express,Yes,Yes,13,Credit Card,Weekly,1,1,1,52,Gen X (45-54),100.0,63.23,Champions,1,0,1,4420,Promo Champions
277,25,Male,Skirt,Clothing,30,South Dakota,XL,Turquoise,Fall,3.5,Yes,Express,Yes,Yes,11,Bank Transfer,Fortnightly,1,1,1,26,Millennial-Early (25-34),100.0,24.79,At-Risk,0,0,0,780,At-Risk / Dormant
278,29,Male,Shirt,Clothing,29,Georgia,M,Green,Winter,3.0,Yes,Store Pickup,Yes,Yes,36,Bank Transfer,Bi-Weekly,1,1,1,26,Millennial-Early (25-34),100.0,44.76,Loyalists,0,0,0,754,Promo Loyalists
279,57,Male,Sweater,Clothing,95,Hawaii,M,Orange,Spring,3.7,Yes,Express,Yes,Yes,23,Debit Card,Annually,1,1,1,1,Boomer-Early (55-64),100.0,50.77,Loyalists,0,0,0,95,Promo Loyalists
280,23,Male,Sneakers,Footwear,69,Arkansas,L,Turquoise,Summer,4.0,Yes,Standard,Yes,Yes,37,Bank Transfer,Monthly,1,1,1,12,Gen Z (18-24),100.0,56.22,Loyalists,1,0,1,828,Promo Loyalists
281,45,Male,Sandals,Footwear,69,Montana,S,Cyan,Fall,4.2,Yes,2-Day Shipping,Yes,Yes,21,Cash,Bi-Weekly,1,1,1,26,Gen X (45-54),100.0,50.02,Loyalists,1,0,1,1794,Promo Loyalists
282,38,Male,Belt,Accessories,61,Oklahoma,XL,Charcoal,Spring,2.5,Yes,Standard,Yes,Yes,22,Debit Card,Bi-Weekly,1,1,1,26,Millennial-Late (35-44),100.0,47.34,Loyalists,0,0,0,1586,Promo Loyalists
283,21,Male,Skirt,Clothing,94,Minnesota,M,Teal,Summer,3.0,Yes,2-Day Shipping,Yes,Yes,9,Cash,Monthly,1,1,1,12,Gen Z (18-24),100.0,44.3,Potential,0,0,0,1128,Growth Potential
284,32,Male,Sweater,Clothing,30,Montana,S,Maroon,Fall,3.2,Yes,Next Day Air,Yes,Yes,16,Venmo,Annually,1,1,1,1,Millennial-Early (25-34),100.0,16.62,At-Risk,0,0,0,30,At-Risk / Dormant
285,63,Male,Skirt,Clothing,45,Ohio,M,Red,Summer,3.5,Yes,Standard,Yes,Yes,4,PayPal,Quarterly,1,1,1,4,Boomer-Early (55-64),100.0,14.86,At-Risk,0,0,0,180,At-Risk / Dormant
286,29,Male,Handbag,Accessories,39,Kentucky,XL,Yellow,Summer,4.8,Yes,Express,Yes,Yes,3,Debit Card,Bi-Weekly,1,1,1,26,Millennial-Early (25-34),100.0,22.2,At-Risk,1,0,0,1014,At-Risk / Dormant
287,27,Male,Jewelry,Accessories,51,Nebraska,L,Gray,Summer,2.6,Yes,Store Pickup,Yes,Yes,6,Debit Card,Annually,1,1,1,1,Millennial-Early (25-34),100.0,17.64,At-Risk,0,0,0,51,At-Risk / Dormant
288,56,Male,Scarf,Accessories,37,Delaware,L,Blue,Spring,3.4,Yes,2-Day Shipping,Yes,Yes,18,Venmo,Fortnightly,1,1,1,26,Boomer-Early (55-64),100.0,33.57,Potential,0,0,0,962,Growth Potential
289,30,Male,T-shirt,Clothing,62,North Carolina,M,Lavender,Winter,3.7,Yes,2-Day Shipping,Yes,Yes,34,Venmo,Bi-Weekly,1,1,1,26,Millennial-Early (25-34),100.0,57.57,Loyalists,0,0,0,1612,Promo Loyalists
290,49,Male,Coat,Outerwear,85,New York,M,Yellow,Fall,4.5,Yes,2-Day Shipping,Yes,Yes,26,Credit Card,Monthly,1,1,1,12,Gen X (45-54),100.0,54.24,Loyalists,1,0,1,1020,Promo Loyalists
291,58,Male,T-shirt,Clothing,33,Colorado,M,Indigo,Winter,3.7,Yes,Standard,Yes,Yes,50,PayPal,Weekly,1,1,1,52,Boomer-Early (55-64),100.0,70.69,Champions,0,0,0,1716,Promo Champions
292,57,Male,Dress,Clothing,26,Delaware,XL,Violet,Fall,3.3,Yes,Next Day Air,Yes,Yes,40,Bank Transfer,Monthly,1,1,1,12,Boomer-Early (55-64),100.0,39.85,Potential,0,0,0,312,Growth Potential
293,60,Male,Shoes,Footwear,99,Utah,M,Green,Spring,4.7,Yes,Free Shipping,Yes,Yes,24,Cash,Quarterly,1,1,1,4,Boomer-Early (55-64),100.0,54.81,Loyalists,1,0,1,396,Promo Loyalists
294,69,Male,Handbag,Accessories,39,Connecticut,M,White,Spring,2.7,Yes,Express,Yes,Yes,33,PayPal,Annually,1,1,1,1,Boomer+ (65+),100.0,34.43,Potential,0,0,0,39,Growth Potential
295,70,Male,Skirt,Clothing,20,New Jersey,M,Gold,Spring,4.6,Yes,Store Pickup,Yes,Yes,19,Credit Card,Every 3 Months,1,1,1,4,Boomer+ (65+),100.0,16.16,At-Risk,1,0,0,80,At-Risk / Dormant
296,53,Male,Sunglasses,Accessories,42,West Virginia,M,Indigo,Winter,2.7,Yes,Store Pickup,Yes,Yes,24,Credit Card,Quarterly,1,1,1,4,Gen X (45-54),100.0,29.87,At-Risk,0,0,0,168,At-Risk / Dormant
297,25,Male,Sandals,Footwear,74,Indiana,S,Lavender,Spring,4.8,Yes,2-Day Shipping,Yes,Yes,19,Credit Card,Weekly,1,1,1,52,Millennial-Early (25-34),100.0,63.32,Champions,1,0,1,3848,Promo Champions
298,48,Male,Shoes,Footwear,26,Delaware,XL,Purple,Summer,4.4,Yes,Standard,Yes,Yes,4,Credit Card,Bi-Weekly,1,1,1,26,Gen X (45-54),100.0,17.33,At-Risk,1,0,0,676,At-Risk / Dormant
299,69,Male,T-shirt,Clothing,53,Maryland,M,Lavender,Winter,4.0,Yes,Standard,Yes,Yes,11,Venmo,Every 3 Months,1,1,1,4,Boomer+ (65+),100.0,24.07,At-Risk,1,0,0,212,At-Risk / Dormant
300,25,Male,Sneakers,Footwear,80,Pennsylvania,M,Maroon,Summer,3.2,Yes,Next Day Air,Yes,Yes,28,PayPal,Fortnightly,1,1,1,26,Millennial-Early (25-34),100.0,60.55,Champions,0,0,0,2080,Promo Champions
301,29,Male,Hat,Accessories,98,Iowa,M,Teal,Spring,4.4,Yes,Store Pickup,Yes,Yes,24,PayPal,Weekly,1,1,1,52,Millennial-Early (25-34),100.0,77.9,Champions,1,0,1,5096,Promo Champions
302,46,Male,Skirt,Clothing,95,Pennsylvania,M,Green,Spring,3.8,Yes,Standard,Yes,Yes,25,Credit Card,Every 3 Months,1,1,1,4,Gen X (45-54),100.0,53.87,Loyalists,0,0,0,380,Promo Loyalists
303,37,Male,Sweater,Clothing,44,Delaware,L,Olive,Summer,3.6,Yes,Express,Yes,Yes,27,Bank Transfer,Every 3 Months,1,1,1,4,Millennial-Late (35-44),100.0,33.2,Potential,0,0,0,176,Growth Potential
304,20,Male,Sandals,Footwear,60,Oregon,M,Turquoise,Summer,3.3,Yes,Next Day Air,Yes,Yes,49,Venmo,Weekly,1,1,1,52,Gen Z (18-24),100.0,81.68,Champions,0,0,0,3120,Promo Champions
305,40,Male,Dress,Clothing,84,Oregon,M,Green,Winter,3.4,Yes,Next Day Air,Yes,Yes,45,Credit Card,Bi-Weekly,1,1,1,26,Millennial-Late (35-44),100.0,76.17,Champions,0,0,0,2184,Promo Champions
306,60,Male,Sweater,Clothing,59,Utah,M,Teal,Fall,3.5,Yes,2-Day Shipping,Yes,Yes,26,PayPal,Annually,1,1,1,1,Boomer-Early (55-64),100.0,37.47,Potential,0,0,0,59,Growth Potential
307,26,Male,Jacket,Outerwear,49,North Dakota,S,White,Summer,3.6,Yes,Express,Yes,Yes,4,Cash,Annually,1,1,1,1,Millennial-Early (25-34),100.0,15.14,At-Risk,0,0,0,49,At-Risk / Dormant
308,29,Male,Gloves,Accessories,32,Florida,M,Orange,Winter,3.2,Yes,Free Shipping,Yes,Yes,3,Credit Card,Every 3 Months,1,1,1,4,Millennial-Early (25-34),100.0,8.35,At-Risk,0,0,0,128,At-Risk / Dormant
309,66,Male,Handbag,Accessories,29,Maryland,M,Beige,Fall,3.7,Yes,Standard,Yes,Yes,45,Venmo,Bi-Weekly,1,1,1,26,Boomer+ (65+),100.0,52.11,Loyalists,0,0,0,754,Promo Loyalists
310,66,Male,Dress,Clothing,22,Minnesota,M,Yellow,Spring,4.5,Yes,Standard,Yes,Yes,21,Cash,Fortnightly,1,1,1,26,Boomer+ (65+),100.0,29.46,At-Risk,1,0,0,572,At-Risk / Dormant
311,56,Male,Pants,Clothing,85,Montana,M,Charcoal,Winter,4.6,Yes,Standard,Yes,Yes,50,Cash,Fortnightly,1,1,1,26,Boomer-Early (55-64),100.0,80.69,Champions,1,0,1,2210,Promo Champions
312,69,Male,Jeans,Clothing,52,Rhode Island,L,Silver,Winter,4.1,Yes,Store Pickup,Yes,Yes,19,Bank Transfer,Monthly,1,1,1,12,Boomer+ (65+),100.0,34.09,Potential,1,0,0,624,Growth Potential
313,38,Male,Pants,Clothing,89,Massachusetts,L,Green,Spring,3.4,Yes,Next Day Air,Yes,Yes,6,PayPal,Annually,1,1,1,1,Millennial-Late (35-44),100.0,34.27,Potential,0,0,0,89,Growth Potential
314,42,Male,Dress,Clothing,77,Vermont,M,Pink,Spring,3.7,Yes,Express,Yes,Yes,50,Credit Card,Every 3 Months,1,1,1,4,Millennial-Late (35-44),100.0,66.41,Champions,0,0,0,308,Promo Champions
315,30,Male,Pants,Clothing,24,New Jersey,M,Purple,Summer,3.3,Yes,Store Pickup,Yes,Yes,17,Debit Card,Every 3 Months,1,1,1,4,Millennial-Early (25-34),100.0,16.28,At-Risk,0,0,0,96,At-Risk / Dormant
316,66,Male,Jewelry,Accessories,24,Wisconsin,XL,Orange,Spring,4.5,Yes,Express,Yes,Yes,24,Debit Card,Annually,1,1,1,1,Boomer+ (65+),100.0,20.53,At-Risk,1,0,0,24,At-Risk / Dormant
317,36,Male,Handbag,Accessories,22,California,M,Charcoal,Fall,3.3,Yes,Free Shipping,Yes,Yes,46,Venmo,Monthly,1,1,1,12,Millennial-Late (35-44),100.0,43.0,Potential,0,0,0,264,Growth Potential
318,58,Male,Sweater,Clothing,82,West Virginia,L,Teal,Fall,4.3,Yes,Standard,Yes,Yes,42,Cash,Every 3 Months,1,1,1,4,Boomer-Early (55-64),100.0,62.06,Champions,1,0,1,328,Promo Champions
319,45,Male,Backpack,Accessories,67,South Dakota,M,Beige,Winter,2.5,Yes,Standard,Yes,Yes,10,Cash,Annually,1,1,1,1,Gen X (45-54),100.0,27.91,At-Risk,0,0,0,67,At-Risk / Dormant
320,47,Male,Shorts,Clothing,74,Maine,XL,White,Spring,2.6,Yes,Standard,Yes,Yes,1,Cash,Every 3 Months,1,1,1,4,Gen X (45-54),100.0,25.1,At-Risk,0,0,0,296,At-Risk / Dormant
321,66,Male,Jewelry,Accessories,72,Kansas,L,White,Summer,4.9,Yes,Standard,Yes,Yes,28,Debit Card,Quarterly,1,1,1,4,Boomer+ (65+),100.0,46.26,Loyalists,1,0,1,288,Promo Loyalists
322,41,Male,Sneakers,Footwear,36,Vermont,L,Orange,Summer,4.7,Yes,Free Shipping,Yes,Yes,48,Debit Card,Quarterly,1,1,1,4,Millennial-Late (35-44),100.0,46.84,Loyalists,1,0,1,144,Promo Loyalists
323,41,Male,Belt,Accessories,95,Tennessee,S,Cyan,Winter,3.0,Yes,Standard,Yes,Yes,47,Credit Card,Monthly,1,1,1,12,Millennial-Late (35-44),100.0,75.76,Champions,0,0,0,1140,Promo Champions
324,66,Male,Hoodie,Clothing,78,Tennessee,M,Orange,Winter,3.5,Yes,Next Day Air,Yes,Yes,29,PayPal,Bi-Weekly,1,1,1,26,Boomer+ (65+),100.0,60.49,Champions,0,0,0,2028,Promo Champions
325,37,Male,Shirt,Clothing,82,Wyoming,M,Olive,Summer,4.8,Yes,Standard,Yes,Yes,37,Venmo,Quarterly,1,1,1,4,Millennial-Late (35-44),100.0,57.98,Champions,1,0,1,328,Promo Champions
326,70,Male,Pants,Clothing,70,Vermont,M,Charcoal,Winter,4.3,Yes,Free Shipping,Yes,Yes,38,Debit Card,Annually,1,1,1,1,Boomer+ (65+),100.0,52.08,Loyalists,1,0,1,70,Promo Loyalists
327,62,Male,Scarf,Accessories,41,New Jersey,M,White,Fall,3.2,Yes,Store Pickup,Yes,Yes,48,Bank Transfer,Weekly,1,1,1,52,Boomer-Early (55-64),100.0,72.55,Champions,0,0,0,2132,Promo Champions
328,61,Male,Coat,Outerwear,42,Iowa,M,Teal,Summer,3.1,Yes,Free Shipping,Yes,Yes,36,PayPal,Weekly,1,1,1,52,Boomer-Early (55-64),100.0,63.2,Champions,0,0,0,2184,Promo Champions
329,48,Male,Coat,Outerwear,50,Florida,M,Yellow,Fall,2.8,Yes,Free Shipping,Yes,Yes,9,Credit Card,Weekly,1,1,1,52,Gen X (45-54),100.0,44.66,Potential,0,0,0,2600,Growth Potential
330,70,Male,Socks,Clothing,31,Nevada,S,White,Summer,2.9,Yes,2-Day Shipping,Yes,Yes,34,Bank Transfer,Monthly,1,1,1,12,Boomer+ (65+),100.0,37.14,Potential,0,0,0,372,Growth Potential
331,46,Male,Sweater,Clothing,51,North Dakota,M,Beige,Winter,3.8,Yes,Express,Yes,Yes,43,Venmo,Bi-Weekly,1,1,1,26,Gen X (45-54),100.0,60.1,Champions,0,0,0,1326,Promo Champions
332,31,Male,Shirt,Clothing,98,Florida,L,Beige,Fall,3.3,Yes,Store Pickup,Yes,Yes,46,PayPal,Quarterly,1,1,1,4,Millennial-Early (25-34),100.0,72.33,Champions,0,0,0,392,Promo Champions
333,19,Male,Shirt,Clothing,86,New York,M,Maroon,Winter,2.8,Yes,2-Day Shipping,Yes,Yes,5,Credit Card,Monthly,1,1,1,12,Gen Z (18-24),100.0,37.53,Potential,0,0,0,1032,Growth Potential
334,39,Male,Sweater,Clothing,64,Alaska,M,Teal,Winter,4.5,Yes,Standard,Yes,Yes,15,Bank Transfer,Bi-Weekly,1,1,1,26,Millennial-Late (35-44),100.0,42.93,Potential,1,0,0,1664,Growth Potential
335,41,Male,Blouse,Clothing,46,Kansas,M,Lavender,Fall,2.6,Yes,Next Day Air,Yes,Yes,30,Credit Card,Annually,1,1,1,1,Millennial-Late (35-44),100.0,35.05,Potential,0,0,0,46,Growth Potential
336,20,Male,Sweater,Clothing,85,Oregon,L,Maroon,Spring,3.7,Yes,Standard,Yes,Yes,44,Venmo,Every 3 Months,1,1,1,4,Gen Z (18-24),100.0,65.01,Champions,0,0,0,340,Promo Champions
337,36,Male,Hat,Accessories,81,Rhode Island,S,Orange,Fall,4.4,Yes,Express,Yes,Yes,16,PayPal,Annually,1,1,1,1,Millennial-Late (35-44),100.0,38.93,Potential,1,0,0,81,Growth Potential
338,32,Male,Sweater,Clothing,59,New Mexico,M,Cyan,Winter,4.3,Yes,2-Day Shipping,Yes,Yes,16,Bank Transfer,Annually,1,1,1,1,Millennial-Early (25-34),100.0,29.31,At-Risk,1,0,0,59,At-Risk / Dormant
339,69,Male,Hoodie,Clothing,79,Massachusetts,M,Silver,Winter,3.5,Yes,Express,Yes,Yes,16,Cash,Weekly,1,1,1,52,Boomer+ (65+),100.0,63.06,Champions,0,0,0,4108,Promo Champions
340,40,Male,Shorts,Clothing,33,Pennsylvania,M,Teal,Spring,3.8,Yes,2-Day Shipping,Yes,Yes,21,Credit Card,Every 3 Months,1,1,1,4,Millennial-Late (35-44),100.0,23.48,At-Risk,0,0,0,132,At-Risk / Dormant
341,40,Male,Shorts,Clothing,47,New Jersey,L,Blue,Summer,3.5,Yes,Express,Yes,Yes,39,Venmo,Every 3 Months,1,1,1,4,Millennial-Late (35-44),100.0,44.3,Potential,0,0,0,188,Growth Potential
342,20,Male,Hat,Accessories,20,Utah,S,Blue,Summer,4.6,Yes,Store Pickup,Yes,Yes,40,Debit Card,Bi-Weekly,1,1,1,26,Gen Z (18-24),100.0,44.09,Potential,1,0,0,520,Growth Potential
343,64,Male,Coat,Outerwear,36,Kentucky,M,Olive,Spring,2.6,Yes,Next Day Air,Yes,Yes,48,Credit Card,Every 3 Months,1,1,1,4,Boomer-Early (55-64),100.0,46.84,Loyalists,0,0,0,144,Promo Loyalists
344,27,Male,Sandals,Footwear,39,Nebraska,M,Purple,Summer,4.4,Yes,Next Day Air,Yes,Yes,26,Venmo,Monthly,1,1,1,12,Millennial-Early (25-34),100.0,34.11,Potential,1,0,0,468,Growth Potential
345,24,Male,Skirt,Clothing,71,Virginia,M,Charcoal,Winter,4.0,Yes,Standard,Yes,Yes,46,Debit Card,Monthly,1,1,1,12,Gen Z (18-24),100.0,64.44,Champions,1,0,1,852,Promo Champions
346,48,Male,Shoes,Footwear,59,Wyoming,S,Olive,Winter,4.4,Yes,Next Day Air,Yes,Yes,27,Bank Transfer,Annually,1,1,1,1,Gen X (45-54),100.0,38.29,Potential,1,0,0,59,Growth Potential
347,49,Male,Jeans,Clothing,50,New Mexico,L,Violet,Spring,4.7,Yes,Next Day Air,Yes,Yes,5,Cash,Weekly,1,1,1,52,Gen X (45-54),100.0,41.39,Potential,1,0,0,2600,Growth Potential
348,36,Male,Sandals,Footwear,41,Oregon,L,Red,Fall,3.9,Yes,Store Pickup,Yes,Yes,43,PayPal,Fortnightly,1,1,1,26,Millennial-Late (35-44),100.0,55.73,Loyalists,0,0,0,1066,Promo Loyalists
349,56,Male,Blouse,Clothing,59,South Carolina,M,Beige,Fall,2.7,Yes,Free Shipping,Yes,Yes,17,PayPal,Fortnightly,1,1,1,26,Boomer-Early (55-64),100.0,42.38,Potential,0,0,0,1534,Growth Potential
350,37,Male,Hat,Accessories,87,Arizona,M,Green,Winter,3.7,Yes,2-Day Shipping,Yes,Yes,3,Bank Transfer,Bi-Weekly,1,1,1,26,Millennial-Late (35-44),100.0,43.2,Potential,0,0,0,2262,Growth Potential
351,42,Male,Sweater,Clothing,68,Kentucky,M,Violet,Spring,2.6,Yes,2-Day Shipping,Yes,Yes,47,Bank Transfer,Fortnightly,1,1,1,26,Millennial-Late (35-44),100.0,70.81,Champions,0,0,0,1768,Promo Champions
352,28,Male,Skirt,Clothing,90,New York,M,Teal,Winter,3.9,Yes,Standard,Yes,Yes,24,Debit Card,Bi-Weekly,1,1,1,26,Millennial-Early (25-34),100.0,61.66,Champions,0,0,0,2340,Promo Champions
353,27,Male,Jeans,Clothing,71,Texas,XL,Yellow,Fall,4.9,Yes,Next Day Air,Yes,Yes,12,Cash,Every 3 Months,1,1,1,4,Millennial-Early (25-34),100.0,32.76,At-Risk,1,0,0,284,At-Risk / Dormant
354,63,Male,Sneakers,Footwear,64,Missouri,L,Yellow,Fall,4.1,Yes,Store Pickup,Yes,Yes,35,Debit Card,Monthly,1,1,1,12,Boomer-Early (55-64),100.0,52.4,Loyalists,1,0,1,768,Promo Loyalists
355,58,Male,Jewelry,Accessories,76,Pennsylvania,S,Olive,Fall,3.0,Yes,Free Shipping,Yes,Yes,42,Venmo,Weekly,1,1,1,52,Boomer-Early (55-64),100.0,82.97,Champions,0,0,0,3952,Promo Champions
356,37,Male,Jewelry,Accessories,42,Oregon,XL,Magenta,Fall,4.1,Yes,2-Day Shipping,Yes,Yes,1,PayPal,Every 3 Months,1,1,1,4,Millennial-Late (35-44),100.0,11.1,At-Risk,1,0,0,168,At-Risk / Dormant
357,56,Male,Pants,Clothing,80,Nevada,L,Black,Spring,3.8,Yes,Standard,Yes,Yes,27,Cash,Weekly,1,1,1,52,Boomer-Early (55-64),100.0,72.47,Champions,0,0,0,4160,Promo Champions
358,18,Male,Belt,Accessories,56,Arkansas,M,Olive,Spring,4.0,Yes,Standard,Yes,Yes,16,Credit Card,Bi-Weekly,1,1,1,26,Gen Z (18-24),100.0,40.25,Potential,1,0,0,1456,Growth Potential
359,48,Male,Hat,Accessories,25,Minnesota,XL,Magenta,Summer,3.6,Yes,Express,Yes,Yes,36,Credit Card,Every 3 Months,1,1,1,4,Gen X (45-54),100.0,32.23,At-Risk,0,0,0,100,At-Risk / Dormant
360,31,Male,Sneakers,Footwear,74,Georgia,M,Olive,Winter,3.0,Yes,Store Pickup,Yes,Yes,30,Credit Card,Every 3 Months,1,1,1,4,Millennial-Early (25-34),100.0,48.77,Loyalists,0,0,0,296,Promo Loyalists
361,51,Male,Pants,Clothing,30,Rhode Island,M,Teal,Summer,3.0,Yes,Standard,Yes,Yes,18,Debit Card,Fortnightly,1,1,1,26,Gen X (45-54),100.0,30.51,At-Risk,0,0,0,780,At-Risk / Dormant
362,65,Male,T-shirt,Clothing,96,Nevada,M,White,Spring,2.6,Yes,Free Shipping,Yes,Yes,45,Cash,Annually,1,1,1,1,Boomer+ (65+),100.0,69.17,Champions,0,0,0,96,Promo Champions
363,53,Male,Sneakers,Footwear,64,Texas,M,Charcoal,Fall,3.4,Yes,Free Shipping,Yes,Yes,1,Venmo,Fortnightly,1,1,1,26,Gen X (45-54),100.0,31.5,At-Risk,0,0,0,1664,At-Risk / Dormant
364,55,Male,Shorts,Clothing,88,Florida,L,Yellow,Winter,3.1,Yes,Free Shipping,Yes,Yes,42,Bank Transfer,Fortnightly,1,1,1,26,Boomer-Early (55-64),100.0,75.47,Champions,0,0,0,2288,Promo Champions
365,62,Male,Shoes,Footwear,88,North Dakota,L,Charcoal,Summer,3.0,Yes,Free Shipping,Yes,Yes,7,Venmo,Every 3 Months,1,1,1,4,Boomer-Early (55-64),100.0,36.12,Potential,0,0,0,352,Growth Potential
366,55,Male,Gloves,Accessories,88,West Virginia,XL,Gray,Summer,3.7,Yes,Standard,Yes,Yes,50,PayPal,Quarterly,1,1,1,4,Boomer-Early (55-64),100.0,71.22,Champions,0,0,0,352,Promo Champions
367,64,Male,Socks,Clothing,36,Nebraska,M,Turquoise,Spring,3.5,Yes,Store Pickup,Yes,Yes,37,Venmo,Fortnightly,1,1,1,26,Boomer-Early (55-64),100.0,48.64,Loyalists,0,0,0,936,Promo Loyalists
368,52,Male,Dress,Clothing,40,Tennessee,XL,Cyan,Spring,2.8,Yes,Store Pickup,Yes,Yes,18,Bank Transfer,Monthly,1,1,1,12,Gen X (45-54),100.0,28.02,At-Risk,0,0,0,480,At-Risk / Dormant
369,24,Male,Handbag,Accessories,39,Oklahoma,M,Charcoal,Spring,4.5,Yes,Standard,Yes,Yes,29,Cash,Monthly,1,1,1,12,Gen Z (18-24),100.0,36.56,Potential,1,0,0,468,Growth Potential
370,38,Male,Belt,Accessories,40,Wisconsin,M,Silver,Summer,3.3,Yes,Store Pickup,Yes,Yes,45,PayPal,Quarterly,1,1,1,4,Millennial-Late (35-44),100.0,46.14,Loyalists,0,0,0,160,Promo Loyalists
371,59,Male,Scarf,Accessories,34,Oregon,M,Olive,Winter,3.4,Yes,Express,Yes,Yes,13,PayPal,Weekly,1,1,1,52,Boomer-Early (55-64),100.0,40.92,Potential,0,0,0,1768,Growth Potential
372,27,Male,Sneakers,Footwear,83,North Carolina,S,Pink,Winter,3.2,Yes,2-Day Shipping,Yes,Yes,47,PayPal,Monthly,1,1,1,12,Millennial-Early (25-34),100.0,70.51,Champions,0,0,0,996,Promo Champions
373,24,Male,Sweater,Clothing,85,Pennsylvania,L,Orange,Summer,3.7,Yes,Standard,Yes,Yes,7,Debit Card,Weekly,1,1,1,52,Gen Z (18-24),100.0,58.34,Champions,0,0,0,4420,Promo Champions
374,23,Male,Coat,Outerwear,27,North Dakota,L,White,Summer,4.6,Yes,Express,Yes,Yes,11,Venmo,Bi-Weekly,1,1,1,26,Gen Z (18-24),100.0,23.48,At-Risk,1,0,0,702,At-Risk / Dormant
375,69,Male,Jewelry,Accessories,78,Ohio,S,Purple,Spring,5.0,Yes,Store Pickup,Yes,Yes,39,Bank Transfer,Monthly,1,1,1,12,Boomer+ (65+),100.0,61.79,Champions,1,0,1,936,Promo Champions
376,59,Male,Sunglasses,Accessories,32,Oklahoma,M,Olive,Summer,4.4,Yes,Standard,Yes,Yes,6,Debit Card,Quarterly,1,1,1,4,Boomer-Early (55-64),100.0,10.8,At-Risk,1,0,0,128,At-Risk / Dormant
377,51,Male,Shoes,Footwear,51,South Carolina,S,Gray,Fall,4.9,Yes,Express,Yes,Yes,2,Venmo,Bi-Weekly,1,1,1,26,Gen X (45-54),100.0,26.63,At-Risk,1,0,0,1326,At-Risk / Dormant
378,63,Male,Scarf,Accessories,32,Maine,M,Silver,Spring,4.1,Yes,Standard,Yes,Yes,39,Credit Card,Every 3 Months,1,1,1,4,Boomer-Early (55-64),100.0,37.74,Potential,1,0,0,128,Growth Potential
379,54,Male,Dress,Clothing,62,Nevada,L,Orange,Winter,4.9,Yes,Next Day Air,Yes,Yes,23,Credit Card,Monthly,1,1,1,12,Gen X (45-54),100.0,41.73,Potential,1,0,0,744,Growth Potential
380,32,Male,T-shirt,Clothing,29,Montana,S,Magenta,Fall,4.7,Yes,2-Day Shipping,Yes,Yes,46,Debit Card,Bi-Weekly,1,1,1,26,Millennial-Early (25-34),100.0,52.93,Loyalists,1,0,1,754,Promo Loyalists
381,39,Male,Backpack,Accessories,69,New Hampshire,XL,Beige,Fall,3.0,Yes,Store Pickup,Yes,Yes,19,Bank Transfer,Weekly,1,1,1,52,Millennial-Late (35-44),100.0,61.13,Champions,0,0,0,3588,Promo Champions
382,66,Male,Jewelry,Accessories,25,Maine,L,Lavender,Winter,3.4,Yes,Store Pickup,Yes,Yes,3,Credit Card,Every 3 Months,1,1,1,4,Boomer+ (65+),100.0,5.29,At-Risk,0,0,0,100,At-Risk / Dormant
383,28,Male,Jeans,Clothing,76,California,M,Peach,Winter,3.2,Yes,Store Pickup,Yes,Yes,47,PayPal,Quarterly,1,1,1,4,Millennial-Early (25-34),100.0,63.52,Champions,0,0,0,304,Promo Champions
384,50,Male,Sunglasses,Accessories,77,West Virginia,S,Magenta,Fall,3.8,Yes,Standard,Yes,Yes,6,PayPal,Quarterly,1,1,1,4,Gen X (45-54),100.0,30.49,At-Risk,0,0,0,308,At-Risk / Dormant
385,70,Male,Sweater,Clothing,33,California,M,Beige,Fall,4.5,Yes,2-Day Shipping,Yes,Yes,6,Venmo,Annually,1,1,1,1,Boomer+ (65+),100.0,9.77,At-Risk,1,0,0,33,At-Risk / Dormant
386,67,Male,Shorts,Clothing,93,West Virginia,S,Yellow,Fall,2.7,Yes,Next Day Air,Yes,Yes,12,Credit Card,Bi-Weekly,1,1,1,26,Boomer+ (65+),100.0,53.17,Loyalists,0,0,0,2418,Promo Loyalists
387,64,Male,Jewelry,Accessories,39,Louisiana,L,Brown,Spring,3.4,Yes,Express,Yes,Yes,40,PayPal,Quarterly,1,1,1,4,Boomer-Early (55-64),100.0,41.62,Potential,0,0,0,156,Growth Potential
388,45,Male,Coat,Outerwear,93,Georgia,L,Silver,Summer,4.6,Yes,Store Pickup,Yes,Yes,38,PayPal,Fortnightly,1,1,1,26,Gen X (45-54),100.0,74.4,Champions,1,0,1,2418,Promo Champions
389,22,Male,Handbag,Accessories,82,Washington,M,Orange,Summer,2.7,Yes,Store Pickup,Yes,Yes,10,PayPal,Quarterly,1,1,1,4,Gen Z (18-24),100.0,35.94,Potential,0,0,0,328,Growth Potential
390,27,Male,Boots,Footwear,42,Virginia,L,Purple,Spring,4.2,Yes,Standard,Yes,Yes,28,Bank Transfer,Monthly,1,1,1,12,Millennial-Early (25-34),100.0,37.06,Potential,1,0,0,504,Growth Potential
391,25,Male,Gloves,Accessories,71,Indiana,M,Indigo,Winter,3.2,Yes,2-Day Shipping,Yes,Yes,19,PayPal,Annually,1,1,1,1,Millennial-Early (25-34),100.0,37.01,Potential,0,0,0,71,Growth Potential
392,37,Male,Sweater,Clothing,86,Minnesota,L,Gray,Spring,4.8,Yes,Standard,Yes,Yes,25,Cash,Fortnightly,1,1,1,26,Millennial-Late (35-44),100.0,60.72,Champions,1,0,1,2236,Promo Champions
393,26,Male,T-shirt,Clothing,82,Idaho,XL,Black,Spring,3.3,Yes,Next Day Air,Yes,Yes,38,Credit Card,Annually,1,1,1,1,Millennial-Early (25-34),100.0,57.33,Loyalists,0,0,0,82,Promo Loyalists
394,33,Male,Shoes,Footwear,65,Vermont,L,Maroon,Fall,4.2,Yes,Standard,Yes,Yes,6,PayPal,Fortnightly,1,1,1,26,Millennial-Early (25-34),100.0,36.02,Potential,1,0,0,1690,Growth Potential
395,43,Male,Scarf,Accessories,29,North Dakota,M,Beige,Spring,4.8,Yes,Store Pickup,Yes,Yes,7,Debit Card,Bi-Weekly,1,1,1,26,Millennial-Late (35-44),100.0,21.09,At-Risk,1,0,0,754,At-Risk / Dormant
396,37,Male,Sneakers,Footwear,65,Rhode Island,L,Brown,Winter,4.9,Yes,Store Pickup,Yes,Yes,2,PayPal,Annually,1,1,1,1,Millennial-Late (35-44),100.0,20.5,At-Risk,1,0,0,65,At-Risk / Dormant
397,46,Male,Dress,Clothing,88,South Carolina,S,Black,Fall,3.9,Yes,Standard,Yes,Yes,24,Bank Transfer,Annually,1,1,1,1,Gen X (45-54),100.0,48.53,Loyalists,0,0,0,88,Promo Loyalists
398,22,Male,Belt,Accessories,46,Mississippi,M,Indigo,Fall,3.0,Yes,Free Shipping,Yes,Yes,26,Cash,Annually,1,1,1,1,Gen Z (18-24),100.0,31.78,At-Risk,0,0,0,46,At-Risk / Dormant
399,20,Male,Boots,Footwear,67,Montana,S,Silver,Winter,4.6,Yes,Free Shipping,Yes,Yes,25,Debit Card,Every 3 Months,1,1,1,4,Gen Z (18-24),100.0,41.62,Potential,1,0,0,268,Growth Potential
400,60,Male,Scarf,Accessories,35,Idaho,L,Blue,Fall,3.5,Yes,2-Day Shipping,Yes,Yes,10,Debit Card,Monthly,1,1,1,12,Boomer-Early (55-64),100.0,19.3,At-Risk,0,0,0,420,At-Risk / Dormant
401,39,Male,Boots,Footwear,66,Utah,M,Green,Winter,4.8,Yes,Free Shipping,Yes,Yes,14,PayPal,Fortnightly,1,1,1,26,Millennial-Late (35-44),100.0,42.99,Potential,1,0,0,1716,Growth Potential
402,43,Male,T-shirt,Clothing,91,Oklahoma,L,Orange,Fall,4.8,Yes,Standard,Yes,Yes,21,Cash,Quarterly,1,1,1,4,Millennial-Late (35-44),100.0,48.86,Loyalists,1,0,1,364,Promo Loyalists
403,31,Male,Backpack,Accessories,78,California,L,Cyan,Fall,3.0,Yes,Express,Yes,Yes,26,PayPal,Monthly,1,1,1,12,Millennial-Early (25-34),100.0,51.18,Loyalists,0,0,0,936,Promo Loyalists
404,19,Male,Sneakers,Footwear,45,Nevada,M,Orange,Winter,4.5,Yes,Next Day Air,Yes,Yes,12,Bank Transfer,Annually,1,1,1,1,Gen Z (18-24),100.0,19.92,At-Risk,1,0,0,45,At-Risk / Dormant
405,35,Male,T-shirt,Clothing,93,Delaware,M,Indigo,Spring,4.8,Yes,Store Pickup,Yes,Yes,11,Credit Card,Monthly,1,1,1,12,Millennial-Late (35-44),100.0,45.49,Loyalists,1,0,1,1116,Promo Loyalists
406,41,Male,Jeans,Clothing,74,South Carolina,S,Silver,Summer,3.8,Yes,Standard,Yes,Yes,15,Cash,Annually,1,1,1,1,Millennial-Late (35-44),100.0,35.05,Potential,0,0,0,74,Growth Potential
407,52,Male,Gloves,Accessories,55,Maryland,M,Peach,Spring,4.6,Yes,Express,Yes,Yes,13,Cash,Monthly,1,1,1,12,Gen X (45-54),100.0,30.5,At-Risk,1,0,0,660,At-Risk / Dormant
408,45,Male,Hoodie,Clothing,76,North Carolina,XL,Teal,Spring,3.1,Yes,Next Day Air,Yes,Yes,5,Credit Card,Bi-Weekly,1,1,1,26,Gen X (45-54),100.0,40.02,Potential,0,0,0,1976,Growth Potential
409,34,Male,Sneakers,Footwear,66,Alabama,L,White,Spring,3.4,Yes,Express,Yes,Yes,36,Cash,Fortnightly,1,1,1,26,Millennial-Early (25-34),100.0,60.95,Champions,0,0,0,1716,Promo Champions
410,35,Male,Shorts,Clothing,51,Minnesota,M,Brown,Winter,3.3,Yes,2-Day Shipping,Yes,Yes,32,Bank Transfer,Monthly,1,1,1,12,Millennial-Late (35-44),100.0,44.26,Potential,0,0,0,612,Growth Potential
411,29,Male,Sweater,Clothing,26,Virginia,L,Lavender,Spring,4.8,Yes,2-Day Shipping,Yes,Yes,1,Credit Card,Quarterly,1,1,1,4,Millennial-Early (25-34),100.0,4.1,At-Risk,1,0,0,104,At-Risk / Dormant
412,59,Male,Jeans,Clothing,29,Michigan,M,Indigo,Summer,2.8,Yes,Express,Yes,Yes,15,PayPal,Annually,1,1,1,1,Boomer-Early (55-64),100.0,15.37,At-Risk,0,0,0,29,At-Risk / Dormant
413,24,Male,Jacket,Outerwear,74,Maine,M,Yellow,Summer,3.1,Yes,Store Pickup,Yes,Yes,3,Bank Transfer,Weekly,1,1,1,52,Gen Z (18-24),100.0,50.26,Loyalists,0,0,0,3848,Promo Loyalists
414,70,Male,Jewelry,Accessories,99,Nevada,S,White,Summer,4.6,Yes,Free Shipping,Yes,Yes,48,Cash,Monthly,1,1,1,12,Boomer+ (65+),100.0,78.32,Champions,1,0,1,1188,Promo Champions
415,29,Male,Backpack,Accessories,88,Wyoming,L,Violet,Winter,2.6,Yes,Store Pickup,Yes,Yes,30,Debit Card,Weekly,1,1,1,52,Millennial-Early (25-34),100.0,78.42,Champions,0,0,0,4576,Promo Champions
416,67,Male,Coat,Outerwear,31,Connecticut,M,Lavender,Winter,2.6,Yes,Express,Yes,Yes,40,Bank Transfer,Monthly,1,1,1,12,Boomer+ (65+),100.0,42.04,Potential,0,0,0,372,Growth Potential
417,36,Male,Belt,Accessories,55,Oregon,L,Olive,Spring,3.8,Yes,Free Shipping,Yes,Yes,24,Bank Transfer,Fortnightly,1,1,1,26,Millennial-Late (35-44),100.0,46.34,Loyalists,0,0,0,1430,Promo Loyalists
418,23,Male,Sandals,Footwear,81,Mississippi,L,Beige,Fall,4.5,Yes,Free Shipping,Yes,Yes,48,Debit Card,Quarterly,1,1,1,4,Gen Z (18-24),100.0,66.53,Champions,1,0,1,324,Promo Champions
419,18,Male,Sweater,Clothing,73,Illinois,L,Purple,Spring,3.0,Yes,Standard,Yes,Yes,27,Venmo,Bi-Weekly,1,1,1,26,Gen Z (18-24),100.0,56.67,Loyalists,0,0,0,1898,Promo Loyalists
420,53,Male,Shorts,Clothing,91,Utah,S,Teal,Winter,3.8,Yes,Free Shipping,Yes,Yes,14,Credit Card,Every 3 Months,1,1,1,4,Gen X (45-54),100.0,43.15,Potential,0,0,0,364,Growth Potential
421,32,Male,Socks,Clothing,54,North Carolina,S,Peach,Spring,3.8,Yes,Free Shipping,Yes,Yes,18,Debit Card,Bi-Weekly,1,1,1,26,Millennial-Early (25-34),100.0,41.01,Potential,0,0,0,1404,Growth Potential
422,38,Male,Shirt,Clothing,40,Kentucky,M,Violet,Winter,3.5,Yes,Standard,Yes,Yes,48,Cash,Bi-Weekly,1,1,1,26,Millennial-Late (35-44),100.0,59.37,Champions,0,0,0,1040,Promo Champions
423,47,Male,Pants,Clothing,59,Minnesota,M,Purple,Fall,3.1,Yes,Store Pickup,Yes,Yes,32,Debit Card,Annually,1,1,1,1,Gen X (45-54),100.0,42.37,Potential,0,0,0,59,Growth Potential
424,46,Male,Scarf,Accessories,26,New York,L,Teal,Spring,3.0,Yes,Store Pickup,Yes,Yes,21,Credit Card,Bi-Weekly,1,1,1,26,Gen X (45-54),100.0,31.21,At-Risk,0,0,0,676,At-Risk / Dormant
425,66,Male,Sweater,Clothing,23,Illinois,M,Gold,Winter,4.3,Yes,Standard,Yes,Yes,42,PayPal,Fortnightly,1,1,1,26,Boomer+ (65+),100.0,47.04,Loyalists,1,0,1,598,Promo Loyalists
426,40,Male,Jeans,Clothing,87,North Dakota,S,Teal,Winter,3.3,Yes,Store Pickup,Yes,Yes,4,Credit Card,Quarterly,1,1,1,4,Millennial-Late (35-44),100.0,33.23,Potential,0,0,0,348,Growth Potential
427,43,Male,Pants,Clothing,71,Louisiana,M,Violet,Winter,4.7,Yes,Express,Yes,Yes,19,Credit Card,Quarterly,1,1,1,4,Millennial-Late (35-44),100.0,38.48,Potential,1,0,0,284,Growth Potential
428,58,Male,Backpack,Accessories,91,Illinois,L,Black,Winter,4.5,Yes,Store Pickup,Yes,Yes,6,Credit Card,Quarterly,1,1,1,4,Boomer-Early (55-64),100.0,36.61,Potential,1,0,0,364,Growth Potential
429,21,Male,Coat,Outerwear,64,Wyoming,XL,Gold,Winter,2.9,Yes,Free Shipping,Yes,Yes,2,Debit Card,Fortnightly,1,1,1,26,Gen Z (18-24),100.0,32.32,At-Risk,0,0,0,1664,At-Risk / Dormant
430,42,Male,Sandals,Footwear,94,Washington,M,Gold,Winter,4.1,Yes,2-Day Shipping,Yes,Yes,21,Cash,Fortnightly,1,1,1,26,Millennial-Late (35-44),100.0,60.96,Champions,1,0,1,2444,Promo Champions
431,24,Male,Shirt,Clothing,40,Texas,M,Brown,Summer,3.5,Yes,Store Pickup,Yes,Yes,40,Debit Card,Annually,1,1,1,1,Gen Z (18-24),100.0,40.59,Potential,0,0,0,40,Growth Potential
432,43,Male,Hat,Accessories,76,New Hampshire,L,Cyan,Winter,3.4,Yes,Store Pickup,Yes,Yes,33,Cash,Fortnightly,1,1,1,26,Millennial-Late (35-44),100.0,62.88,Champions,0,0,0,1976,Promo Champions
433,47,Male,Shirt,Clothing,86,Indiana,S,Indigo,Fall,3.3,Yes,Free Shipping,Yes,Yes,26,Venmo,Weekly,1,1,1,52,Gen X (45-54),100.0,74.28,Champions,0,0,0,4472,Promo Champions
434,49,Male,Skirt,Clothing,92,Alabama,M,Orange,Fall,3.2,Yes,Store Pickup,Yes,Yes,23,Credit Card,Fortnightly,1,1,1,26,Gen X (45-54),100.0,61.71,Champions,0,0,0,2392,Promo Champions
435,50,Male,Shoes,Footwear,52,Oklahoma,L,Pink,Spring,4.0,Yes,Store Pickup,Yes,Yes,39,PayPal,Every 3 Months,1,1,1,4,Gen X (45-54),100.0,46.49,Loyalists,1,0,1,208,Promo Loyalists
436,51,Male,Coat,Outerwear,28,Montana,XL,Olive,Winter,3.6,Yes,Next Day Air,Yes,Yes,42,Bank Transfer,Monthly,1,1,1,12,Gen X (45-54),100.0,42.36,Potential,0,0,0,336,Growth Potential
437,40,Male,Pants,Clothing,46,Tennessee,L,Cyan,Summer,4.6,Yes,Free Shipping,Yes,Yes,41,Bank Transfer,Weekly,1,1,1,52,Millennial-Late (35-44),100.0,69.03,Champions,1,0,1,2392,Promo Champions
438,45,Male,Jewelry,Accessories,50,New Mexico,M,Peach,Summer,2.6,Yes,Next Day Air,Yes,Yes,41,PayPal,Annually,1,1,1,1,Gen X (45-54),100.0,45.78,Loyalists,0,0,0,50,Promo Loyalists
439,52,Male,Belt,Accessories,23,Iowa,M,Turquoise,Winter,4.3,Yes,Express,Yes,Yes,12,Credit Card,Fortnightly,1,1,1,26,Gen X (45-54),100.0,22.55,At-Risk,1,0,0,598,At-Risk / Dormant
440,62,Male,Jacket,Outerwear,50,Idaho,M,Turquoise,Summer,3.4,Yes,Free Shipping,Yes,Yes,31,Cash,Monthly,1,1,1,12,Boomer-Early (55-64),100.0,43.01,Potential,0,0,0,600,Growth Potential
441,20,Male,Shirt,Clothing,89,Oklahoma,XL,Maroon,Winter,3.5,Yes,Store Pickup,Yes,Yes,34,Debit Card,Fortnightly,1,1,1,26,Gen Z (18-24),100.0,69.38,Champions,0,0,0,2314,Promo Champions
442,43,Male,Hoodie,Clothing,81,Florida,M,Maroon,Winter,4.2,Yes,Standard,Yes,Yes,32,Credit Card,Annually,1,1,1,1,Millennial-Late (35-44),100.0,51.99,Loyalists,1,0,1,81,Promo Loyalists
443,29,Male,Sunglasses,Accessories,69,Michigan,M,Olive,Fall,3.8,Yes,Store Pickup,Yes,Yes,31,Credit Card,Quarterly,1,1,1,4,Millennial-Early (25-34),100.0,47.4,Loyalists,0,0,0,276,Promo Loyalists
444,22,Male,Sunglasses,Accessories,67,Hawaii,M,Magenta,Summer,3.6,Yes,Free Shipping,Yes,Yes,24,PayPal,Annually,1,1,1,1,Gen Z (18-24),100.0,39.34,Potential,0,0,0,67,Growth Potential
445,48,Male,Dress,Clothing,20,California,M,Red,Summer,4.3,Yes,Store Pickup,Yes,Yes,31,Debit Card,Annually,1,1,1,1,Gen X (45-54),100.0,24.49,At-Risk,1,0,0,20,At-Risk / Dormant
446,42,Male,Boots,Footwear,29,Iowa,M,Olive,Fall,4.9,Yes,Standard,Yes,Yes,18,Venmo,Annually,1,1,1,1,Millennial-Late (35-44),100.0,17.82,At-Risk,1,0,0,29,At-Risk / Dormant
447,19,Male,Shirt,Clothing,74,West Virginia,M,Silver,Summer,4.1,Yes,Store Pickup,Yes,Yes,15,Venmo,Monthly,1,1,1,12,Gen Z (18-24),100.0,40.45,Potential,1,0,0,888,Growth Potential
448,60,Male,Shorts,Clothing,82,Washington,S,Turquoise,Spring,3.6,Yes,Standard,Yes,Yes,7,Bank Transfer,Every 3 Months,1,1,1,4,Boomer-Early (55-64),100.0,33.49,Potential,0,0,0,328,Growth Potential
449,32,Male,Gloves,Accessories,23,Missouri,M,Yellow,Summer,3.4,Yes,Next Day Air,Yes,Yes,35,Bank Transfer,Fortnightly,1,1,1,26,Millennial-Early (25-34),100.0,41.32,Potential,0,0,0,598,Growth Potential
450,26,Male,Jewelry,Accessories,45,New York,L,Peach,Summer,2.9,Yes,2-Day Shipping,Yes,Yes,35,Bank Transfer,Monthly,1,1,1,12,Millennial-Early (25-34),100.0,44.08,Potential,0,0,0,540,Growth Potential
451,25,Male,Boots,Footwear,21,Connecticut,L,Beige,Summer,2.7,Yes,Store Pickup,Yes,Yes,19,Credit Card,Monthly,1,1,1,12,Millennial-Early (25-34),100.0,20.52,At-Risk,0,0,0,252,At-Risk / Dormant
452,66,Male,Jewelry,Accessories,31,Virginia,M,Pink,Summer,4.3,Yes,Express,Yes,Yes,26,Credit Card,Fortnightly,1,1,1,26,Boomer+ (65+),100.0,37.48,Potential,1,0,0,806,Growth Potential
453,45,Male,Pants,Clothing,45,Missouri,M,Violet,Summer,3.8,Yes,Express,Yes,Yes,39,PayPal,Fortnightly,1,1,1,26,Gen X (45-54),100.0,54.21,Loyalists,0,0,0,1170,Promo Loyalists
454,54,Male,Jewelry,Accessories,56,Nebraska,XL,Peach,Winter,2.8,Yes,Next Day Air,Yes,Yes,22,Credit Card,Weekly,1,1,1,52,Gen X (45-54),100.0,57.89,Champions,0,0,0,2912,Promo Champions
455,37,Male,Jacket,Outerwear,97,New Jersey,S,Gold,Summer,3.2,Yes,Next Day Air,Yes,Yes,14,Cash,Bi-Weekly,1,1,1,26,Millennial-Late (35-44),100.0,56.55,Loyalists,0,0,0,2522,Promo Loyalists
456,54,Male,Blouse,Clothing,100,Utah,XL,Gold,Fall,3.6,Yes,Store Pickup,Yes,Yes,50,Debit Card,Fortnightly,1,1,1,26,Gen X (45-54),100.0,87.25,Champions,0,0,0,2600,Promo Champions
457,50,Male,Blouse,Clothing,96,North Carolina,S,Indigo,Fall,4.0,Yes,2-Day Shipping,Yes,Yes,33,Credit Card,Quarterly,1,1,1,4,Gen X (45-54),100.0,60.84,Champions,1,0,1,384,Promo Champions
458,25,Male,Gloves,Accessories,99,Rhode Island,M,Blue,Spring,4.9,Yes,Next Day Air,Yes,Yes,48,Debit Card,Every 3 Months,1,1,1,4,Millennial-Early (25-34),100.0,74.4,Champions,1,0,1,396,Promo Champions
459,47,Male,Shorts,Clothing,91,Arkansas,L,Black,Winter,4.0,Yes,2-Day Shipping,Yes,Yes,48,PayPal,Monthly,1,1,1,12,Gen X (45-54),100.0,74.82,Champions,1,0,1,1092,Promo Champions
460,63,Male,Hat,Accessories,30,Maryland,L,Black,Winter,3.8,Yes,Standard,Yes,Yes,27,PayPal,Fortnightly,1,1,1,26,Boomer-Early (55-64),100.0,37.85,Potential,0,0,0,780,Growth Potential
461,64,Male,Shoes,Footwear,65,South Carolina,L,Teal,Summer,3.8,Yes,Store Pickup,Yes,Yes,27,Bank Transfer,Weekly,1,1,1,52,Boomer-Early (55-64),100.0,65.91,Champions,0,0,0,3380,Promo Champions
462,18,Male,Boots,Footwear,93,Ohio,M,Yellow,Winter,3.9,Yes,Express,Yes,Yes,20,Venmo,Weekly,1,1,1,52,Gen Z (18-24),100.0,72.45,Champions,0,0,0,4836,Promo Champions
463,59,Male,Jacket,Outerwear,81,Illinois,M,White,Fall,3.3,Yes,Express,Yes,Yes,48,Venmo,Every 3 Months,1,1,1,4,Boomer-Early (55-64),100.0,66.53,Champions,0,0,0,324,Promo Champions
464,37,Male,Jewelry,Accessories,81,Georgia,S,Orange,Summer,2.7,Yes,Standard,Yes,Yes,29,Venmo,Weekly,1,1,1,52,Millennial-Late (35-44),100.0,74.54,Champions,0,0,0,4212,Promo Champions
465,23,Male,Sunglasses,Accessories,52,Alabama,M,Silver,Winter,4.7,Yes,Next Day Air,Yes,Yes,45,PayPal,Monthly,1,1,1,12,Gen Z (18-24),100.0,55.31,Loyalists,1,0,1,624,Promo Loyalists
466,54,Male,Skirt,Clothing,88,Oklahoma,M,Pink,Summer,2.8,Yes,Next Day Air,Yes,Yes,25,Cash,Quarterly,1,1,1,4,Gen X (45-54),100.0,50.81,Loyalists,0,0,0,352,Promo Loyalists
467,38,Male,Jeans,Clothing,24,Vermont,L,Turquoise,Winter,4.6,Yes,Free Shipping,Yes,Yes,25,PayPal,Weekly,1,1,1,52,Millennial-Late (35-44),100.0,46.34,Loyalists,1,0,1,1248,Promo Loyalists
468,19,Male,Backpack,Accessories,51,Nebraska,S,Orange,Spring,4.5,Yes,2-Day Shipping,Yes,Yes,37,Debit Card,Every 3 Months,1,1,1,4,Gen Z (18-24),100.0,44.42,Potential,1,0,0,204,Growth Potential
469,34,Male,Backpack,Accessories,38,Georgia,S,Peach,Fall,5.0,Yes,Free Shipping,Yes,Yes,16,Cash,Quarterly,1,1,1,4,Millennial-Early (25-34),100.0,21.59,At-Risk,1,0,0,152,At-Risk / Dormant
470,21,Male,Shorts,Clothing,46,Alabama,L,Pink,Fall,4.1,Yes,2-Day Shipping,Yes,Yes,30,Debit Card,Bi-Weekly,1,1,1,26,Gen Z (18-24),100.0,47.3,Loyalists,1,0,1,1196,Promo Loyalists
471,50,Male,Dress,Clothing,63,Minnesota,L,Teal,Summer,4.6,Yes,Express,Yes,Yes,6,Cash,Every 3 Months,1,1,1,4,Gen X (45-54),100.0,24.36,At-Risk,1,0,0,252,At-Risk / Dormant
472,55,Male,Scarf,Accessories,72,Missouri,XL,White,Winter,4.9,Yes,2-Day Shipping,Yes,Yes,36,Bank Transfer,Quarterly,1,1,1,4,Boomer-Early (55-64),100.0,52.79,Loyalists,1,0,1,288,Promo Loyalists
473,20,Male,Jeans,Clothing,39,Georgia,L,Gray,Winter,3.9,Yes,Free Shipping,Yes,Yes,3,Bank Transfer,Quarterly,1,1,1,4,Gen Z (18-24),100.0,11.42,At-Risk,0,0,0,156,At-Risk / Dormant
474,34,Male,Coat,Outerwear,42,West Virginia,L,Olive,Spring,3.9,Yes,Store Pickup,Yes,Yes,29,PayPal,Every 3 Months,1,1,1,4,Millennial-Early (25-34),100.0,33.95,Potential,0,0,0,168,Growth Potential
475,62,Male,Sweater,Clothing,76,Arkansas,XL,Maroon,Summer,2.6,Yes,2-Day Shipping,Yes,Yes,15,Cash,Quarterly,1,1,1,4,Boomer-Early (55-64),100.0,37.4,Potential,0,0,0,304,Growth Potential
476,21,Male,Sneakers,Footwear,66,Ohio,L,Magenta,Summer,2.7,Yes,Free Shipping,Yes,Yes,18,Debit Card,Annually,1,1,1,1,Gen Z (18-24),100.0,34.0,Potential,0,0,0,66,Growth Potential
477,21,Male,Scarf,Accessories,90,Connecticut,M,Magenta,Spring,3.5,Yes,Free Shipping,Yes,Yes,2,Debit Card,Fortnightly,1,1,1,26,Gen Z (18-24),100.0,43.7,Potential,0,0,0,2340,Growth Potential
478,42,Male,Sweater,Clothing,56,North Dakota,M,Green,Summer,3.7,Yes,Free Shipping,Yes,Yes,49,Debit Card,Weekly,1,1,1,52,Millennial-Late (35-44),100.0,79.93,Champions,0,0,0,2912,Promo Champions
479,35,Male,Jewelry,Accessories,43,Kansas,XL,Turquoise,Winter,3.2,Yes,Free Shipping,Yes,Yes,48,Venmo,Annually,1,1,1,1,Millennial-Late (35-44),100.0,48.43,Loyalists,0,0,0,43,Promo Loyalists
480,39,Male,Handbag,Accessories,84,Iowa,L,Yellow,Winter,3.3,Yes,Store Pickup,Yes,Yes,43,Venmo,Monthly,1,1,1,12,Millennial-Late (35-44),100.0,67.68,Champions,0,0,0,1008,Promo Champions
481,68,Male,Hoodie,Clothing,88,Vermont,M,Gray,Summer,4.8,Yes,Standard,Yes,Yes,30,Debit Card,Bi-Weekly,1,1,1,26,Boomer+ (65+),100.0,65.68,Champions,1,0,1,2288,Promo Champions
482,46,Male,Hat,Accessories,88,Wisconsin,L,Peach,Fall,3.2,Yes,2-Day Shipping,Yes,Yes,10,PayPal,Fortnightly,1,1,1,26,Gen X (45-54),100.0,49.35,Loyalists,0,0,0,2288,Promo Loyalists
483,41,Male,Belt,Accessories,42,Connecticut,M,Yellow,Winter,2.5,Yes,2-Day Shipping,Yes,Yes,11,Venmo,Annually,1,1,1,1,Millennial-Late (35-44),100.0,17.79,At-Risk,0,0,0,42,At-Risk / Dormant
484,23,Male,Hoodie,Clothing,73,Oklahoma,M,White,Fall,3.9,Yes,Store Pickup,Yes,Yes,12,Debit Card,Weekly,1,1,1,52,Gen Z (18-24),100.0,57.17,Loyalists,0,0,0,3796,Promo Loyalists
485,68,Male,Hat,Accessories,73,Missouri,L,Lavender,Summer,4.7,Yes,Free Shipping,Yes,Yes,28,Bank Transfer,Quarterly,1,1,1,4,Boomer+ (65+),100.0,46.7,Loyalists,1,0,1,292,Promo Loyalists
486,48,Male,Shoes,Footwear,44,Tennessee,S,Blue,Spring,2.6,Yes,Next Day Air,Yes,Yes,36,Debit Card,Fortnightly,1,1,1,26,Gen X (45-54),100.0,51.33,Loyalists,0,0,0,1144,Promo Loyalists
487,38,Male,Sandals,Footwear,63,New Mexico,M,Charcoal,Fall,2.8,Yes,Store Pickup,Yes,Yes,37,Venmo,Every 3 Months,1,1,1,4,Millennial-Late (35-44),100.0,49.67,Loyalists,0,0,0,252,Promo Loyalists
488,41,Male,Jacket,Outerwear,68,Iowa,L,Red,Winter,4.4,Yes,Store Pickup,Yes,Yes,22,Credit Card,Quarterly,1,1,1,4,Millennial-Late (35-44),100.0,39.61,Potential,1,0,0,272,Growth Potential
489,58,Male,Sweater,Clothing,29,Maine,L,Olive,Spring,4.6,Yes,Standard,Yes,Yes,32,Venmo,Weekly,1,1,1,52,Boomer-Early (55-64),100.0,54.24,Loyalists,1,0,1,1508,Promo Loyalists
490,49,Male,Socks,Clothing,85,South Dakota,M,Green,Summer,3.2,Yes,Standard,Yes,Yes,40,PayPal,Annually,1,1,1,1,Gen X (45-54),100.0,60.27,Champions,0,0,0,85,Promo Champions
491,57,Male,Sneakers,Footwear,42,Colorado,M,Silver,Winter,4.2,Yes,2-Day Shipping,Yes,Yes,47,Cash,Monthly,1,1,1,12,Boomer-Early (55-64),100.0,52.57,Loyalists,1,0,1,504,Promo Loyalists
492,49,Male,Coat,Outerwear,69,Vermont,M,Silver,Summer,3.8,Yes,2-Day Shipping,Yes,Yes,24,Credit Card,Bi-Weekly,1,1,1,26,Gen X (45-54),100.0,52.47,Loyalists,0,0,0,1794,Promo Loyalists
493,50,Male,Shirt,Clothing,62,Michigan,M,Black,Fall,3.9,Yes,Standard,Yes,Yes,11,Debit Card,Weekly,1,1,1,52,Gen X (45-54),100.0,51.54,Loyalists,0,0,0,3224,Promo Loyalists
494,28,Male,Backpack,Accessories,48,Nevada,XL,Red,Summer,4.7,Yes,Store Pickup,Yes,Yes,19,Cash,Bi-Weekly,1,1,1,26,Millennial-Early (25-34),100.0,39.2,Potential,1,0,0,1248,Growth Potential
495,38,Male,Boots,Footwear,68,Indiana,M,Indigo,Winter,4.5,Yes,Express,Yes,Yes,42,Debit Card,Weekly,1,1,1,52,Millennial-Late (35-44),100.0,79.47,Champions,1,0,1,3536,Promo Champions
496,33,Male,Handbag,Accessories,36,Michigan,XL,Cyan,Fall,3.3,Yes,Free Shipping,Yes,Yes,6,Debit Card,Fortnightly,1,1,1,26,Millennial-Early (25-34),100.0,23.34,At-Risk,0,0,0,936,At-Risk / Dormant
497,30,Male,Dress,Clothing,63,California,S,Maroon,Fall,3.3,Yes,Express,Yes,Yes,31,Venmo,Fortnightly,1,1,1,26,Millennial-Early (25-34),100.0,55.56,Loyalists,0,0,0,1638,Promo Loyalists
498,43,Male,Sneakers,Footwear,39,Oklahoma,S,Silver,Winter,4.6,Yes,Free Shipping,Yes,Yes,31,Cash,Weekly,1,1,1,52,Millennial-Late (35-44),100.0,57.8,Champions,1,0,1,2028,Promo Champions
499,43,Male,Boots,Footwear,78,Iowa,M,Lavender,Spring,3.6,Yes,Free Shipping,Yes,Yes,27,Bank Transfer,Monthly,1,1,1,12,Millennial-Late (35-44),100.0,51.99,Loyalists,0,0,0,936,Promo Loyalists
500,36,Male,Shoes,Footwear,99,Rhode Island,L,Silver,Winter,4.8,Yes,Express,Yes,Yes,24,PayPal,Monthly,1,1,1,12,Millennial-Late (35-44),100.0,58.73,Champions,1,0,1,1188,Promo Champions
501,36,Male,T-shirt,Clothing,31,Washington,L,Purple,Fall,4.8,Yes,Next Day Air,Yes,Yes,35,Venmo,Every 3 Months,1,1,1,4,Millennial-Late (35-44),100.0,34.04,Potential,1,0,0,124,Growth Potential
502,64,Male,Boots,Footwear,45,Florida,M,Cyan,Spring,2.9,Yes,Next Day Air,Yes,Yes,21,Venmo,Annually,1,1,1,1,Boomer-Early (55-64),100.0,27.26,At-Risk,0,0,0,45,At-Risk / Dormant
503,59,Male,Pants,Clothing,30,South Carolina,S,Cyan,Fall,2.8,Yes,Express,Yes,Yes,8,PayPal,Fortnightly,1,1,1,26,Boomer-Early (55-64),100.0,22.34,At-Risk,0,0,0,780,At-Risk / Dormant
504,55,Male,Shoes,Footwear,24,West Virginia,M,Lavender,Summer,3.2,Yes,Next Day Air,Yes,Yes,26,Bank Transfer,Quarterly,1,1,1,4,Boomer-Early (55-64),100.0,23.63,At-Risk,0,0,0,96,At-Risk / Dormant
505,42,Male,Shoes,Footwear,22,Missouri,M,Maroon,Winter,3.9,Yes,Free Shipping,Yes,Yes,26,PayPal,Annually,1,1,1,1,Millennial-Late (35-44),100.0,21.28,At-Risk,0,0,0,22,At-Risk / Dormant
506,61,Male,T-shirt,Clothing,63,Maine,L,Gray,Spring,4.3,Yes,Express,Yes,Yes,9,Cash,Bi-Weekly,1,1,1,26,Boomer-Early (55-64),100.0,37.6,Potential,1,0,0,1638,Growth Potential
507,28,Male,Scarf,Accessories,40,Georgia,M,Olive,Fall,2.7,Yes,2-Day Shipping,Yes,Yes,48,Debit Card,Annually,1,1,1,1,Millennial-Early (25-34),100.0,47.12,Loyalists,0,0,0,40,Promo Loyalists
508,65,Male,Shorts,Clothing,20,Maine,M,Magenta,Spring,5.0,Yes,Store Pickup,Yes,Yes,33,Debit Card,Fortnightly,1,1,1,26,Boomer+ (65+),100.0,38.38,Potential,1,0,0,520,Growth Potential
509,27,Male,Jewelry,Accessories,20,Illinois,S,Yellow,Winter,3.7,Yes,Store Pickup,Yes,Yes,31,PayPal,Quarterly,1,1,1,4,Millennial-Early (25-34),100.0,25.96,At-Risk,0,0,0,80,At-Risk / Dormant
510,41,Male,T-shirt,Clothing,80,Delaware,L,Cyan,Summer,3.9,Yes,Free Shipping,Yes,Yes,17,Debit Card,Weekly,1,1,1,52,Millennial-Late (35-44),100.0,64.31,Champions,0,0,0,4160,Promo Champions
511,21,Male,Shirt,Clothing,87,West Virginia,M,Teal,Fall,3.9,Yes,2-Day Shipping,Yes,Yes,22,Venmo,Annually,1,1,1,1,Gen Z (18-24),100.0,46.46,Loyalists,0,0,0,87,Promo Loyalists
512,61,Male,Shirt,Clothing,46,Hawaii,L,Yellow,Fall,3.1,Yes,Free Shipping,Yes,Yes,8,PayPal,Annually,1,1,1,1,Boomer-Early (55-64),100.0,17.09,At-Risk,0,0,0,46,At-Risk / Dormant
513,19,Male,Gloves,Accessories,49,New York,L,Peach,Winter,3.8,Yes,Next Day Air,Yes,Yes,2,Bank Transfer,Monthly,1,1,1,12,Gen Z (18-24),100.0,18.9,At-Risk,0,0,0,588,At-Risk / Dormant
514,22,Male,Scarf,Accessories,65,New Mexico,M,Peach,Fall,3.6,Yes,Store Pickup,Yes,Yes,45,Venmo,Annually,1,1,1,1,Gen Z (18-24),100.0,55.61,Loyalists,0,0,0,65,Promo Loyalists
515,64,Male,Skirt,Clothing,62,Indiana,S,Olive,Winter,4.3,Yes,Standard,Yes,Yes,47,PayPal,Quarterly,1,1,1,4,Boomer-Early (55-64),100.0,57.4,Loyalists,1,0,1,248,Promo Loyalists
516,28,Male,Hat,Accessories,67,Kentucky,L,Charcoal,Spring,4.5,Yes,Next Day Air,Yes,Yes,7,Cash,Monthly,1,1,1,12,Millennial-Early (25-34),100.0,30.85,At-Risk,1,0,0,804,At-Risk / Dormant
517,34,Male,Hoodie,Clothing,41,West Virginia,L,Indigo,Fall,2.8,Yes,2-Day Shipping,Yes,Yes,19,Debit Card,Bi-Weekly,1,1,1,26,Millennial-Early (25-34),100.0,36.14,Potential,0,0,0,1066,Growth Potential
518,61,Male,Boots,Footwear,49,North Dakota,L,Silver,Fall,2.7,Yes,Free Shipping,Yes,Yes,44,Cash,Every 3 Months,1,1,1,4,Boomer-Early (55-64),100.0,49.26,Loyalists,0,0,0,196,Promo Loyalists
519,24,Male,Blouse,Clothing,100,Oregon,M,Beige,Fall,2.9,Yes,Next Day Air,Yes,Yes,16,Venmo,Every 3 Months,1,1,1,4,Gen Z (18-24),100.0,48.72,Loyalists,0,0,0,400,Promo Loyalists
520,19,Male,Belt,Accessories,54,Minnesota,L,Blue,Summer,4.4,Yes,2-Day Shipping,Yes,Yes,17,Bank Transfer,Quarterly,1,1,1,4,Gen Z (18-24),100.0,29.41,At-Risk,1,0,0,216,At-Risk / Dormant
521,51,Male,Sunglasses,Accessories,84,South Carolina,M,White,Spring,3.9,Yes,Free Shipping,Yes,Yes,20,Debit Card,Quarterly,1,1,1,4,Gen X (45-54),100.0,44.98,Loyalists,0,0,0,336,Promo Loyalists
522,36,Male,Shorts,Clothing,41,Vermont,L,Gold,Winter,3.5,Yes,Standard,Yes,Yes,50,Bank Transfer,Annually,1,1,1,1,Millennial-Late (35-44),100.0,49.19,Loyalists,0,0,0,41,Promo Loyalists
523,65,Male,Gloves,Accessories,88,Minnesota,M,Blue,Spring,2.5,Yes,Store Pickup,Yes,Yes,37,Cash,Quarterly,1,1,1,4,Boomer+ (65+),100.0,60.61,Champions,0,0,0,352,Promo Champions
524,46,Male,Sandals,Footwear,40,Delaware,M,Orange,Spring,4.9,Yes,Express,Yes,Yes,5,PayPal,Quarterly,1,1,1,4,Gen X (45-54),100.0,13.49,At-Risk,1,0,0,160,At-Risk / Dormant
525,59,Male,Shirt,Clothing,39,Pennsylvania,M,Gold,Summer,4.8,Yes,Free Shipping,Yes,Yes,44,PayPal,Annually,1,1,1,1,Boomer-Early (55-64),100.0,43.41,Potential,1,0,0,39,Growth Potential
526,51,Male,Coat,Outerwear,37,Iowa,M,Cyan,Spring,3.2,Yes,Next Day Air,Yes,Yes,41,Debit Card,Monthly,1,1,1,12,Gen X (45-54),100.0,45.48,Loyalists,0,0,0,444,Promo Loyalists
527,51,Male,Pants,Clothing,52,New Jersey,S,Red,Winter,4.9,Yes,Standard,Yes,Yes,19,Cash,Monthly,1,1,1,12,Gen X (45-54),100.0,34.09,Potential,1,0,0,624,Growth Potential
528,21,Male,T-shirt,Clothing,23,South Carolina,L,Yellow,Winter,4.3,Yes,Next Day Air,Yes,Yes,47,Bank Transfer,Every 3 Months,1,1,1,4,Gen Z (18-24),100.0,40.33,Potential,1,0,0,92,Growth Potential
529,34,Male,Sneakers,Footwear,88,Maryland,S,Beige,Winter,3.2,Yes,Express,Yes,Yes,40,Cash,Annually,1,1,1,1,Millennial-Early (25-34),100.0,61.59,Champions,0,0,0,88,Promo Champions
530,32,Male,Shorts,Clothing,84,California,M,Orange,Fall,3.7,Yes,Standard,Yes,Yes,6,Credit Card,Monthly,1,1,1,12,Millennial-Early (25-34),100.0,37.47,Potential,0,0,0,1008,Growth Potential
531,48,Male,Coat,Outerwear,37,Montana,XL,Magenta,Winter,3.2,Yes,Store Pickup,Yes,Yes,25,Credit Card,Bi-Weekly,1,1,1,26,Gen X (45-54),100.0,39.28,Potential,0,0,0,962,Growth Potential
532,50,Male,Sandals,Footwear,51,Vermont,L,Purple,Fall,3.4,Yes,Next Day Air,Yes,Yes,42,Cash,Weekly,1,1,1,52,Gen X (45-54),100.0,72.03,Champions,0,0,0,2652,Promo Champions
533,26,Male,Pants,Clothing,76,Texas,L,Black,Winter,4.1,Yes,Express,Yes,Yes,35,Bank Transfer,Every 3 Months,1,1,1,4,Millennial-Early (25-34),100.0,53.73,Loyalists,1,0,1,304,Promo Loyalists
534,57,Male,Sandals,Footwear,60,North Carolina,L,Pink,Spring,4.5,Yes,Next Day Air,Yes,Yes,17,Debit Card,Weekly,1,1,1,52,Boomer-Early (55-64),100.0,55.56,Loyalists,1,0,1,3120,Promo Loyalists
535,65,Male,Gloves,Accessories,72,Florida,L,Pink,Fall,4.5,Yes,Next Day Air,Yes,Yes,4,PayPal,Quarterly,1,1,1,4,Boomer+ (65+),100.0,26.67,At-Risk,1,0,0,288,At-Risk / Dormant
536,56,Male,T-shirt,Clothing,45,West Virginia,L,Maroon,Spring,3.2,Yes,Free Shipping,Yes,Yes,24,Bank Transfer,Weekly,1,1,1,52,Boomer-Early (55-64),100.0,54.71,Loyalists,0,0,0,2340,Promo Loyalists
537,44,Male,Jacket,Outerwear,84,Illinois,S,Maroon,Fall,4.4,Yes,Store Pickup,Yes,Yes,16,Debit Card,Every 3 Months,1,1,1,4,Millennial-Late (35-44),100.0,41.72,Potential,1,0,0,336,Growth Potential
538,50,Male,Blouse,Clothing,49,Virginia,S,Turquoise,Summer,3.0,Yes,Store Pickup,Yes,Yes,14,Debit Card,Annually,1,1,1,1,Gen X (45-54),100.0,23.3,At-Risk,0,0,0,49,At-Risk / Dormant
539,27,Male,Socks,Clothing,22,Virginia,XL,Green,Spring,3.2,Yes,Free Shipping,Yes,Yes,43,Cash,Weekly,1,1,1,52,Millennial-Early (25-34),100.0,60.16,Champions,0,0,0,1144,Promo Champions
540,49,Male,Coat,Outerwear,48,Wyoming,M,Violet,Winter,4.0,Yes,Store Pickup,Yes,Yes,49,Debit Card,Weekly,1,1,1,52,Gen X (45-54),100.0,76.43,Champions,1,0,1,2496,Promo Champions
541,49,Male,Dress,Clothing,37,South Carolina,M,Lavender,Spring,3.1,Yes,Next Day Air,Yes,Yes,33,Cash,Every 3 Months,1,1,1,4,Gen X (45-54),100.0,35.03,Potential,0,0,0,148,Growth Potential
542,52,Male,Jacket,Outerwear,27,Connecticut,L,Gray,Fall,2.8,Yes,Next Day Air,Yes,Yes,45,Cash,Bi-Weekly,1,1,1,26,Gen X (45-54),100.0,51.24,Loyalists,0,0,0,702,Promo Loyalists
543,27,Male,Boots,Footwear,79,Illinois,XL,Teal,Spring,4.6,Yes,Next Day Air,Yes,Yes,35,Cash,Bi-Weekly,1,1,1,26,Millennial-Early (25-34),100.0,65.82,Champions,1,0,1,2054,Promo Champions
544,53,Male,Skirt,Clothing,98,Alabama,S,Red,Spring,4.3,Yes,Express,Yes,Yes,11,Credit Card,Monthly,1,1,1,12,Gen X (45-54),100.0,47.68,Loyalists,1,0,1,1176,Promo Loyalists
545,34,Male,Sandals,Footwear,64,Washington,S,Yellow,Summer,3.3,Yes,Standard,Yes,Yes,30,Bank Transfer,Every 3 Months,1,1,1,4,Millennial-Early (25-34),100.0,44.39,Potential,0,0,0,256,Growth Potential
546,33,Male,Coat,Outerwear,32,Alabama,L,Magenta,Summer,3.5,Yes,2-Day Shipping,Yes,Yes,48,Debit Card,Annually,1,1,1,1,Millennial-Early (25-34),100.0,43.62,Potential,0,0,0,32,Growth Potential
547,62,Male,Hoodie,Clothing,74,New Mexico,M,Brown,Winter,3.4,Yes,Free Shipping,Yes,Yes,45,Venmo,Bi-Weekly,1,1,1,26,Boomer-Early (55-64),100.0,71.8,Champions,0,0,0,1924,Promo Champions
548,38,Male,Jacket,Outerwear,50,Nevada,M,Blue,Winter,2.8,Yes,Free Shipping,Yes,Yes,26,Venmo,Weekly,1,1,1,52,Millennial-Late (35-44),100.0,58.53,Champions,0,0,0,2600,Promo Champions
549,36,Male,Backpack,Accessories,64,Nebraska,M,Black,Winter,4.6,Yes,Store Pickup,Yes,Yes,41,Debit Card,Every 3 Months,1,1,1,4,Millennial-Late (35-44),100.0,53.37,Loyalists,1,0,1,256,Promo Loyalists
550,31,Male,Backpack,Accessories,29,Arizona,S,Olive,Fall,3.6,Yes,Express,Yes,Yes,37,Venmo,Bi-Weekly,1,1,1,26,Millennial-Early (25-34),100.0,45.58,Loyalists,0,0,0,754,Promo Loyalists
551,62,Male,Belt,Accessories,62,Georgia,M,Olive,Summer,3.3,Yes,Store Pickup,Yes,Yes,12,PayPal,Weekly,1,1,1,52,Boomer-Early (55-64),100.0,52.35,Loyalists,0,0,0,3224,Promo Loyalists
552,29,Male,Coat,Outerwear,78,Idaho,XL,Green,Fall,3.1,Yes,2-Day Shipping,Yes,Yes,27,Cash,Bi-Weekly,1,1,1,26,Millennial-Early (25-34),100.0,58.85,Champions,0,0,0,2028,Promo Champions
553,24,Male,T-shirt,Clothing,94,Missouri,M,Peach,Fall,3.5,Yes,Express,Yes,Yes,18,Bank Transfer,Weekly,1,1,1,52,Gen Z (18-24),100.0,71.25,Champions,0,0,0,4888,Promo Champions
554,63,Male,Sunglasses,Accessories,59,Florida,M,White,Winter,3.2,Yes,Express,Yes,Yes,15,Credit Card,Quarterly,1,1,1,4,Boomer-Early (55-64),100.0,29.96,At-Risk,0,0,0,236,At-Risk / Dormant
555,56,Male,Sneakers,Footwear,47,Minnesota,M,Red,Summer,3.0,Yes,Express,Yes,Yes,34,Bank Transfer,Weekly,1,1,1,52,Boomer-Early (55-64),100.0,63.75,Champions,0,0,0,2444,Promo Champions
556,63,Male,Gloves,Accessories,57,Maine,M,White,Fall,4.8,Yes,Express,Yes,Yes,37,Venmo,Annually,1,1,1,1,Boomer-Early (55-64),100.0,45.58,Loyalists,1,0,1,57,Promo Loyalists
557,40,Male,Coat,Outerwear,90,Montana,L,Indigo,Winter,5.0,Yes,Store Pickup,Yes,Yes,21,Cash,Fortnightly,1,1,1,26,Millennial-Late (35-44),100.0,59.21,Champions,1,0,1,2340,Promo Champions
558,18,Male,Shirt,Clothing,60,Alaska,M,White,Spring,2.9,Yes,Free Shipping,Yes,Yes,31,Debit Card,Weekly,1,1,1,52,Gen Z (18-24),100.0,66.99,Champions,0,0,0,3120,Promo Champions
559,50,Male,Sneakers,Footwear,77,Iowa,L,Teal,Fall,3.2,Yes,Express,Yes,Yes,43,Debit Card,Every 3 Months,1,1,1,4,Gen X (45-54),100.0,60.69,Champions,0,0,0,308,Promo Champions
560,66,Male,Scarf,Accessories,41,Arizona,M,Indigo,Fall,2.9,Yes,Store Pickup,Yes,Yes,22,Bank Transfer,Monthly,1,1,1,12,Boomer+ (65+),100.0,31.72,At-Risk,0,0,0,492,At-Risk / Dormant
561,25,Male,Jewelry,Accessories,48,Louisiana,L,Red,Fall,3.8,Yes,Free Shipping,Yes,Yes,12,Debit Card,Annually,1,1,1,1,Millennial-Early (25-34),100.0,21.23,At-Risk,0,0,0,48,At-Risk / Dormant
562,65,Male,Jacket,Outerwear,65,Alabama,M,Blue,Fall,2.6,Yes,Next Day Air,Yes,Yes,25,PayPal,Fortnightly,1,1,1,26,Boomer+ (65+),100.0,51.53,Loyalists,0,0,0,1690,Promo Loyalists
563,53,Male,Jeans,Clothing,62,Missouri,M,Blue,Summer,3.5,Yes,Standard,Yes,Yes,40,Debit Card,Annually,1,1,1,1,Gen X (45-54),100.0,50.21,Loyalists,0,0,0,62,Promo Loyalists
564,61,Male,Shoes,Footwear,99,Idaho,M,Black,Fall,4.4,Yes,Standard,Yes,Yes,16,Debit Card,Quarterly,1,1,1,4,Boomer-Early (55-64),100.0,48.28,Loyalists,1,0,1,396,Promo Loyalists
565,67,Male,Hoodie,Clothing,58,Florida,M,Olive,Winter,3.4,Yes,Next Day Air,Yes,Yes,30,Bank Transfer,Weekly,1,1,1,52,Boomer+ (65+),100.0,65.3,Champions,0,0,0,3016,Promo Champions
566,59,Male,Backpack,Accessories,43,Idaho,L,Lavender,Fall,4.2,Yes,Store Pickup,Yes,Yes,10,Venmo,Weekly,1,1,1,52,Boomer-Early (55-64),100.0,42.41,Potential,1,0,0,2236,Growth Potential
567,55,Male,Sneakers,Footwear,93,Alabama,M,Indigo,Spring,3.6,Yes,Store Pickup,Yes,Yes,1,Debit Card,Fortnightly,1,1,1,26,Boomer-Early (55-64),100.0,44.19,Potential,0,0,0,2418,Growth Potential
568,21,Male,Blouse,Clothing,50,New Hampshire,S,Red,Winter,3.0,Yes,Next Day Air,Yes,Yes,24,Venmo,Fortnightly,1,1,1,26,Gen Z (18-24),100.0,44.16,Potential,0,0,0,1300,Growth Potential
569,44,Male,Pants,Clothing,88,Utah,L,Red,Summer,4.0,Yes,Free Shipping,Yes,Yes,36,PayPal,Monthly,1,1,1,12,Millennial-Late (35-44),100.0,63.71,Champions,1,0,1,1056,Promo Champions
570,65,Male,Skirt,Clothing,33,Alabama,M,Pink,Fall,4.4,Yes,Express,Yes,Yes,46,Credit Card,Every 3 Months,1,1,1,4,Boomer+ (65+),100.0,43.89,Potential,1,0,0,132,Growth Potential
571,65,Male,T-shirt,Clothing,99,Iowa,XL,Purple,Fall,4.1,Yes,Standard,Yes,Yes,20,Cash,Annually,1,1,1,1,Boomer+ (65+),100.0,50.07,Loyalists,1,0,1,99,Promo Loyalists
572,54,Male,Jacket,Outerwear,76,Kentucky,XL,Cyan,Spring,3.6,Yes,Free Shipping,Yes,Yes,37,Venmo,Weekly,1,1,1,52,Gen X (45-54),100.0,78.89,Champions,0,0,0,3952,Promo Champions
573,56,Male,Scarf,Accessories,97,South Carolina,XL,Cyan,Summer,4.6,Yes,Next Day Air,Yes,Yes,26,Bank Transfer,Annually,1,1,1,1,Boomer-Early (55-64),100.0,54.1,Loyalists,1,0,1,97,Promo Loyalists
574,58,Male,Pants,Clothing,68,California,M,Charcoal,Summer,3.2,Yes,2-Day Shipping,Yes,Yes,23,Credit Card,Bi-Weekly,1,1,1,26,Boomer-Early (55-64),100.0,51.21,Loyalists,0,0,0,1768,Promo Loyalists
575,54,Male,Sneakers,Footwear,79,Maine,L,Red,Fall,4.8,Yes,Free Shipping,Yes,Yes,20,Bank Transfer,Bi-Weekly,1,1,1,26,Gen X (45-54),100.0,53.58,Loyalists,1,0,1,2054,Promo Loyalists
576,58,Male,Jeans,Clothing,86,Nebraska,M,Peach,Fall,4.8,Yes,Express,Yes,Yes,38,PayPal,Monthly,1,1,1,12,Boomer-Early (55-64),100.0,64.47,Champions,1,0,1,1032,Promo Champions
577,48,Male,Hat,Accessories,68,Washington,M,Black,Winter,5.0,Yes,2-Day Shipping,Yes,Yes,5,Credit Card,Every 3 Months,1,1,1,4,Gen X (45-54),100.0,25.74,At-Risk,1,0,0,272,At-Risk / Dormant
578,19,Male,Skirt,Clothing,52,Alabama,M,Black,Fall,3.7,Yes,Store Pickup,Yes,Yes,41,Venmo,Annually,1,1,1,1,Gen Z (18-24),100.0,46.65,Loyalists,0,0,0,52,Promo Loyalists
579,69,Male,Sandals,Footwear,90,Maine,M,Purple,Fall,4.6,Yes,Next Day Air,Yes,Yes,22,Credit Card,Fortnightly,1,1,1,26,Boomer+ (65+),100.0,60.02,Champions,1,0,1,2340,Promo Champions
580,58,Male,Sandals,Footwear,41,California,M,Violet,Winter,3.7,Yes,Free Shipping,Yes,Yes,48,Credit Card,Annually,1,1,1,1,Boomer-Early (55-64),100.0,47.55,Loyalists,0,0,0,41,Promo Loyalists
581,49,Male,Sweater,Clothing,80,Iowa,M,Orange,Spring,4.1,Yes,Free Shipping,Yes,Yes,10,PayPal,Weekly,1,1,1,52,Gen X (45-54),100.0,58.6,Champions,1,0,1,4160,Promo Champions
582,32,Male,Sweater,Clothing,100,Iowa,XL,Charcoal,Winter,2.7,Yes,Store Pickup,Yes,Yes,12,Bank Transfer,Every 3 Months,1,1,1,4,Millennial-Early (25-34),100.0,45.45,Loyalists,0,0,0,400,Promo Loyalists
583,40,Male,Jacket,Outerwear,77,Colorado,L,Turquoise,Spring,4.9,Yes,Store Pickup,Yes,Yes,2,Bank Transfer,Quarterly,1,1,1,4,Millennial-Late (35-44),100.0,27.22,At-Risk,1,0,0,308,At-Risk / Dormant
584,25,Male,Shorts,Clothing,78,California,L,Yellow,Spring,4.0,Yes,Store Pickup,Yes,Yes,38,PayPal,Monthly,1,1,1,12,Millennial-Early (25-34),100.0,60.97,Champions,1,0,1,936,Promo Champions
585,70,Male,Socks,Clothing,94,Indiana,M,White,Spring,4.7,Yes,Free Shipping,Yes,Yes,20,Debit Card,Monthly,1,1,1,12,Boomer+ (65+),100.0,53.28,Loyalists,1,0,1,1128,Promo Loyalists
586,69,Male,Socks,Clothing,23,South Carolina,M,Gray,Fall,2.8,Yes,Next Day Air,Yes,Yes,5,Cash,Every 3 Months,1,1,1,4,Boomer+ (65+),100.0,6.05,At-Risk,0,0,0,92,At-Risk / Dormant
587,45,Male,Hoodie,Clothing,20,Wisconsin,S,Blue,Winter,4.9,Yes,2-Day Shipping,Yes,Yes,9,Venmo,Annually,1,1,1,1,Gen X (45-54),100.0,6.53,At-Risk,1,0,0,20,At-Risk / Dormant
588,29,Male,Socks,Clothing,86,Washington,S,Maroon,Fall,4.2,Yes,Express,Yes,Yes,48,Debit Card,Every 3 Months,1,1,1,4,Millennial-Early (25-34),100.0,68.71,Champions,1,0,1,344,Promo Champions
589,47,Male,Boots,Footwear,60,South Dakota,M,Violet,Fall,3.0,Yes,Standard,Yes,Yes,9,Debit Card,Quarterly,1,1,1,4,Gen X (45-54),100.0,25.5,At-Risk,0,0,0,240,At-Risk / Dormant
590,28,Male,Shirt,Clothing,70,Minnesota,M,Orange,Fall,3.4,Yes,2-Day Shipping,Yes,Yes,40,PayPal,Annually,1,1,1,1,Millennial-Early (25-34),100.0,53.71,Loyalists,0,0,0,70,Promo Loyalists
591,64,Male,Belt,Accessories,39,Alaska,S,Turquoise,Fall,4.6,Yes,Standard,Yes,Yes,30,Venmo,Fortnightly,1,1,1,26,Boomer-Early (55-64),100.0,44.24,Potential,1,0,0,1014,Growth Potential
592,47,Male,Backpack,Accessories,37,Kentucky,L,Olive,Fall,4.2,Yes,Store Pickup,Yes,Yes,6,Debit Card,Bi-Weekly,1,1,1,26,Gen X (45-54),100.0,23.77,At-Risk,1,0,0,962,At-Risk / Dormant
593,60,Male,Boots,Footwear,29,North Dakota,M,Brown,Fall,3.2,Yes,Free Shipping,Yes,Yes,42,Venmo,Every 3 Months,1,1,1,4,Boomer-Early (55-64),100.0,38.88,Potential,0,0,0,116,Growth Potential
594,67,Male,Coat,Outerwear,35,Alaska,S,Green,Winter,4.4,Yes,Store Pickup,Yes,Yes,9,PayPal,Every 3 Months,1,1,1,4,Boomer+ (65+),100.0,14.56,At-Risk,1,0,0,140,At-Risk / Dormant
595,35,Male,Hoodie,Clothing,83,Oklahoma,S,Brown,Winter,2.5,Yes,Next Day Air,Yes,Yes,6,Debit Card,Monthly,1,1,1,12,Millennial-Late (35-44),100.0,37.04,Potential,0,0,0,996,Growth Potential
596,30,Male,Shoes,Footwear,77,Delaware,M,Silver,Summer,3.6,Yes,Next Day Air,Yes,Yes,47,PayPal,Quarterly,1,1,1,4,Millennial-Early (25-34),100.0,63.96,Champions,0,0,0,308,Promo Champions
597,23,Male,Shoes,Footwear,37,Montana,XL,White,Summer,4.5,Yes,Store Pickup,Yes,Yes,36,Venmo,Annually,1,1,1,1,Gen Z (18-24),100.0,36.01,Potential,1,0,0,37,Growth Potential
598,70,Male,Jewelry,Accessories,69,Alaska,L,Gold,Summer,3.4,Yes,Standard,Yes,Yes,19,Bank Transfer,Fortnightly,1,1,1,26,Boomer+ (65+),100.0,48.39,Loyalists,0,0,0,1794,Promo Loyalists
599,21,Male,Dress,Clothing,66,California,L,Green,Winter,3.2,Yes,2-Day Shipping,Yes,Yes,30,Cash,Every 3 Months,1,1,1,4,Gen Z (18-24),100.0,45.27,Loyalists,0,0,0,264,Promo Loyalists
600,51,Male,Boots,Footwear,26,Massachusetts,L,Teal,Spring,4.2,Yes,Standard,Yes,Yes,27,Debit Card,Every 3 Months,1,1,1,4,Gen X (45-54),100.0,25.32,At-Risk,1,0,0,104,At-Risk / Dormant
601,22,Male,Hat,Accessories,63,South Carolina,M,Charcoal,Spring,5.0,Yes,2-Day Shipping,Yes,Yes,25,Venmo,Monthly,1,1,1,12,Gen Z (18-24),100.0,43.8,Potential,1,0,0,756,Growth Potential
602,32,Male,Backpack,Accessories,38,West Virginia,M,Maroon,Summer,4.7,Yes,Store Pickup,Yes,Yes,5,Cash,Fortnightly,1,1,1,26,Millennial-Early (25-34),100.0,23.4,At-Risk,1,0,0,988,At-Risk / Dormant
603,37,Male,Shoes,Footwear,58,Oregon,L,Lavender,Summer,4.2,Yes,Next Day Air,Yes,Yes,10,Cash,Every 3 Months,1,1,1,4,Millennial-Late (35-44),100.0,25.44,At-Risk,1,0,0,232,At-Risk / Dormant
604,31,Male,Handbag,Accessories,46,Massachusetts,L,Green,Winter,3.4,Yes,2-Day Shipping,Yes,Yes,26,PayPal,Every 3 Months,1,1,1,4,Millennial-Early (25-34),100.0,33.25,Potential,0,0,0,184,Growth Potential
605,44,Male,Sunglasses,Accessories,92,West Virginia,S,Pink,Fall,4.4,Yes,Store Pickup,Yes,Yes,11,Credit Card,Every 3 Months,1,1,1,4,Millennial-Late (35-44),100.0,41.13,Potential,1,0,0,368,Growth Potential
606,40,Male,Hat,Accessories,32,California,XL,Charcoal,Winter,4.2,Yes,Standard,Yes,Yes,17,Bank Transfer,Weekly,1,1,1,52,Millennial-Late (35-44),100.0,43.31,Potential,1,0,0,1664,Growth Potential
607,27,Male,Scarf,Accessories,90,Colorado,M,Blue,Spring,4.5,Yes,Standard,Yes,Yes,44,PayPal,Monthly,1,1,1,12,Millennial-Early (25-34),100.0,71.12,Champions,1,0,1,1080,Promo Champions
608,47,Male,Hoodie,Clothing,23,Indiana,L,Purple,Fall,2.8,Yes,Next Day Air,Yes,Yes,44,Cash,Monthly,1,1,1,12,Gen X (45-54),100.0,41.81,Potential,0,0,0,276,Growth Potential
609,41,Male,Backpack,Accessories,25,Delaware,S,Gold,Fall,3.3,Yes,Next Day Air,Yes,Yes,21,Venmo,Every 3 Months,1,1,1,4,Millennial-Late (35-44),100.0,19.98,At-Risk,0,0,0,100,At-Risk / Dormant
610,51,Male,Sweater,Clothing,54,Ohio,L,Purple,Fall,4.6,Yes,Next Day Air,Yes,Yes,49,Credit Card,Fortnightly,1,1,1,26,Gen X (45-54),100.0,66.31,Champions,1,0,1,1404,Promo Champions
611,53,Male,Shorts,Clothing,72,Oklahoma,M,Charcoal,Summer,2.5,Yes,Free Shipping,Yes,Yes,27,Bank Transfer,Every 3 Months,1,1,1,4,Gen X (45-54),100.0,45.45,Loyalists,0,0,0,288,Promo Loyalists
612,43,Male,Scarf,Accessories,33,California,M,Black,Winter,4.7,Yes,Store Pickup,Yes,Yes,19,Cash,Monthly,1,1,1,12,Millennial-Late (35-44),100.0,25.77,At-Risk,1,0,0,396,At-Risk / Dormant
613,67,Male,Hat,Accessories,43,New Hampshire,L,Lavender,Fall,4.6,Yes,Express,Yes,Yes,33,Credit Card,Quarterly,1,1,1,4,Boomer+ (65+),100.0,37.66,Potential,1,0,0,172,Growth Potential
614,61,Male,Coat,Outerwear,51,Pennsylvania,L,Lavender,Fall,2.6,Yes,Standard,Yes,Yes,46,Cash,Bi-Weekly,1,1,1,26,Boomer-Early (55-64),100.0,62.55,Champions,0,0,0,1326,Promo Champions
615,68,Male,Jewelry,Accessories,85,Idaho,M,Lavender,Winter,4.0,Yes,Standard,Yes,Yes,21,Credit Card,Bi-Weekly,1,1,1,26,Boomer+ (65+),100.0,57.02,Loyalists,1,0,1,2210,Promo Loyalists
616,67,Male,Sandals,Footwear,100,Maryland,L,Olive,Summer,2.6,Yes,Next Day Air,Yes,Yes,23,Venmo,Annually,1,1,1,1,Boomer+ (65+),100.0,52.96,Loyalists,0,0,0,100,Promo Loyalists
617,29,Male,Gloves,Accessories,72,Pennsylvania,L,Teal,Spring,4.6,Yes,Free Shipping,Yes,Yes,38,Credit Card,Every 3 Months,1,1,1,4,Millennial-Early (25-34),100.0,54.42,Loyalists,1,0,1,288,Promo Loyalists
618,50,Male,Backpack,Accessories,57,Colorado,M,Maroon,Fall,2.6,Yes,Standard,Yes,Yes,2,Bank Transfer,Quarterly,1,1,1,4,Gen X (45-54),100.0,18.47,At-Risk,0,0,0,228,At-Risk / Dormant
619,61,Male,Jacket,Outerwear,94,Indiana,L,Cyan,Spring,4.0,Yes,Express,Yes,Yes,21,Debit Card,Bi-Weekly,1,1,1,26,Boomer-Early (55-64),100.0,60.96,Champions,1,0,1,2444,Promo Champions
620,19,Male,Backpack,Accessories,34,Nebraska,M,Charcoal,Summer,4.6,Yes,Store Pickup,Yes,Yes,1,Debit Card,Every 3 Months,1,1,1,4,Gen Z (18-24),100.0,7.6,At-Risk,1,0,0,136,At-Risk / Dormant
621,33,Male,Backpack,Accessories,89,Rhode Island,M,Black,Fall,3.7,Yes,2-Day Shipping,Yes,Yes,10,Venmo,Every 3 Months,1,1,1,4,Millennial-Early (25-34),100.0,39.01,Potential,0,0,0,356,Growth Potential
622,51,Male,Sunglasses,Accessories,27,Kansas,S,Red,Fall,4.4,Yes,Store Pickup,Yes,Yes,45,Credit Card,Weekly,1,1,1,52,Gen X (45-54),100.0,63.98,Champions,1,0,1,1404,Promo Champions
623,69,Male,Socks,Clothing,63,Georgia,S,Peach,Spring,4.0,Yes,Next Day Air,Yes,Yes,44,Bank Transfer,Fortnightly,1,1,1,26,Boomer+ (65+),100.0,66.17,Champions,1,0,1,1638,Promo Champions
624,19,Male,Shoes,Footwear,70,Nevada,M,White,Fall,4.7,Yes,Standard,Yes,Yes,48,PayPal,Bi-Weekly,1,1,1,26,Gen Z (18-24),100.0,72.5,Champions,1,0,1,1820,Promo Champions
625,55,Male,Pants,Clothing,87,South Carolina,XL,Pink,Fall,3.4,Yes,Express,Yes,Yes,21,PayPal,Annually,1,1,1,1,Boomer-Early (55-64),100.0,45.64,Loyalists,0,0,0,87,Promo Loyalists
626,49,Male,Jewelry,Accessories,79,Delaware,M,Red,Fall,4.0,Yes,Next Day Air,Yes,Yes,1,Venmo,Weekly,1,1,1,52,Gen X (45-54),100.0,50.81,Loyalists,1,0,1,4108,Promo Loyalists
627,31,Male,Sunglasses,Accessories,79,New Hampshire,M,Indigo,Spring,3.9,Yes,Standard,Yes,Yes,10,Venmo,Annually,1,1,1,1,Millennial-Early (25-34),100.0,33.16,Potential,0,0,0,79,Growth Potential
628,42,Male,Sandals,Footwear,44,Oregon,L,Black,Winter,4.1,Yes,Express,Yes,Yes,24,PayPal,Monthly,1,1,1,12,Millennial-Late (35-44),100.0,34.67,Potential,1,0,0,528,Growth Potential
629,69,Male,Sweater,Clothing,85,Massachusetts,M,White,Fall,3.8,Yes,2-Day Shipping,Yes,Yes,29,Credit Card,Monthly,1,1,1,12,Boomer+ (65+),100.0,56.69,Loyalists,0,0,0,1020,Promo Loyalists
630,26,Male,Shoes,Footwear,90,Vermont,L,Beige,Spring,4.7,Yes,Standard,Yes,Yes,11,Debit Card,Annually,1,1,1,1,Millennial-Early (25-34),100.0,38.79,Potential,1,0,0,90,Growth Potential
631,41,Male,Jewelry,Accessories,94,Mississippi,S,Silver,Fall,4.3,Yes,2-Day Shipping,Yes,Yes,33,Debit Card,Annually,1,1,1,1,Millennial-Late (35-44),100.0,58.5,Champions,1,0,1,94,Promo Champions
632,55,Male,Boots,Footwear,68,Washington,S,Violet,Summer,4.1,Yes,Store Pickup,Yes,Yes,27,Cash,Fortnightly,1,1,1,26,Boomer-Early (55-64),100.0,54.48,Loyalists,1,0,1,1768,Promo Loyalists
633,35,Male,Backpack,Accessories,51,Wyoming,M,Red,Winter,3.9,Yes,Next Day Air,Yes,Yes,19,Venmo,Fortnightly,1,1,1,26,Millennial-Late (35-44),100.0,40.51,Potential,0,0,0,1326,Growth Potential
634,66,Male,Sandals,Footwear,33,Minnesota,M,Orange,Spring,2.9,Yes,Express,Yes,Yes,50,Debit Card,Quarterly,1,1,1,4,Boomer+ (65+),100.0,47.16,Loyalists,0,0,0,132,Promo Loyalists
635,36,Male,Sneakers,Footwear,60,Ohio,M,Teal,Summer,3.9,Yes,Standard,Yes,Yes,46,PayPal,Weekly,1,1,1,52,Millennial-Late (35-44),100.0,79.23,Champions,0,0,0,3120,Promo Champions
636,27,Male,Hoodie,Clothing,59,South Carolina,M,Brown,Fall,4.3,Yes,2-Day Shipping,Yes,Yes,28,Cash,Quarterly,1,1,1,4,Millennial-Early (25-34),100.0,40.57,Potential,1,0,0,236,Growth Potential
637,41,Male,Handbag,Accessories,30,Wisconsin,M,Indigo,Summer,2.8,Yes,Store Pickup,Yes,Yes,14,Bank Transfer,Every 3 Months,1,1,1,4,Millennial-Late (35-44),100.0,16.46,At-Risk,0,0,0,120,At-Risk / Dormant
638,21,Male,Sweater,Clothing,20,Tennessee,M,Cyan,Winter,3.4,Yes,2-Day Shipping,Yes,Yes,46,Cash,Fortnightly,1,1,1,26,Gen Z (18-24),100.0,48.99,Loyalists,0,0,0,520,Promo Loyalists
639,53,Male,Sandals,Footwear,20,Maryland,S,Blue,Summer,2.7,Yes,Express,Yes,Yes,41,PayPal,Monthly,1,1,1,12,Gen X (45-54),100.0,38.05,Potential,0,0,0,240,Growth Potential
640,54,Male,Dress,Clothing,24,Mississippi,L,Olive,Spring,4.0,Yes,2-Day Shipping,Yes,Yes,50,Credit Card,Annually,1,1,1,1,Gen X (45-54),100.0,41.75,Potential,1,0,0,24,Growth Potential
641,53,Male,Skirt,Clothing,88,Minnesota,M,Gray,Summer,4.4,Yes,Store Pickup,Yes,Yes,28,Debit Card,Fortnightly,1,1,1,26,Gen X (45-54),100.0,64.05,Champions,1,0,1,2288,Promo Champions
642,47,Male,Blouse,Clothing,78,Alaska,M,Red,Winter,3.9,Yes,2-Day Shipping,Yes,Yes,23,Credit Card,Every 3 Months,1,1,1,4,Gen X (45-54),100.0,44.8,Loyalists,0,0,0,312,Promo Loyalists
643,64,Male,Skirt,Clothing,25,Arkansas,L,Red,Spring,2.8,Yes,2-Day Shipping,Yes,Yes,14,Debit Card,Bi-Weekly,1,1,1,26,Boomer-Early (55-64),100.0,25.05,At-Risk,0,0,0,650,At-Risk / Dormant
644,18,Male,Sweater,Clothing,57,Oregon,XL,Green,Winter,3.2,Yes,Next Day Air,Yes,Yes,10,Bank Transfer,Every 3 Months,1,1,1,4,Gen Z (18-24),100.0,25.01,At-Risk,0,0,0,228,At-Risk / Dormant
645,68,Male,Backpack,Accessories,93,Louisiana,S,Blue,Summer,4.3,Yes,Next Day Air,Yes,Yes,37,Cash,Weekly,1,1,1,52,Boomer+ (65+),100.0,86.33,Champions,1,0,1,4836,Promo Champions
646,62,Male,Hoodie,Clothing,42,Oklahoma,S,Purple,Summer,4.2,Yes,Express,Yes,Yes,15,Venmo,Bi-Weekly,1,1,1,26,Boomer-Early (55-64),100.0,33.31,Potential,1,0,0,1092,Growth Potential
647,51,Male,Boots,Footwear,54,Indiana,XL,Pink,Spring,4.9,Yes,Standard,Yes,Yes,19,Venmo,Bi-Weekly,1,1,1,26,Gen X (45-54),100.0,41.82,Potential,1,0,0,1404,Growth Potential
648,54,Male,Blouse,Clothing,70,Mississippi,XL,Charcoal,Summer,3.7,Yes,Express,Yes,Yes,23,Credit Card,Fortnightly,1,1,1,26,Gen X (45-54),100.0,52.09,Loyalists,0,0,0,1820,Promo Loyalists
649,22,Male,Hoodie,Clothing,31,Michigan,M,Brown,Winter,4.1,Yes,Store Pickup,Yes,Yes,35,Credit Card,Weekly,1,1,1,52,Gen Z (18-24),100.0,57.57,Loyalists,1,0,1,1612,Promo Loyalists
650,53,Male,Pants,Clothing,93,Delaware,L,Orange,Spring,4.2,Yes,Store Pickup,Yes,Yes,33,PayPal,Every 3 Months,1,1,1,4,Gen X (45-54),100.0,59.53,Champions,1,0,1,372,Promo Champions
651,34,Male,Gloves,Accessories,40,Florida,M,Magenta,Spring,3.9,Yes,Next Day Air,Yes,Yes,12,Bank Transfer,Annually,1,1,1,1,Millennial-Early (25-34),100.0,17.73,At-Risk,0,0,0,40,At-Risk / Dormant
652,32,Male,Hat,Accessories,32,Arkansas,L,Yellow,Summer,2.9,Yes,Next Day Air,Yes,Yes,41,Venmo,Fortnightly,1,1,1,26,Millennial-Early (25-34),100.0,50.16,Loyalists,0,0,0,832,Promo Loyalists
653,64,Male,Sunglasses,Accessories,27,Minnesota,M,Beige,Winter,3.1,Yes,Free Shipping,Yes,Yes,27,Venmo,Weekly,1,1,1,52,Boomer-Early (55-64),100.0,49.29,Loyalists,0,0,0,1404,Promo Loyalists
654,20,Male,Scarf,Accessories,68,North Dakota,M,Olive,Winter,3.6,Yes,2-Day Shipping,Yes,Yes,45,Cash,Fortnightly,1,1,1,26,Gen Z (18-24),100.0,69.17,Champions,0,0,0,1768,Promo Champions
655,24,Male,Handbag,Accessories,59,California,L,Gray,Summer,4.4,Yes,2-Day Shipping,Yes,Yes,23,Venmo,Annually,1,1,1,1,Gen Z (18-24),100.0,35.02,Potential,1,0,0,59,Growth Potential
656,20,Male,Handbag,Accessories,36,Mississippi,S,Purple,Fall,3.1,Yes,Free Shipping,Yes,Yes,19,Venmo,Monthly,1,1,1,12,Gen Z (18-24),100.0,27.09,At-Risk,0,0,0,432,At-Risk / Dormant
657,42,Male,Jeans,Clothing,23,Pennsylvania,M,Beige,Summer,3.9,Yes,Standard,Yes,Yes,6,PayPal,Quarterly,1,1,1,4,Millennial-Late (35-44),100.0,6.86,At-Risk,0,0,0,92,At-Risk / Dormant
658,48,Male,Jacket,Outerwear,80,Arizona,M,White,Winter,4.3,Yes,Free Shipping,Yes,Yes,6,PayPal,Quarterly,1,1,1,4,Gen X (45-54),100.0,31.8,At-Risk,1,0,0,320,At-Risk / Dormant
659,62,Male,Backpack,Accessories,37,Louisiana,S,White,Fall,4.9,Yes,Store Pickup,Yes,Yes,20,Venmo,Weekly,1,1,1,52,Boomer-Early (55-64),100.0,47.95,Loyalists,1,0,1,1924,Promo Loyalists
660,62,Male,Shorts,Clothing,52,Virginia,S,Gold,Spring,3.6,Yes,2-Day Shipping,Yes,Yes,8,Cash,Weekly,1,1,1,52,Boomer-Early (55-64),100.0,44.71,Loyalists,0,0,0,2704,Promo Loyalists
661,50,Male,Coat,Outerwear,79,Montana,M,Olive,Fall,5.0,Yes,2-Day Shipping,Yes,Yes,39,Credit Card,Quarterly,1,1,1,4,Gen X (45-54),100.0,58.3,Champions,1,0,1,316,Promo Champions
662,57,Male,Shirt,Clothing,68,Iowa,XL,Green,Fall,4.1,Yes,Store Pickup,Yes,Yes,39,Credit Card,Quarterly,1,1,1,4,Boomer-Early (55-64),100.0,53.49,Loyalists,1,0,1,272,Promo Loyalists
663,24,Male,Gloves,Accessories,98,Illinois,L,Magenta,Fall,2.8,Yes,Express,Yes,Yes,39,Venmo,Bi-Weekly,1,1,1,26,Gen Z (18-24),100.0,77.4,Champions,0,0,0,2548,Promo Champions
664,59,Male,Dress,Clothing,83,Alaska,M,Charcoal,Fall,4.7,Yes,Express,Yes,Yes,23,Credit Card,Monthly,1,1,1,12,Boomer-Early (55-64),100.0,50.91,Loyalists,1,0,1,996,Promo Loyalists
665,63,Male,Pants,Clothing,83,Colorado,M,Indigo,Winter,4.4,Yes,Express,Yes,Yes,41,PayPal,Bi-Weekly,1,1,1,26,Boomer-Early (55-64),100.0,72.47,Champions,1,0,1,2158,Promo Champions
666,41,Male,Pants,Clothing,55,New Mexico,M,Peach,Spring,4.9,Yes,2-Day Shipping,Yes,Yes,50,Credit Card,Annually,1,1,1,1,Millennial-Late (35-44),100.0,55.31,Loyalists,1,0,1,55,Promo Loyalists
667,35,Male,Hoodie,Clothing,26,Colorado,L,Turquoise,Winter,3.1,Yes,Free Shipping,Yes,Yes,30,Debit Card,Quarterly,1,1,1,4,Millennial-Late (35-44),100.0,27.77,At-Risk,0,0,0,104,At-Risk / Dormant
668,34,Male,Sunglasses,Accessories,76,Arizona,S,Blue,Winter,2.6,Yes,Standard,Yes,Yes,32,Bank Transfer,Quarterly,1,1,1,4,Millennial-Early (25-34),100.0,51.28,Loyalists,0,0,0,304,Promo Loyalists
669,49,Male,T-shirt,Clothing,85,Hawaii,S,Turquoise,Fall,2.9,Yes,Express,Yes,Yes,35,Bank Transfer,Monthly,1,1,1,12,Gen X (45-54),100.0,61.58,Champions,0,0,0,1020,Promo Champions
670,43,Male,Jacket,Outerwear,89,Illinois,M,Gray,Spring,3.3,Yes,Free Shipping,Yes,Yes,45,Venmo,Bi-Weekly,1,1,1,26,Millennial-Late (35-44),100.0,78.36,Champions,0,0,0,2314,Promo Champions
671,63,Male,Sweater,Clothing,41,Louisiana,XL,Purple,Spring,4.8,Yes,Next Day Air,Yes,Yes,37,Cash,Bi-Weekly,1,1,1,26,Boomer-Early (55-64),100.0,50.83,Loyalists,1,0,1,1066,Promo Loyalists
672,38,Male,Jacket,Outerwear,30,Iowa,L,Black,Winter,4.7,Yes,Express,Yes,Yes,45,Cash,Weekly,1,1,1,52,Millennial-Late (35-44),100.0,65.29,Champions,1,0,1,1560,Promo Champions
673,59,Male,Socks,Clothing,53,Washington,M,Peach,Winter,3.3,Yes,2-Day Shipping,Yes,Yes,29,Cash,Quarterly,1,1,1,4,Boomer-Early (55-64),100.0,38.77,Potential,0,0,0,212,Growth Potential
674,35,Male,Shirt,Clothing,66,Oklahoma,M,Indigo,Spring,4.2,Yes,Free Shipping,Yes,Yes,27,Venmo,Bi-Weekly,1,1,1,26,Millennial-Late (35-44),100.0,53.6,Loyalists,1,0,1,1716,Promo Loyalists
675,48,Male,Jewelry,Accessories,33,Washington,XL,Beige,Winter,4.7,Yes,Store Pickup,Yes,Yes,36,Bank Transfer,Annually,1,1,1,1,Gen X (45-54),100.0,34.26,Potential,1,0,0,33,Growth Potential
676,64,Male,Sunglasses,Accessories,86,Arkansas,M,Yellow,Spring,2.6,Yes,2-Day Shipping,Yes,Yes,9,Cash,Annually,1,1,1,1,Boomer-Early (55-64),100.0,35.41,Potential,0,0,0,86,Growth Potential
677,28,Male,Pants,Clothing,60,Connecticut,M,Peach,Winter,2.9,Yes,2-Day Shipping,Yes,Yes,38,Venmo,Bi-Weekly,1,1,1,26,Millennial-Early (25-34),100.0,59.96,Champions,0,0,0,1560,Promo Champions
678,60,Male,Socks,Clothing,62,Washington,S,Turquoise,Summer,2.7,Yes,Express,Yes,Yes,41,PayPal,Annually,1,1,1,1,Boomer-Early (55-64),100.0,51.03,Loyalists,0,0,0,62,Promo Loyalists
679,27,Male,Blouse,Clothing,74,Maine,M,Teal,Fall,3.3,Yes,Store Pickup,Yes,Yes,25,Debit Card,Every 3 Months,1,1,1,4,Millennial-Early (25-34),100.0,44.69,Loyalists,0,0,0,296,Promo Loyalists
680,56,Male,Sandals,Footwear,95,Michigan,M,Turquoise,Fall,3.4,Yes,Express,Yes,Yes,37,Venmo,Fortnightly,1,1,1,26,Boomer-Early (55-64),100.0,74.46,Champions,0,0,0,2470,Promo Champions
681,58,Male,Sneakers,Footwear,25,Tennessee,M,Magenta,Spring,4.2,Yes,Express,Yes,Yes,3,PayPal,Annually,1,1,1,1,Boomer-Early (55-64),100.0,3.82,At-Risk,1,0,0,25,At-Risk / Dormant
682,30,Male,Shirt,Clothing,59,Louisiana,XL,Purple,Winter,3.8,Yes,2-Day Shipping,Yes,Yes,24,Credit Card,Every 3 Months,1,1,1,4,Millennial-Early (25-34),100.0,37.31,Potential,0,0,0,236,Growth Potential
683,23,Male,Jacket,Outerwear,29,Missouri,M,Brown,Summer,4.0,Yes,Standard,Yes,Yes,49,Credit Card,Bi-Weekly,1,1,1,26,Gen Z (18-24),100.0,55.38,Loyalists,1,0,1,754,Promo Loyalists
684,33,Male,Sandals,Footwear,36,Michigan,S,Violet,Winter,2.7,Yes,Free Shipping,Yes,Yes,3,Bank Transfer,Monthly,1,1,1,12,Millennial-Early (25-34),100.0,14.02,At-Risk,0,0,0,432,At-Risk / Dormant
685,63,Male,Hat,Accessories,82,Alabama,M,Yellow,Summer,4.7,Yes,Express,Yes,Yes,42,Debit Card,Monthly,1,1,1,12,Boomer-Early (55-64),100.0,65.99,Champions,1,0,1,984,Promo Champions
686,70,Male,Blouse,Clothing,71,Massachusetts,XL,Magenta,Winter,3.5,Yes,Standard,Yes,Yes,32,Cash,Fortnightly,1,1,1,26,Boomer+ (65+),100.0,59.87,Champions,0,0,0,1846,Promo Champions
687,70,Male,Sweater,Clothing,35,Indiana,L,Beige,Fall,3.0,Yes,2-Day Shipping,Yes,Yes,33,Venmo,Fortnightly,1,1,1,26,Boomer+ (65+),100.0,44.94,Loyalists,0,0,0,910,Promo Loyalists
688,19,Male,Gloves,Accessories,38,West Virginia,XL,Turquoise,Winter,3.3,Yes,Free Shipping,Yes,Yes,46,Bank Transfer,Quarterly,1,1,1,4,Gen Z (18-24),100.0,46.08,Loyalists,0,0,0,152,Promo Loyalists
689,25,Male,Scarf,Accessories,59,Michigan,S,Peach,Summer,4.7,Yes,Store Pickup,Yes,Yes,44,Venmo,Monthly,1,1,1,12,Millennial-Early (25-34),100.0,57.56,Loyalists,1,0,1,708,Promo Loyalists
690,19,Male,Hoodie,Clothing,91,Pennsylvania,M,Orange,Summer,4.7,Yes,Express,Yes,Yes,35,Credit Card,Every 3 Months,1,1,1,4,Gen Z (18-24),100.0,60.29,Champions,1,0,1,364,Promo Champions
691,25,Male,Shorts,Clothing,68,Alaska,XL,Red,Spring,4.8,Yes,Standard,Yes,Yes,45,Bank Transfer,Weekly,1,1,1,52,Millennial-Early (25-34),100.0,81.92,Champions,1,0,1,3536,Promo Champions
692,60,Male,Backpack,Accessories,21,Massachusetts,L,Silver,Summer,2.9,Yes,Standard,Yes,Yes,37,PayPal,Bi-Weekly,1,1,1,26,Boomer-Early (55-64),100.0,42.08,Potential,0,0,0,546,Growth Potential
693,35,Male,Sunglasses,Accessories,95,North Dakota,M,Cyan,Spring,4.0,Yes,2-Day Shipping,Yes,Yes,40,Debit Card,Every 3 Months,1,1,1,4,Millennial-Late (35-44),100.0,66.12,Champions,1,0,1,380,Promo Champions
694,46,Male,Shorts,Clothing,52,Vermont,L,Turquoise,Spring,3.1,Yes,Free Shipping,Yes,Yes,30,Cash,Every 3 Months,1,1,1,4,Gen X (45-54),100.0,39.14,Potential,0,0,0,208,Growth Potential
695,41,Male,Dress,Clothing,21,Kentucky,S,Charcoal,Fall,3.5,Yes,2-Day Shipping,Yes,Yes,38,Venmo,Every 3 Months,1,1,1,4,Millennial-Late (35-44),100.0,32.11,At-Risk,0,0,0,84,At-Risk / Dormant
696,30,Male,Shorts,Clothing,67,Nevada,XL,Peach,Summer,3.7,Yes,Next Day Air,Yes,Yes,15,Debit Card,Every 3 Months,1,1,1,4,Millennial-Early (25-34),100.0,33.46,Potential,0,0,0,268,Growth Potential
697,44,Male,Belt,Accessories,42,Utah,L,Green,Fall,2.8,Yes,Standard,Yes,Yes,49,Cash,Monthly,1,1,1,12,Millennial-Late (35-44),100.0,54.2,Loyalists,0,0,0,504,Promo Loyalists
698,61,Male,Scarf,Accessories,63,North Dakota,XL,Brown,Summer,4.6,Yes,Free Shipping,Yes,Yes,40,Debit Card,Quarterly,1,1,1,4,Boomer-Early (55-64),100.0,52.12,Loyalists,1,0,1,252,Promo Loyalists
699,55,Male,Boots,Footwear,41,Iowa,M,Yellow,Winter,3.8,Yes,Standard,Yes,Yes,40,Debit Card,Weekly,1,1,1,52,Boomer-Early (55-64),100.0,66.02,Champions,0,0,0,2132,Promo Champions
700,50,Male,Handbag,Accessories,46,Connecticut,M,Charcoal,Fall,2.6,Yes,2-Day Shipping,Yes,Yes,5,PayPal,Weekly,1,1,1,52,Gen X (45-54),100.0,39.64,Potential,0,0,0,2392,Growth Potential
701,57,Male,Pants,Clothing,79,Wisconsin,L,Olive,Winter,4.1,Yes,Standard,Yes,Yes,5,PayPal,Monthly,1,1,1,12,Boomer-Early (55-64),100.0,34.47,Potential,1,0,0,948,Growth Potential
702,51,Male,Boots,Footwear,90,Idaho,L,Red,Fall,3.3,Yes,Next Day Air,Yes,Yes,5,Debit Card,Every 3 Months,1,1,1,4,Gen X (45-54),100.0,35.36,Potential,0,0,0,360,Growth Potential
703,18,Male,Shirt,Clothing,71,Montana,M,White,Winter,3.4,Yes,Store Pickup,Yes,Yes,1,Cash,Weekly,1,1,1,52,Gen Z (18-24),100.0,47.31,Loyalists,0,0,0,3692,Promo Loyalists
704,63,Male,Dress,Clothing,87,Connecticut,L,Pink,Summer,3.0,Yes,Standard,Yes,Yes,21,Venmo,Weekly,1,1,1,52,Boomer-Early (55-64),100.0,70.64,Champions,0,0,0,4524,Promo Champions
705,34,Male,Hoodie,Clothing,66,Idaho,S,Black,Spring,3.2,Yes,Express,Yes,Yes,18,PayPal,Annually,1,1,1,1,Millennial-Early (25-34),100.0,34.0,Potential,0,0,0,66,Growth Potential
706,25,Male,Pants,Clothing,90,Arkansas,XL,Indigo,Summer,4.5,Yes,Free Shipping,Yes,Yes,49,Cash,Quarterly,1,1,1,4,Millennial-Early (25-34),100.0,71.28,Champions,1,0,1,360,Promo Champions
707,46,Male,Jeans,Clothing,47,Iowa,L,Turquoise,Summer,4.8,Yes,Express,Yes,Yes,27,Debit Card,Weekly,1,1,1,52,Gen X (45-54),100.0,58.04,Champions,1,0,1,2444,Promo Champions
708,59,Male,Shirt,Clothing,38,Louisiana,L,Purple,Spring,3.7,Yes,Next Day Air,Yes,Yes,21,Venmo,Annually,1,1,1,1,Boomer-Early (55-64),100.0,24.2,At-Risk,0,0,0,38,At-Risk / Dormant
709,37,Male,Backpack,Accessories,50,Kentucky,L,Beige,Summer,3.4,Yes,Store Pickup,Yes,Yes,19,Cash,Fortnightly,1,1,1,26,Millennial-Late (35-44),100.0,40.07,Potential,0,0,0,1300,Growth Potential
710,49,Male,Jacket,Outerwear,79,Massachusetts,L,Charcoal,Summer,4.6,Yes,Standard,Yes,Yes,23,Debit Card,Monthly,1,1,1,12,Gen X (45-54),100.0,49.16,Loyalists,1,0,1,948,Promo Loyalists
711,22,Male,Scarf,Accessories,91,Virginia,L,Turquoise,Spring,4.1,Yes,Standard,Yes,Yes,26,PayPal,Fortnightly,1,1,1,26,Gen Z (18-24),100.0,63.73,Champions,1,0,1,2366,Promo Champions
712,64,Male,Boots,Footwear,60,New Hampshire,M,Maroon,Spring,3.5,Yes,2-Day Shipping,Yes,Yes,13,Bank Transfer,Bi-Weekly,1,1,1,26,Boomer-Early (55-64),100.0,39.55,Potential,0,0,0,1560,Growth Potential
713,42,Male,Blouse,Clothing,81,New Hampshire,XL,Black,Summer,3.8,Yes,Next Day Air,Yes,Yes,36,Bank Transfer,Quarterly,1,1,1,4,Millennial-Late (35-44),100.0,56.73,Loyalists,0,0,0,324,Promo Loyalists
714,37,Male,Hoodie,Clothing,90,Oregon,M,Lavender,Summer,2.6,Yes,Express,Yes,Yes,39,Bank Transfer,Bi-Weekly,1,1,1,26,Millennial-Late (35-44),100.0,73.9,Champions,0,0,0,2340,Promo Champions
715,26,Male,Jacket,Outerwear,70,South Dakota,M,Magenta,Fall,4.4,Yes,Store Pickup,Yes,Yes,40,Debit Card,Fortnightly,1,1,1,26,Millennial-Early (25-34),100.0,65.97,Champions,1,0,1,1820,Promo Champions
716,33,Male,Jeans,Clothing,63,Delaware,L,Green,Spring,2.6,Yes,Express,Yes,Yes,37,Debit Card,Quarterly,1,1,1,4,Millennial-Early (25-34),100.0,49.67,Loyalists,0,0,0,252,Promo Loyalists
717,30,Male,Jewelry,Accessories,29,Missouri,M,Olive,Spring,3.6,Yes,Express,Yes,Yes,9,Venmo,Bi-Weekly,1,1,1,26,Millennial-Early (25-34),100.0,22.72,At-Risk,0,0,0,754,At-Risk / Dormant
718,21,Male,Socks,Clothing,90,Alaska,L,Green,Spring,4.2,Yes,Express,Yes,Yes,7,Venmo,Every 3 Months,1,1,1,4,Gen Z (18-24),100.0,36.99,Potential,1,0,0,360,Growth Potential
719,22,Male,Shirt,Clothing,22,Florida,M,Peach,Summer,4.6,Yes,Standard,Yes,Yes,25,Bank Transfer,Annually,1,1,1,1,Gen Z (18-24),100.0,20.47,At-Risk,1,0,0,22,At-Risk / Dormant
720,63,Male,Shorts,Clothing,22,Mississippi,L,Turquoise,Summer,3.3,Yes,Next Day Air,Yes,Yes,42,Venmo,Bi-Weekly,1,1,1,26,Boomer-Early (55-64),100.0,46.6,Loyalists,0,0,0,572,Promo Loyalists
721,33,Male,Jewelry,Accessories,62,New Mexico,L,Orange,Fall,3.4,Yes,Free Shipping,Yes,Yes,19,Debit Card,Weekly,1,1,1,52,Millennial-Early (25-34),100.0,58.07,Champions,0,0,0,3224,Promo Champions
722,43,Male,Blouse,Clothing,57,California,L,Silver,Summer,4.4,Yes,Next Day Air,Yes,Yes,41,Debit Card,Every 3 Months,1,1,1,4,Millennial-Late (35-44),100.0,50.31,Loyalists,1,0,1,228,Promo Loyalists
723,27,Male,Sweater,Clothing,32,Wyoming,S,Blue,Summer,4.3,Yes,Store Pickup,Yes,Yes,50,Cash,Bi-Weekly,1,1,1,26,Millennial-Early (25-34),100.0,57.5,Loyalists,1,0,1,832,Promo Loyalists
724,35,Male,Jewelry,Accessories,53,Missouri,L,Cyan,Fall,3.5,Yes,Express,Yes,Yes,43,PayPal,Monthly,1,1,1,12,Millennial-Late (35-44),100.0,54.12,Loyalists,0,0,0,636,Promo Loyalists
725,37,Male,T-shirt,Clothing,79,New Hampshire,XL,Green,Fall,4.7,Yes,Store Pickup,Yes,Yes,36,Venmo,Every 3 Months,1,1,1,4,Millennial-Late (35-44),100.0,55.85,Loyalists,1,0,1,316,Promo Loyalists
726,61,Male,Hat,Accessories,61,Texas,L,Silver,Winter,3.1,Yes,Standard,Yes,Yes,33,Debit Card,Fortnightly,1,1,1,26,Boomer-Early (55-64),100.0,56.31,Loyalists,0,0,0,1586,Promo Loyalists
727,32,Male,Shorts,Clothing,78,North Dakota,L,Yellow,Summer,3.6,Yes,Next Day Air,Yes,Yes,20,Bank Transfer,Every 3 Months,1,1,1,4,Millennial-Early (25-34),100.0,42.36,Potential,0,0,0,312,Growth Potential
728,62,Male,Sweater,Clothing,97,Arkansas,S,Gray,Winter,4.8,Yes,Next Day Air,Yes,Yes,37,Venmo,Every 3 Months,1,1,1,4,Boomer-Early (55-64),100.0,64.55,Champions,1,0,1,388,Promo Champions
729,29,Male,Jeans,Clothing,78,Nebraska,M,Pink,Winter,3.7,Yes,Next Day Air,Yes,Yes,12,PayPal,Every 3 Months,1,1,1,4,Millennial-Early (25-34),100.0,35.83,Potential,0,0,0,312,Growth Potential
730,41,Male,Sunglasses,Accessories,56,Minnesota,L,Beige,Summer,3.2,Yes,Express,Yes,Yes,46,PayPal,Every 3 Months,1,1,1,4,Millennial-Late (35-44),100.0,53.96,Loyalists,0,0,0,224,Promo Loyalists
731,48,Male,Boots,Footwear,25,Massachusetts,M,Indigo,Summer,3.9,Yes,Standard,Yes,Yes,28,Venmo,Fortnightly,1,1,1,26,Gen X (45-54),100.0,36.48,Potential,0,0,0,650,Growth Potential
732,43,Male,Coat,Outerwear,28,Arkansas,M,Red,Spring,3.5,Yes,Free Shipping,Yes,Yes,30,PayPal,Fortnightly,1,1,1,26,Millennial-Late (35-44),100.0,39.43,Potential,0,0,0,728,Growth Potential
733,34,Male,Shirt,Clothing,57,New Hampshire,L,Blue,Spring,2.8,Yes,Express,Yes,Yes,28,Cash,Bi-Weekly,1,1,1,26,Millennial-Early (25-34),100.0,50.48,Loyalists,0,0,0,1482,Promo Loyalists
734,45,Male,Dress,Clothing,36,Rhode Island,L,Cyan,Fall,2.7,Yes,2-Day Shipping,Yes,Yes,20,Debit Card,Bi-Weekly,1,1,1,26,Gen X (45-54),100.0,34.77,Potential,0,0,0,936,Growth Potential
735,65,Male,Shirt,Clothing,69,New Jersey,S,Violet,Winter,3.1,Yes,Express,Yes,Yes,39,Bank Transfer,Every 3 Months,1,1,1,4,Boomer+ (65+),100.0,53.93,Loyalists,0,0,0,276,Promo Loyalists
736,61,Male,Sunglasses,Accessories,48,Montana,M,Orange,Fall,3.6,Yes,2-Day Shipping,Yes,Yes,48,Cash,Bi-Weekly,1,1,1,26,Boomer-Early (55-64),100.0,62.87,Champions,0,0,0,1248,Promo Champions
737,18,Male,Dress,Clothing,58,Colorado,L,Maroon,Spring,2.9,Yes,2-Day Shipping,Yes,Yes,32,Credit Card,Every 3 Months,1,1,1,4,Gen Z (18-24),100.0,43.4,Potential,0,0,0,232,Growth Potential
738,47,Male,Sunglasses,Accessories,24,Nebraska,M,Teal,Spring,3.6,Yes,Store Pickup,Yes,Yes,28,PayPal,Annually,1,1,1,1,Gen X (45-54),100.0,23.79,At-Risk,0,0,0,24,At-Risk / Dormant
739,56,Male,Sunglasses,Accessories,31,Minnesota,L,Orange,Winter,3.5,Yes,2-Day Shipping,Yes,Yes,27,Venmo,Quarterly,1,1,1,4,Boomer-Early (55-64),100.0,27.51,At-Risk,0,0,0,124,At-Risk / Dormant
740,64,Male,Shorts,Clothing,29,Minnesota,S,Purple,Summer,3.5,Yes,Free Shipping,Yes,Yes,26,Venmo,Bi-Weekly,1,1,1,26,Boomer-Early (55-64),100.0,36.6,Potential,0,0,0,754,Growth Potential
741,26,Male,Jeans,Clothing,69,South Dakota,M,Orange,Summer,2.8,Yes,Next Day Air,Yes,Yes,22,Credit Card,Fortnightly,1,1,1,26,Millennial-Early (25-34),100.0,50.84,Loyalists,0,0,0,1794,Promo Loyalists
742,22,Male,T-shirt,Clothing,79,West Virginia,XL,Yellow,Summer,4.7,Yes,Free Shipping,Yes,Yes,23,Bank Transfer,Every 3 Months,1,1,1,4,Gen Z (18-24),100.0,45.24,Loyalists,1,0,1,316,Promo Loyalists
743,64,Male,Pants,Clothing,39,Nevada,M,Charcoal,Summer,3.1,Yes,Express,Yes,Yes,21,Debit Card,Quarterly,1,1,1,4,Boomer-Early (55-64),100.0,26.11,At-Risk,0,0,0,156,At-Risk / Dormant
744,21,Male,Sunglasses,Accessories,84,North Carolina,L,Gray,Fall,4.9,Yes,Free Shipping,Yes,Yes,36,Cash,Weekly,1,1,1,52,Gen Z (18-24),100.0,81.57,Champions,1,0,1,4368,Promo Champions
745,67,Male,Boots,Footwear,66,Illinois,S,Charcoal,Spring,4.1,Yes,Next Day Air,Yes,Yes,42,Debit Card,Bi-Weekly,1,1,1,26,Boomer+ (65+),100.0,65.85,Champions,1,0,1,1716,Promo Champions
746,46,Male,T-shirt,Clothing,92,Michigan,L,Orange,Fall,4.7,Yes,Standard,Yes,Yes,4,Venmo,Monthly,1,1,1,12,Gen X (45-54),100.0,39.34,Potential,1,0,0,1104,Growth Potential
747,40,Male,Sandals,Footwear,45,Michigan,M,Red,Winter,2.5,Yes,Free Shipping,Yes,Yes,47,Credit Card,Annually,1,1,1,1,Millennial-Late (35-44),100.0,48.49,Loyalists,0,0,0,45,Promo Loyalists
748,51,Male,Shorts,Clothing,74,Oklahoma,L,Gold,Spring,4.4,Yes,Next Day Air,Yes,Yes,13,Bank Transfer,Weekly,1,1,1,52,Gen X (45-54),100.0,58.42,Champions,1,0,1,3848,Promo Champions
749,35,Male,Hat,Accessories,39,South Dakota,L,Brown,Fall,3.9,Yes,Free Shipping,Yes,Yes,8,Bank Transfer,Quarterly,1,1,1,4,Millennial-Late (35-44),100.0,15.5,At-Risk,0,0,0,156,At-Risk / Dormant
750,56,Male,Scarf,Accessories,71,Oklahoma,M,Olive,Winter,3.7,Yes,Standard,Yes,Yes,11,Debit Card,Quarterly,1,1,1,4,Boomer-Early (55-64),100.0,31.95,At-Risk,0,0,0,284,At-Risk / Dormant
751,25,Male,T-shirt,Clothing,95,Maryland,L,Violet,Fall,3.4,Yes,Free Shipping,Yes,Yes,5,Venmo,Annually,1,1,1,1,Millennial-Early (25-34),100.0,36.08,Potential,0,0,0,95,Growth Potential
752,65,Male,Gloves,Accessories,72,Ohio,L,Indigo,Fall,4.8,Yes,Free Shipping,Yes,Yes,1,Credit Card,Monthly,1,1,1,12,Boomer+ (65+),100.0,28.14,At-Risk,1,0,0,864,At-Risk / Dormant
753,39,Male,Scarf,Accessories,85,Ohio,L,Yellow,Fall,4.2,Yes,2-Day Shipping,Yes,Yes,17,PayPal,Every 3 Months,1,1,1,4,Millennial-Late (35-44),100.0,42.97,Potential,1,0,0,340,Growth Potential
754,47,Male,Boots,Footwear,54,Massachusetts,M,Teal,Fall,3.4,Yes,Store Pickup,Yes,Yes,27,Venmo,Quarterly,1,1,1,4,Gen X (45-54),100.0,37.57,Potential,0,0,0,216,Growth Potential
755,36,Male,Gloves,Accessories,41,North Carolina,L,Pink,Spring,2.9,Yes,Store Pickup,Yes,Yes,3,Debit Card,Quarterly,1,1,1,4,Millennial-Late (35-44),100.0,12.29,At-Risk,0,0,0,164,At-Risk / Dormant
756,66,Male,Coat,Outerwear,24,Florida,M,Violet,Spring,3.3,Yes,Free Shipping,Yes,Yes,22,PayPal,Weekly,1,1,1,52,Boomer+ (65+),100.0,43.89,Potential,0,0,0,1248,Growth Potential
757,62,Male,Belt,Accessories,99,Montana,S,Orange,Summer,4.8,Yes,Standard,Yes,Yes,24,Cash,Fortnightly,1,1,1,26,Boomer-Early (55-64),100.0,65.59,Champions,1,0,1,2574,Promo Champions
758,41,Male,Hoodie,Clothing,32,Minnesota,M,Red,Fall,3.8,Yes,Store Pickup,Yes,Yes,18,Debit Card,Quarterly,1,1,1,4,Millennial-Late (35-44),100.0,20.6,At-Risk,0,0,0,128,At-Risk / Dormant
759,66,Male,Shoes,Footwear,71,Massachusetts,L,Peach,Summer,4.6,Yes,2-Day Shipping,Yes,Yes,39,Bank Transfer,Every 3 Months,1,1,1,4,Boomer+ (65+),100.0,54.8,Loyalists,1,0,1,284,Promo Loyalists
760,51,Male,Dress,Clothing,49,Rhode Island,XL,Green,Winter,2.6,Yes,Next Day Air,Yes,Yes,25,Credit Card,Fortnightly,1,1,1,26,Gen X (45-54),100.0,44.53,Potential,0,0,0,1274,Growth Potential
761,33,Male,Gloves,Accessories,50,Minnesota,XL,Violet,Fall,3.4,Yes,Free Shipping,Yes,Yes,6,Cash,Annually,1,1,1,1,Millennial-Early (25-34),100.0,17.21,At-Risk,0,0,0,50,At-Risk / Dormant
762,57,Male,Jewelry,Accessories,91,Nevada,L,Yellow,Fall,4.2,Yes,Express,Yes,Yes,26,Bank Transfer,Weekly,1,1,1,52,Boomer-Early (55-64),100.0,76.47,Champions,1,0,1,4732,Promo Champions
763,45,Male,Belt,Accessories,46,New Mexico,M,Pink,Fall,3.9,Yes,Standard,Yes,Yes,43,Debit Card,Fortnightly,1,1,1,26,Gen X (45-54),100.0,57.92,Champions,0,0,0,1196,Promo Champions
764,61,Male,Sweater,Clothing,50,North Carolina,M,Brown,Spring,2.9,Yes,2-Day Shipping,Yes,Yes,6,Credit Card,Monthly,1,1,1,12,Boomer-Early (55-64),100.0,22.6,At-Risk,0,0,0,600,At-Risk / Dormant
765,55,Male,Skirt,Clothing,39,Virginia,XL,Silver,Fall,4.2,Yes,Free Shipping,Yes,Yes,6,Debit Card,Quarterly,1,1,1,4,Boomer-Early (55-64),100.0,13.86,At-Risk,1,0,0,156,At-Risk / Dormant
766,54,Male,Sneakers,Footwear,99,Alaska,M,Pink,Summer,3.0,Yes,Store Pickup,Yes,Yes,13,Cash,Quarterly,1,1,1,4,Gen X (45-54),100.0,45.83,Loyalists,0,0,0,396,Promo Loyalists
767,57,Male,Gloves,Accessories,48,Nevada,M,Cyan,Winter,3.6,Yes,Next Day Air,Yes,Yes,13,PayPal,Monthly,1,1,1,12,Boomer-Early (55-64),100.0,27.44,At-Risk,0,0,0,576,At-Risk / Dormant
768,27,Male,Coat,Outerwear,77,Pennsylvania,M,Brown,Fall,2.5,Yes,Next Day Air,Yes,Yes,11,Cash,Annually,1,1,1,1,Millennial-Early (25-34),100.0,33.1,Potential,0,0,0,77,Growth Potential
769,64,Male,Backpack,Accessories,95,Illinois,XL,Red,Spring,2.6,Yes,Express,Yes,Yes,45,Venmo,Weekly,1,1,1,52,Boomer-Early (55-64),100.0,93.73,Champions,0,0,0,4940,Promo Champions
770,52,Male,Socks,Clothing,100,Delaware,M,Silver,Spring,4.3,Yes,Store Pickup,Yes,Yes,8,PayPal,Monthly,1,1,1,12,Gen X (45-54),100.0,46.11,Loyalists,1,0,1,1200,Promo Loyalists
771,19,Male,Sneakers,Footwear,54,Vermont,M,Gray,Spring,3.3,Yes,Express,Yes,Yes,8,Credit Card,Annually,1,1,1,1,Gen Z (18-24),100.0,20.59,At-Risk,0,0,0,54,At-Risk / Dormant
772,22,Male,Sweater,Clothing,68,Hawaii,L,Cyan,Fall,2.6,Yes,Next Day Air,Yes,Yes,34,Bank Transfer,Fortnightly,1,1,1,26,Gen Z (18-24),100.0,60.19,Champions,0,0,0,1768,Promo Champions
773,18,Male,Jeans,Clothing,22,Illinois,L,Teal,Fall,3.6,Yes,Free Shipping,Yes,Yes,40,Debit Card,Bi-Weekly,1,1,1,26,Gen Z (18-24),100.0,44.97,Loyalists,0,0,0,572,Promo Loyalists
774,29,Male,Hat,Accessories,84,California,L,Indigo,Winter,2.6,Yes,Express,Yes,Yes,14,Debit Card,Bi-Weekly,1,1,1,26,Millennial-Early (25-34),100.0,50.87,Loyalists,0,0,0,2184,Promo Loyalists
775,42,Male,Hat,Accessories,46,Nevada,M,Yellow,Summer,3.5,Yes,Standard,Yes,Yes,11,Credit Card,Quarterly,1,1,1,4,Millennial-Late (35-44),100.0,21.01,At-Risk,0,0,0,184,At-Risk / Dormant
776,49,Male,Handbag,Accessories,53,Kentucky,S,Gold,Winter,3.0,Yes,Store Pickup,Yes,Yes,8,PayPal,Monthly,1,1,1,12,Gen X (45-54),100.0,25.54,At-Risk,0,0,0,636,At-Risk / Dormant
777,49,Male,Shirt,Clothing,60,Alabama,M,Maroon,Spring,5.0,Yes,Standard,Yes,Yes,8,Venmo,Every 3 Months,1,1,1,4,Gen X (45-54),100.0,24.68,At-Risk,1,0,0,240,At-Risk / Dormant
778,55,Male,Socks,Clothing,32,Wyoming,XL,Silver,Spring,2.5,Yes,Express,Yes,Yes,37,Venmo,Weekly,1,1,1,52,Boomer-Early (55-64),100.0,59.64,Champions,0,0,0,1664,Promo Champions
779,29,Male,Socks,Clothing,50,Massachusetts,M,Yellow,Summer,2.9,Yes,Store Pickup,Yes,Yes,23,Debit Card,Annually,1,1,1,1,Millennial-Early (25-34),100.0,31.08,At-Risk,0,0,0,50,At-Risk / Dormant
780,60,Male,Dress,Clothing,94,Utah,M,Blue,Spring,4.6,Yes,Express,Yes,Yes,38,Cash,Annually,1,1,1,1,Boomer-Early (55-64),100.0,62.58,Champions,1,0,1,94,Promo Champions
781,34,Male,Shoes,Footwear,26,New York,M,Turquoise,Spring,3.6,Yes,Free Shipping,Yes,Yes,38,Cash,Quarterly,1,1,1,4,Millennial-Early (25-34),100.0,34.3,Potential,0,0,0,104,Growth Potential
782,30,Male,Scarf,Accessories,44,Vermont,L,Indigo,Winter,3.0,Yes,Store Pickup,Yes,Yes,12,Credit Card,Fortnightly,1,1,1,26,Millennial-Early (25-34),100.0,31.73,At-Risk,0,0,0,1144,At-Risk / Dormant
783,28,Male,Hoodie,Clothing,57,Hawaii,M,Green,Summer,4.5,Yes,Standard,Yes,Yes,15,Cash,Weekly,1,1,1,52,Millennial-Early (25-34),100.0,52.62,Loyalists,1,0,1,2964,Promo Loyalists
784,63,Male,T-shirt,Clothing,65,Louisiana,L,Purple,Winter,4.5,Yes,Next Day Air,Yes,Yes,38,PayPal,Fortnightly,1,1,1,26,Boomer-Early (55-64),100.0,62.15,Champions,1,0,1,1690,Promo Champions
785,31,Male,Jeans,Clothing,72,Alabama,M,Peach,Winter,3.2,Yes,Store Pickup,Yes,Yes,41,Bank Transfer,Every 3 Months,1,1,1,4,Millennial-Early (25-34),100.0,56.87,Loyalists,0,0,0,288,Promo Loyalists
786,46,Male,Shorts,Clothing,62,Louisiana,S,Purple,Spring,4.0,Yes,Next Day Air,Yes,Yes,37,PayPal,Fortnightly,1,1,1,26,Gen X (45-54),100.0,60.02,Champions,1,0,1,1612,Promo Champions
787,70,Male,Hat,Accessories,21,Indiana,S,Teal,Winter,4.8,Yes,Express,Yes,Yes,16,Bank Transfer,Every 3 Months,1,1,1,4,Boomer+ (65+),100.0,14.15,At-Risk,1,0,0,84,At-Risk / Dormant
788,53,Male,Handbag,Accessories,85,Michigan,S,Green,Spring,3.7,Yes,Free Shipping,Yes,Yes,25,Venmo,Weekly,1,1,1,52,Gen X (45-54),100.0,73.03,Champions,0,0,0,4420,Promo Champions
789,50,Male,Pants,Clothing,51,Rhode Island,XL,Yellow,Summer,3.8,Yes,Store Pickup,Yes,Yes,18,Bank Transfer,Quarterly,1,1,1,4,Gen X (45-54),100.0,28.91,At-Risk,0,0,0,204,At-Risk / Dormant
790,33,Male,Handbag,Accessories,84,Idaho,S,Purple,Fall,2.7,Yes,Standard,Yes,Yes,4,Credit Card,Bi-Weekly,1,1,1,26,Millennial-Early (25-34),100.0,42.7,Potential,0,0,0,2184,Growth Potential
791,22,Male,Sweater,Clothing,37,Louisiana,M,Indigo,Summer,4.9,Yes,Store Pickup,Yes,Yes,12,Bank Transfer,Quarterly,1,1,1,4,Gen Z (18-24),100.0,17.89,At-Risk,1,0,0,148,At-Risk / Dormant
792,50,Male,Scarf,Accessories,44,North Carolina,S,Magenta,Summer,3.1,Yes,2-Day Shipping,Yes,Yes,35,PayPal,Fortnightly,1,1,1,26,Gen X (45-54),100.0,50.51,Loyalists,0,0,0,1144,Promo Loyalists
793,34,Male,Sneakers,Footwear,45,New Jersey,M,Violet,Spring,4.2,Yes,Next Day Air,Yes,Yes,45,Venmo,Weekly,1,1,1,52,Millennial-Early (25-34),100.0,71.86,Champions,1,0,1,2340,Promo Champions
794,24,Male,Pants,Clothing,35,Alabama,L,Maroon,Summer,3.8,Yes,Free Shipping,Yes,Yes,16,Credit Card,Monthly,1,1,1,12,Gen Z (18-24),100.0,24.2,At-Risk,0,0,0,420,At-Risk / Dormant
795,69,Male,Backpack,Accessories,50,Kentucky,XL,Yellow,Winter,4.2,Yes,Store Pickup,Yes,Yes,10,Debit Card,Fortnightly,1,1,1,26,Boomer+ (65+),100.0,32.73,At-Risk,1,0,0,1300,At-Risk / Dormant
796,39,Male,Sandals,Footwear,26,New York,M,Beige,Summer,4.6,Yes,Store Pickup,Yes,Yes,34,Venmo,Annually,1,1,1,1,Millennial-Late (35-44),100.0,29.56,At-Risk,1,0,0,26,At-Risk / Dormant
797,42,Male,Socks,Clothing,78,Arizona,XL,Black,Fall,4.0,Yes,2-Day Shipping,Yes,Yes,43,Credit Card,Annually,1,1,1,1,Millennial-Late (35-44),100.0,59.66,Champions,1,0,1,78,Promo Champions
798,42,Male,Coat,Outerwear,82,Maryland,M,Violet,Fall,4.0,Yes,2-Day Shipping,Yes,Yes,38,Debit Card,Weekly,1,1,1,52,Millennial-Late (35-44),100.0,82.33,Champions,1,0,1,4264,Promo Champions
799,29,Male,Socks,Clothing,39,Alaska,M,Violet,Spring,3.8,Yes,2-Day Shipping,Yes,Yes,48,PayPal,Every 3 Months,1,1,1,4,Millennial-Early (25-34),100.0,48.15,Loyalists,0,0,0,156,Promo Loyalists
800,55,Male,Belt,Accessories,55,Nevada,L,Brown,Summer,3.8,Yes,Free Shipping,Yes,Yes,31,PayPal,Annually,1,1,1,1,Boomer-Early (55-64),100.0,39.8,Potential,0,0,0,55,Growth Potential
801,32,Male,Socks,Clothing,20,Utah,S,Gold,Summer,2.6,Yes,Free Shipping,Yes,Yes,20,Cash,Every 3 Months,1,1,1,4,Millennial-Early (25-34),100.0,16.98,At-Risk,0,0,0,80,At-Risk / Dormant
802,25,Male,Belt,Accessories,29,New Mexico,L,Blue,Fall,4.9,Yes,Express,Yes,Yes,12,Credit Card,Fortnightly,1,1,1,26,Millennial-Early (25-34),100.0,25.17,At-Risk,1,0,0,754,At-Risk / Dormant
803,38,Male,Pants,Clothing,41,Delaware,M,Teal,Winter,3.5,Yes,Next Day Air,Yes,Yes,2,Bank Transfer,Weekly,1,1,1,52,Millennial-Late (35-44),100.0,35.0,Potential,0,0,0,2132,Growth Potential
804,32,Male,Shorts,Clothing,38,Connecticut,L,Silver,Winter,2.8,Yes,Express,Yes,Yes,30,Venmo,Every 3 Months,1,1,1,4,Millennial-Early (25-34),100.0,33.02,Potential,0,0,0,152,Growth Potential
805,43,Male,Boots,Footwear,47,Mississippi,M,Maroon,Summer,2.6,Yes,Store Pickup,Yes,Yes,28,Venmo,Quarterly,1,1,1,4,Millennial-Late (35-44),100.0,35.32,Potential,0,0,0,188,Growth Potential
806,41,Male,Dress,Clothing,30,Connecticut,L,White,Summer,3.7,Yes,Next Day Air,Yes,Yes,40,Debit Card,Monthly,1,1,1,12,Millennial-Late (35-44),100.0,41.6,Potential,0,0,0,360,Growth Potential
807,56,Male,Jeans,Clothing,56,Florida,L,Charcoal,Summer,2.7,Yes,Standard,Yes,Yes,46,PayPal,Quarterly,1,1,1,4,Boomer-Early (55-64),100.0,53.96,Loyalists,0,0,0,224,Promo Loyalists
808,27,Male,T-shirt,Clothing,89,New York,S,Brown,Winter,3.3,Yes,Express,Yes,Yes,15,Credit Card,Weekly,1,1,1,52,Millennial-Early (25-34),100.0,66.62,Champions,0,0,0,4628,Promo Champions
809,46,Male,Shoes,Footwear,96,Wisconsin,L,Lavender,Fall,4.6,Yes,Next Day Air,Yes,Yes,38,Cash,Every 3 Months,1,1,1,4,Gen X (45-54),100.0,64.92,Champions,1,0,1,384,Promo Champions
810,48,Male,Boots,Footwear,81,South Carolina,M,Violet,Fall,4.9,Yes,Next Day Air,Yes,Yes,30,PayPal,Bi-Weekly,1,1,1,26,Gen X (45-54),100.0,62.62,Champions,1,0,1,2106,Promo Champions
811,52,Male,Scarf,Accessories,83,South Dakota,S,Lavender,Fall,4.9,Yes,Store Pickup,Yes,Yes,32,Debit Card,Bi-Weekly,1,1,1,26,Gen X (45-54),100.0,65.12,Champions,1,0,1,2158,Promo Champions
812,18,Male,Sneakers,Footwear,35,Illinois,M,Green,Winter,2.7,Yes,Free Shipping,Yes,Yes,36,Venmo,Quarterly,1,1,1,4,Gen Z (18-24),100.0,36.6,Potential,0,0,0,140,Growth Potential
813,64,Male,Boots,Footwear,56,Alaska,M,Olive,Summer,3.2,Yes,Standard,Yes,Yes,32,Credit Card,Weekly,1,1,1,52,Boomer-Early (55-64),100.0,66.06,Champions,0,0,0,2912,Promo Champions
814,54,Male,Handbag,Accessories,45,Montana,S,Olive,Summer,2.9,Yes,Store Pickup,Yes,Yes,14,Debit Card,Annually,1,1,1,1,Gen X (45-54),100.0,21.55,At-Risk,0,0,0,45,At-Risk / Dormant
815,31,Male,Shirt,Clothing,62,Minnesota,M,Pink,Winter,3.8,Yes,Express,Yes,Yes,8,PayPal,Monthly,1,1,1,12,Millennial-Early (25-34),100.0,29.48,At-Risk,0,0,0,744,At-Risk / Dormant
816,30,Male,Hat,Accessories,84,West Virginia,L,Teal,Spring,3.0,Yes,Next Day Air,Yes,Yes,27,Venmo,Bi-Weekly,1,1,1,26,Millennial-Early (25-34),100.0,61.48,Champions,0,0,0,2184,Promo Champions
817,26,Male,Sweater,Clothing,24,Illinois,L,Cyan,Summer,3.9,Yes,Store Pickup,Yes,Yes,24,Debit Card,Monthly,1,1,1,12,Millennial-Early (25-34),100.0,25.92,At-Risk,0,0,0,288,At-Risk / Dormant
818,25,Male,Handbag,Accessories,21,Nevada,S,Gray,Spring,4.7,Yes,Store Pickup,Yes,Yes,30,PayPal,Fortnightly,1,1,1,26,Millennial-Early (25-34),100.0,36.37,Potential,1,0,0,546,Growth Potential
819,59,Male,Shirt,Clothing,91,Idaho,M,Peach,Winter,4.9,Yes,Store Pickup,Yes,Yes,34,Debit Card,Monthly,1,1,1,12,Boomer-Early (55-64),100.0,63.39,Champions,1,0,1,1092,Promo Champions
820,55,Male,Sunglasses,Accessories,36,Colorado,S,Teal,Winter,4.8,Yes,Next Day Air,Yes,Yes,28,Debit Card,Quarterly,1,1,1,4,Boomer-Early (55-64),100.0,30.51,At-Risk,1,0,0,144,At-Risk / Dormant
821,56,Male,Sneakers,Footwear,39,Louisiana,M,Turquoise,Spring,2.5,Yes,2-Day Shipping,Yes,Yes,27,Debit Card,Monthly,1,1,1,12,Boomer-Early (55-64),100.0,34.93,Potential,0,0,0,468,Growth Potential
822,62,Male,Hoodie,Clothing,39,Vermont,M,Green,Spring,3.9,Yes,Standard,Yes,Yes,31,Credit Card,Bi-Weekly,1,1,1,26,Boomer-Early (55-64),100.0,45.06,Loyalists,0,0,0,1014,Promo Loyalists
823,35,Male,Shirt,Clothing,59,Mississippi,L,Magenta,Winter,3.4,Yes,Standard,Yes,Yes,23,Bank Transfer,Annually,1,1,1,1,Millennial-Late (35-44),100.0,35.02,Potential,0,0,0,59,Growth Potential
824,51,Male,Sunglasses,Accessories,27,Georgia,M,Green,Winter,2.5,Yes,Free Shipping,Yes,Yes,11,Credit Card,Quarterly,1,1,1,4,Gen X (45-54),100.0,12.7,At-Risk,0,0,0,108,At-Risk / Dormant
825,61,Male,Blouse,Clothing,94,Georgia,M,White,Spring,3.0,Yes,Store Pickup,Yes,Yes,48,Cash,Quarterly,1,1,1,4,Boomer-Early (55-64),100.0,72.21,Champions,0,0,0,376,Promo Champions
826,27,Male,Belt,Accessories,94,Nebraska,XL,Brown,Fall,3.6,Yes,Next Day Air,Yes,Yes,17,Cash,Monthly,1,1,1,12,Millennial-Early (25-34),100.0,50.83,Loyalists,0,0,0,1128,Promo Loyalists
827,54,Male,Dress,Clothing,94,Massachusetts,M,Purple,Winter,3.6,Yes,Standard,Yes,Yes,36,PayPal,Weekly,1,1,1,52,Gen X (45-54),100.0,85.95,Champions,0,0,0,4888,Promo Champions
828,31,Male,Shoes,Footwear,51,Colorado,S,Green,Fall,4.1,Yes,Free Shipping,Yes,Yes,33,Bank Transfer,Fortnightly,1,1,1,26,Millennial-Early (25-34),100.0,51.94,Loyalists,1,0,1,1326,Promo Loyalists
829,24,Male,Socks,Clothing,62,Nevada,M,Peach,Fall,3.7,Yes,2-Day Shipping,Yes,Yes,27,PayPal,Bi-Weekly,1,1,1,26,Gen Z (18-24),100.0,51.85,Loyalists,0,0,0,1612,Promo Loyalists
830,42,Male,Socks,Clothing,57,Idaho,S,Silver,Spring,3.8,Yes,2-Day Shipping,Yes,Yes,14,Credit Card,Fortnightly,1,1,1,26,Millennial-Late (35-44),100.0,39.05,Potential,0,0,0,1482,Growth Potential
831,41,Male,Shorts,Clothing,76,Wyoming,M,Maroon,Fall,4.2,Yes,Express,Yes,Yes,5,Credit Card,Annually,1,1,1,1,Millennial-Late (35-44),100.0,27.77,At-Risk,1,0,0,76,At-Risk / Dormant
832,66,Male,Gloves,Accessories,63,Washington,M,Red,Summer,4.3,Yes,Express,Yes,Yes,47,Cash,Every 3 Months,1,1,1,4,Boomer+ (65+),100.0,57.83,Champions,1,0,1,252,Promo Champions
833,58,Male,Jacket,Outerwear,80,California,L,Blue,Fall,2.5,Yes,Express,Yes,Yes,28,Cash,Bi-Weekly,1,1,1,26,Boomer-Early (55-64),100.0,60.55,Champions,0,0,0,2080,Promo Champions
834,43,Male,Handbag,Accessories,68,Oklahoma,M,Purple,Fall,3.5,Yes,Standard,Yes,Yes,11,Credit Card,Annually,1,1,1,1,Millennial-Late (35-44),100.0,29.16,At-Risk,0,0,0,68,At-Risk / Dormant
835,52,Male,Backpack,Accessories,89,Nevada,M,Indigo,Summer,3.1,Yes,Free Shipping,Yes,Yes,18,Credit Card,Weekly,1,1,1,52,Gen X (45-54),100.0,69.07,Champions,0,0,0,4628,Promo Champions
836,35,Male,Boots,Footwear,26,Maryland,L,Indigo,Summer,2.5,Yes,Next Day Air,Yes,Yes,21,Debit Card,Weekly,1,1,1,52,Millennial-Late (35-44),100.0,43.95,Potential,0,0,0,1352,Growth Potential
837,23,Male,Gloves,Accessories,90,West Virginia,L,Violet,Winter,3.9,Yes,Store Pickup,Yes,Yes,22,Cash,Bi-Weekly,1,1,1,26,Gen Z (18-24),100.0,60.02,Champions,0,0,0,2340,Promo Champions
838,25,Male,Hoodie,Clothing,28,Illinois,L,Brown,Spring,4.9,Yes,Express,Yes,Yes,33,Cash,Every 3 Months,1,1,1,4,Millennial-Early (25-34),100.0,31.09,At-Risk,1,0,0,112,At-Risk / Dormant
839,33,Male,Coat,Outerwear,29,Kentucky,M,Gray,Spring,4.3,Yes,Express,Yes,Yes,49,Credit Card,Annually,1,1,1,1,Millennial-Early (25-34),100.0,43.12,Potential,1,0,0,29,Growth Potential
840,48,Male,Shirt,Clothing,31,Illinois,L,Teal,Spring,2.6,Yes,Free Shipping,Yes,Yes,10,Debit Card,Every 3 Months,1,1,1,4,Gen X (45-54),100.0,13.63,At-Risk,0,0,0,124,At-Risk / Dormant
841,42,Male,Shirt,Clothing,24,Alabama,L,Teal,Summer,4.2,Yes,2-Day Shipping,Yes,Yes,18,PayPal,Weekly,1,1,1,52,Millennial-Late (35-44),100.0,40.63,Potential,1,0,0,1248,Growth Potential
842,55,Male,Sweater,Clothing,88,Texas,M,Beige,Summer,2.6,Yes,Store Pickup,Yes,Yes,28,PayPal,Fortnightly,1,1,1,26,Boomer-Early (55-64),100.0,64.05,Champions,0,0,0,2288,Promo Champions
843,59,Male,Shirt,Clothing,87,Missouri,M,Violet,Spring,3.6,Yes,Express,Yes,Yes,25,PayPal,Weekly,1,1,1,52,Boomer-Early (55-64),100.0,73.9,Champions,0,0,0,4524,Promo Champions
844,65,Male,Hoodie,Clothing,80,Pennsylvania,S,Beige,Summer,3.2,Yes,Express,Yes,Yes,6,PayPal,Weekly,1,1,1,52,Boomer+ (65+),100.0,55.33,Loyalists,0,0,0,4160,Promo Loyalists
845,59,Male,Sandals,Footwear,48,Missouri,L,Purple,Winter,4.4,Yes,Express,Yes,Yes,44,Venmo,Bi-Weekly,1,1,1,26,Boomer-Early (55-64),100.0,59.61,Champions,1,0,1,1248,Promo Champions
846,31,Male,Belt,Accessories,21,Michigan,XL,Charcoal,Winter,3.7,Yes,Standard,Yes,Yes,30,Venmo,Monthly,1,1,1,12,Millennial-Early (25-34),100.0,29.5,At-Risk,0,0,0,252,At-Risk / Dormant
847,49,Male,Boots,Footwear,72,Kentucky,M,Pink,Spring,3.7,Yes,Express,Yes,Yes,42,Debit Card,Quarterly,1,1,1,4,Gen X (45-54),100.0,57.69,Loyalists,0,0,0,288,Promo Loyalists
848,53,Male,Hoodie,Clothing,44,New Jersey,L,Blue,Fall,4.1,Yes,Standard,Yes,Yes,30,PayPal,Monthly,1,1,1,12,Gen X (45-54),100.0,39.57,Potential,1,0,0,528,Growth Potential
849,48,Male,Sandals,Footwear,73,Delaware,M,Lavender,Fall,3.6,Yes,Store Pickup,Yes,Yes,33,Credit Card,Bi-Weekly,1,1,1,26,Gen X (45-54),100.0,61.56,Champions,0,0,0,1898,Promo Champions
850,23,Male,Jeans,Clothing,61,Missouri,S,Charcoal,Spring,4.3,Yes,Express,Yes,Yes,24,PayPal,Quarterly,1,1,1,4,Gen Z (18-24),100.0,38.18,Potential,1,0,0,244,Growth Potential
851,68,Male,Shoes,Footwear,20,Connecticut,L,Turquoise,Winter,2.6,Yes,Store Pickup,Yes,Yes,13,Venmo,Monthly,1,1,1,12,Boomer+ (65+),100.0,15.19,At-Risk,0,0,0,240,At-Risk / Dormant
852,35,Male,Sandals,Footwear,86,Massachusetts,M,Red,Summer,2.9,Yes,Express,Yes,Yes,19,Debit Card,Monthly,1,1,1,12,Millennial-Late (35-44),100.0,48.96,Loyalists,0,0,0,1032,Promo Loyalists
853,34,Male,Dress,Clothing,60,Florida,L,Yellow,Spring,4.2,Yes,Next Day Air,Yes,Yes,23,Debit Card,Every 3 Months,1,1,1,4,Millennial-Early (25-34),100.0,36.93,Potential,1,0,0,240,Growth Potential
854,62,Male,Hat,Accessories,43,Delaware,L,Orange,Winter,4.0,Yes,Free Shipping,Yes,Yes,35,Cash,Monthly,1,1,1,12,Boomer-Early (55-64),100.0,43.21,Potential,1,0,0,516,Growth Potential
855,21,Male,Pants,Clothing,44,California,L,Blue,Spring,4.3,Yes,Free Shipping,Yes,Yes,22,Venmo,Monthly,1,1,1,12,Gen Z (18-24),100.0,33.04,Potential,1,0,0,528,Growth Potential
856,70,Male,Socks,Clothing,76,Oregon,L,Gold,Spring,3.0,Yes,2-Day Shipping,Yes,Yes,14,Credit Card,Quarterly,1,1,1,4,Boomer+ (65+),100.0,36.58,Potential,0,0,0,304,Growth Potential
857,55,Male,Shirt,Clothing,33,Alaska,M,Gold,Summer,3.5,Yes,Express,Yes,Yes,47,Debit Card,Fortnightly,1,1,1,26,Boomer-Early (55-64),100.0,55.49,Loyalists,0,0,0,858,Promo Loyalists
858,43,Male,Shorts,Clothing,60,Missouri,L,Cyan,Fall,3.0,Yes,Standard,Yes,Yes,50,Debit Card,Every 3 Months,1,1,1,4,Millennial-Late (35-44),100.0,58.97,Champions,0,0,0,240,Promo Champions
859,19,Male,Jacket,Outerwear,26,Oklahoma,L,Olive,Fall,3.1,Yes,Free Shipping,Yes,Yes,33,PayPal,Weekly,1,1,1,52,Gen Z (18-24),100.0,53.75,Loyalists,0,0,0,1352,Promo Loyalists
860,47,Male,Hoodie,Clothing,73,Wisconsin,M,Teal,Winter,4.0,Yes,Next Day Air,Yes,Yes,7,Debit Card,Monthly,1,1,1,12,Gen X (45-54),100.0,33.48,Potential,1,0,0,876,Growth Potential
861,26,Male,Shoes,Footwear,87,South Carolina,M,Maroon,Spring,4.1,Yes,Standard,Yes,Yes,3,Cash,Monthly,1,1,1,12,Millennial-Early (25-34),100.0,36.34,Potential,1,0,0,1044,Growth Potential
862,46,Male,Skirt,Clothing,100,Virginia,XL,Green,Spring,3.8,Yes,2-Day Shipping,Yes,Yes,35,Credit Card,Every 3 Months,1,1,1,4,Gen X (45-54),100.0,64.23,Champions,0,0,0,400,Promo Champions
863,19,Male,Coat,Outerwear,84,Arkansas,M,Charcoal,Winter,4.9,Yes,Standard,Yes,Yes,13,PayPal,Fortnightly,1,1,1,26,Gen Z (18-24),100.0,50.05,Loyalists,1,0,1,2184,Promo Loyalists
864,49,Male,Sneakers,Footwear,41,Vermont,M,Cyan,Summer,3.9,Yes,Standard,Yes,Yes,42,PayPal,Fortnightly,1,1,1,26,Gen X (45-54),100.0,54.91,Loyalists,0,0,0,1066,Promo Loyalists
865,51,Male,Jeans,Clothing,59,Kentucky,S,Charcoal,Winter,3.9,Yes,Next Day Air,Yes,Yes,5,PayPal,Annually,1,1,1,1,Gen X (45-54),100.0,20.33,At-Risk,0,0,0,59,At-Risk / Dormant
866,64,Male,Blouse,Clothing,26,Colorado,L,Charcoal,Winter,4.8,Yes,Store Pickup,Yes,Yes,23,Venmo,Annually,1,1,1,1,Boomer-Early (55-64),100.0,20.58,At-Risk,1,0,0,26,At-Risk / Dormant
867,67,Male,Sunglasses,Accessories,69,New Mexico,M,Lavender,Summer,2.7,Yes,Free Shipping,Yes,Yes,11,PayPal,Bi-Weekly,1,1,1,26,Boomer+ (65+),100.0,41.86,Potential,0,0,0,1794,Growth Potential
868,37,Male,Jacket,Outerwear,20,Colorado,M,Turquoise,Spring,3.1,Yes,Free Shipping,Yes,Yes,23,Bank Transfer,Fortnightly,1,1,1,26,Millennial-Late (35-44),100.0,30.21,At-Risk,0,0,0,520,At-Risk / Dormant
869,40,Male,Dress,Clothing,83,North Carolina,M,Green,Summer,3.2,Yes,Next Day Air,Yes,Yes,2,Credit Card,Every 3 Months,1,1,1,4,Millennial-Late (35-44),100.0,29.85,At-Risk,0,0,0,332,At-Risk / Dormant
870,38,Male,Hat,Accessories,54,New Hampshire,M,Silver,Spring,2.7,Yes,2-Day Shipping,Yes,Yes,33,PayPal,Weekly,1,1,1,52,Millennial-Late (35-44),100.0,66.0,Champions,0,0,0,2808,Promo Champions
871,66,Male,Hoodie,Clothing,66,West Virginia,M,Blue,Fall,2.5,Yes,Standard,Yes,Yes,6,Bank Transfer,Bi-Weekly,1,1,1,26,Boomer+ (65+),100.0,36.46,Potential,0,0,0,1716,Growth Potential
872,47,Male,Handbag,Accessories,42,Hawaii,M,Charcoal,Spring,2.6,Yes,Next Day Air,Yes,Yes,45,Debit Card,Quarterly,1,1,1,4,Gen X (45-54),100.0,47.01,Loyalists,0,0,0,168,Promo Loyalists
873,56,Male,Jeans,Clothing,33,North Dakota,M,Pink,Spring,2.9,Yes,Standard,Yes,Yes,25,Cash,Quarterly,1,1,1,4,Boomer-Early (55-64),100.0,26.75,At-Risk,0,0,0,132,At-Risk / Dormant
874,51,Male,Boots,Footwear,77,Mississippi,M,Pink,Summer,4.2,Yes,Free Shipping,Yes,Yes,24,Venmo,Quarterly,1,1,1,4,Gen X (45-54),100.0,45.18,Loyalists,1,0,1,308,Promo Loyalists
875,25,Male,Jacket,Outerwear,65,Maine,M,Magenta,Fall,4.4,Yes,Free Shipping,Yes,Yes,10,Venmo,Every 3 Months,1,1,1,4,Millennial-Early (25-34),100.0,28.51,At-Risk,1,0,0,260,At-Risk / Dormant
876,37,Male,Sandals,Footwear,39,North Dakota,L,Gray,Summer,4.1,Yes,Free Shipping,Yes,Yes,7,Bank Transfer,Every 3 Months,1,1,1,4,Millennial-Late (35-44),100.0,14.68,At-Risk,1,0,0,156,At-Risk / Dormant
877,41,Male,Belt,Accessories,51,Nebraska,L,Gray,Summer,3.8,Yes,2-Day Shipping,Yes,Yes,1,Debit Card,Weekly,1,1,1,52,Millennial-Late (35-44),100.0,38.56,Potential,0,0,0,2652,Growth Potential
878,64,Male,Handbag,Accessories,65,Nebraska,M,Orange,Winter,4.9,Yes,Next Day Air,Yes,Yes,45,Venmo,Every 3 Months,1,1,1,4,Boomer-Early (55-64),100.0,57.08,Loyalists,1,0,1,260,Promo Loyalists
879,23,Male,Sunglasses,Accessories,89,Tennessee,S,Black,Summer,4.9,Yes,Express,Yes,Yes,37,Debit Card,Weekly,1,1,1,52,Gen Z (18-24),100.0,84.58,Champions,1,0,1,4628,Promo Champions
880,62,Male,Skirt,Clothing,76,Wyoming,S,Lavender,Spring,4.1,Yes,Free Shipping,Yes,Yes,14,PayPal,Quarterly,1,1,1,4,Boomer-Early (55-64),100.0,36.58,Potential,1,0,0,304,Growth Potential
881,39,Male,Backpack,Accessories,75,Nevada,L,Red,Spring,3.1,Yes,Express,Yes,Yes,25,Debit Card,Monthly,1,1,1,12,Millennial-Late (35-44),100.0,49.05,Loyalists,0,0,0,900,Promo Loyalists
882,52,Male,Sandals,Footwear,61,South Carolina,M,Silver,Summer,2.7,Yes,Next Day Air,Yes,Yes,18,Venmo,Annually,1,1,1,1,Gen X (45-54),100.0,31.82,At-Risk,0,0,0,61,At-Risk / Dormant
883,50,Male,Boots,Footwear,35,Virginia,M,Cyan,Fall,3.8,Yes,Next Day Air,Yes,Yes,37,Cash,Every 3 Months,1,1,1,4,Gen X (45-54),100.0,37.42,Potential,0,0,0,140,Growth Potential
884,28,Male,Sneakers,Footwear,37,Pennsylvania,S,Gold,Fall,4.3,Yes,Free Shipping,Yes,Yes,30,Bank Transfer,Monthly,1,1,1,12,Millennial-Early (25-34),100.0,36.5,Potential,1,0,0,444,Growth Potential
885,67,Male,Skirt,Clothing,91,Hawaii,L,Yellow,Winter,4.1,Yes,Express,Yes,Yes,34,Bank Transfer,Weekly,1,1,1,52,Boomer+ (65+),100.0,83.0,Champions,1,0,1,4732,Promo Champions
886,41,Male,Dress,Clothing,99,Ohio,L,Purple,Fall,4.4,Yes,Free Shipping,Yes,Yes,49,Debit Card,Every 3 Months,1,1,1,4,Millennial-Late (35-44),100.0,75.22,Champions,1,0,1,396,Promo Champions
887,19,Male,Shorts,Clothing,54,Utah,S,Brown,Summer,3.6,Yes,Express,Yes,Yes,48,Bank Transfer,Monthly,1,1,1,12,Gen Z (18-24),100.0,58.63,Champions,0,0,0,648,Promo Champions
888,70,Male,Handbag,Accessories,47,Minnesota,L,Turquoise,Winter,3.3,Yes,2-Day Shipping,Yes,Yes,33,PayPal,Fortnightly,1,1,1,26,Boomer+ (65+),100.0,50.19,Loyalists,0,0,0,1222,Promo Loyalists
889,49,Male,Scarf,Accessories,77,New Hampshire,S,Gold,Spring,3.8,Yes,Express,Yes,Yes,44,Cash,Annually,1,1,1,1,Gen X (45-54),100.0,60.04,Champions,0,0,0,77,Promo Champions
890,59,Male,Belt,Accessories,84,Arizona,S,Olive,Fall,2.8,Yes,Free Shipping,Yes,Yes,50,Venmo,Weekly,1,1,1,52,Boomer-Early (55-64),100.0,93.0,Champions,0,0,0,4368,Promo Champions
891,52,Male,Gloves,Accessories,51,New York,S,Purple,Spring,4.3,Yes,2-Day Shipping,Yes,Yes,47,Credit Card,Monthly,1,1,1,12,Gen X (45-54),100.0,56.51,Loyalists,1,0,1,612,Promo Loyalists
892,20,Male,Skirt,Clothing,26,Pennsylvania,S,Lavender,Summer,3.9,Yes,Store Pickup,Yes,Yes,24,PayPal,Every 3 Months,1,1,1,4,Gen Z (18-24),100.0,22.87,At-Risk,0,0,0,104,At-Risk / Dormant
893,31,Male,Shorts,Clothing,64,New Mexico,L,Gray,Summer,2.7,Yes,Free Shipping,Yes,Yes,43,Debit Card,Monthly,1,1,1,12,Millennial-Early (25-34),100.0,58.93,Champions,0,0,0,768,Promo Champions
894,33,Male,Backpack,Accessories,51,Nebraska,M,Red,Spring,4.7,Yes,Express,Yes,Yes,14,Venmo,Monthly,1,1,1,12,Millennial-Early (25-34),100.0,29.57,At-Risk,1,0,0,612,At-Risk / Dormant
895,44,Male,Hoodie,Clothing,60,Wyoming,L,Purple,Spring,3.8,Yes,Free Shipping,Yes,Yes,3,Debit Card,Quarterly,1,1,1,4,Millennial-Late (35-44),100.0,20.6,At-Risk,0,0,0,240,At-Risk / Dormant
896,40,Male,Hat,Accessories,69,Mississippi,XL,Olive,Spring,4.7,Yes,Next Day Air,Yes,Yes,33,Debit Card,Quarterly,1,1,1,4,Millennial-Late (35-44),100.0,49.03,Loyalists,1,0,1,276,Promo Loyalists
897,69,Male,Jewelry,Accessories,29,Arkansas,M,Lavender,Spring,4.7,Yes,Express,Yes,Yes,38,Cash,Fortnightly,1,1,1,26,Boomer+ (65+),100.0,46.4,Loyalists,1,0,1,754,Promo Loyalists
898,29,Male,Shirt,Clothing,91,Illinois,M,Gray,Spring,3.4,Yes,Express,Yes,Yes,46,Venmo,Weekly,1,1,1,52,Millennial-Early (25-34),100.0,92.8,Champions,0,0,0,4732,Promo Champions
899,54,Male,Belt,Accessories,70,Nevada,L,Red,Spring,3.5,Yes,2-Day Shipping,Yes,Yes,19,Bank Transfer,Every 3 Months,1,1,1,4,Gen X (45-54),100.0,38.04,Potential,0,0,0,280,Growth Potential
900,65,Male,Sweater,Clothing,58,Rhode Island,M,Peach,Summer,4.0,Yes,Standard,Yes,Yes,20,PayPal,Annually,1,1,1,1,Boomer+ (65+),100.0,32.14,At-Risk,1,0,0,58,At-Risk / Dormant
901,54,Male,Hat,Accessories,98,West Virginia,L,Gray,Fall,3.3,Yes,Free Shipping,Yes,Yes,42,Bank Transfer,Quarterly,1,1,1,4,Gen X (45-54),100.0,69.06,Champions,0,0,0,392,Promo Champions
902,60,Male,Scarf,Accessories,68,Missouri,L,Violet,Summer,4.7,Yes,2-Day Shipping,Yes,Yes,34,Cash,Monthly,1,1,1,12,Boomer-Early (55-64),100.0,53.33,Loyalists,1,0,1,816,Promo Loyalists
903,43,Male,Hat,Accessories,44,Kentucky,M,Beige,Summer,2.8,Yes,Next Day Air,Yes,Yes,5,Cash,Monthly,1,1,1,12,Millennial-Late (35-44),100.0,19.16,At-Risk,0,0,0,528,At-Risk / Dormant
904,44,Male,Jacket,Outerwear,45,Washington,M,Blue,Winter,3.3,Yes,Express,Yes,Yes,3,PayPal,Quarterly,1,1,1,4,Millennial-Late (35-44),100.0,14.04,At-Risk,0,0,0,180,At-Risk / Dormant
905,69,Male,T-shirt,Clothing,99,Alaska,L,Magenta,Spring,2.9,Yes,Free Shipping,Yes,Yes,46,PayPal,Every 3 Months,1,1,1,4,Boomer+ (65+),100.0,72.77,Champions,0,0,0,396,Promo Champions
906,46,Male,Dress,Clothing,68,Mississippi,S,Cyan,Spring,2.8,Yes,Standard,Yes,Yes,16,Venmo,Annually,1,1,1,1,Gen X (45-54),100.0,33.24,Potential,0,0,0,68,Growth Potential
907,41,Male,Pants,Clothing,56,South Carolina,M,Red,Spring,4.2,Yes,Standard,Yes,Yes,21,Debit Card,Bi-Weekly,1,1,1,26,Millennial-Late (35-44),100.0,44.33,Potential,1,0,0,1456,Growth Potential
908,32,Male,Sweater,Clothing,43,Missouri,L,Cyan,Winter,4.4,Yes,Express,Yes,Yes,34,Credit Card,Bi-Weekly,1,1,1,26,Millennial-Early (25-34),100.0,49.26,Loyalists,1,0,1,1118,Promo Loyalists
909,26,Male,Sunglasses,Accessories,99,New Jersey,M,Turquoise,Winter,3.6,Yes,Free Shipping,Yes,Yes,9,PayPal,Every 3 Months,1,1,1,4,Millennial-Early (25-34),100.0,42.56,Potential,0,0,0,396,Growth Potential
910,61,Male,Belt,Accessories,56,Louisiana,L,Silver,Fall,2.7,Yes,Express,Yes,Yes,36,PayPal,Weekly,1,1,1,52,Boomer-Early (55-64),100.0,69.32,Champions,0,0,0,2912,Promo Champions
911,49,Male,Hoodie,Clothing,25,South Carolina,S,Pink,Spring,3.4,Yes,Express,Yes,Yes,22,Credit Card,Monthly,1,1,1,12,Gen X (45-54),100.0,24.72,At-Risk,0,0,0,300,At-Risk / Dormant
912,53,Male,Pants,Clothing,74,Vermont,M,Black,Winter,2.8,Yes,2-Day Shipping,Yes,Yes,2,Bank Transfer,Quarterly,1,1,1,4,Gen X (45-54),100.0,25.91,At-Risk,0,0,0,296,At-Risk / Dormant
913,24,Male,Hoodie,Clothing,56,Arkansas,M,Green,Winter,3.4,Yes,Next Day Air,Yes,Yes,32,Bank Transfer,Monthly,1,1,1,12,Gen Z (18-24),100.0,46.45,Loyalists,0,0,0,672,Promo Loyalists
914,37,Male,Sneakers,Footwear,47,Utah,M,Yellow,Fall,2.6,Yes,Next Day Air,Yes,Yes,29,Cash,Every 3 Months,1,1,1,4,Millennial-Late (35-44),100.0,36.14,Potential,0,0,0,188,Growth Potential
915,43,Male,Dress,Clothing,67,Washington,L,Purple,Summer,4.1,Yes,Standard,Yes,Yes,27,Venmo,Every 3 Months,1,1,1,4,Millennial-Late (35-44),100.0,43.26,Potential,1,0,0,268,Growth Potential
916,31,Male,Dress,Clothing,22,Rhode Island,L,Purple,Winter,2.9,Yes,Store Pickup,Yes,Yes,33,Credit Card,Fortnightly,1,1,1,26,Millennial-Early (25-34),100.0,39.25,Potential,0,0,0,572,Growth Potential
917,49,Male,Jeans,Clothing,34,Illinois,S,Blue,Spring,2.7,Yes,Standard,Yes,Yes,16,Venmo,Monthly,1,1,1,12,Gen X (45-54),100.0,23.76,At-Risk,0,0,0,408,At-Risk / Dormant
918,69,Male,Sweater,Clothing,64,Missouri,M,Maroon,Spring,3.7,Yes,Standard,Yes,Yes,11,Bank Transfer,Quarterly,1,1,1,4,Boomer+ (65+),100.0,28.88,At-Risk,0,0,0,256,At-Risk / Dormant
919,65,Male,Shorts,Clothing,42,North Carolina,M,Orange,Spring,4.3,Yes,2-Day Shipping,Yes,Yes,11,Cash,Fortnightly,1,1,1,26,Boomer+ (65+),100.0,30.04,At-Risk,1,0,0,1092,At-Risk / Dormant
920,41,Male,Shirt,Clothing,82,Massachusetts,L,Green,Winter,2.6,Yes,2-Day Shipping,Yes,Yes,17,Debit Card,Bi-Weekly,1,1,1,26,Millennial-Late (35-44),100.0,52.44,Loyalists,0,0,0,2132,Promo Loyalists
921,37,Male,Belt,Accessories,81,Arkansas,XL,Gold,Summer,4.3,Yes,Free Shipping,Yes,Yes,37,Cash,Weekly,1,1,1,52,Millennial-Late (35-44),100.0,81.08,Champions,1,0,1,4212,Promo Champions
922,70,Male,Coat,Outerwear,24,South Dakota,L,Silver,Summer,4.1,Yes,Express,Yes,Yes,18,PayPal,Weekly,1,1,1,52,Boomer+ (65+),100.0,40.63,Potential,1,0,0,1248,Growth Potential
923,63,Male,Sneakers,Footwear,60,Georgia,M,Cyan,Fall,4.2,Yes,Standard,Yes,Yes,13,Credit Card,Monthly,1,1,1,12,Boomer-Early (55-64),100.0,32.69,At-Risk,1,0,0,720,At-Risk / Dormant
924,55,Male,Shirt,Clothing,24,Arkansas,M,Silver,Spring,4.2,Yes,2-Day Shipping,Yes,Yes,7,PayPal,Weekly,1,1,1,52,Boomer-Early (55-64),100.0,31.65,At-Risk,1,0,0,1248,At-Risk / Dormant
925,52,Male,Socks,Clothing,78,Kansas,XL,Beige,Winter,3.1,Yes,Standard,Yes,Yes,37,Cash,Quarterly,1,1,1,4,Gen X (45-54),100.0,56.23,Loyalists,0,0,0,312,Promo Loyalists
926,22,Male,Jeans,Clothing,88,Arizona,L,Teal,Winter,4.9,Yes,Express,Yes,Yes,8,Cash,Monthly,1,1,1,12,Gen Z (18-24),100.0,40.86,Potential,1,0,0,1056,Growth Potential
927,54,Male,Jeans,Clothing,63,Massachusetts,XL,Green,Spring,4.4,Yes,Express,Yes,Yes,11,Cash,Bi-Weekly,1,1,1,26,Gen X (45-54),100.0,39.23,Potential,1,0,0,1638,Growth Potential
928,28,Male,Sneakers,Footwear,78,New Mexico,L,Black,Summer,4.4,Yes,Standard,Yes,Yes,8,Venmo,Bi-Weekly,1,1,1,26,Millennial-Early (25-34),100.0,43.34,Potential,1,0,0,2028,Growth Potential
929,67,Male,Dress,Clothing,37,Arkansas,XL,Yellow,Winter,3.4,Yes,Store Pickup,Yes,Yes,31,Cash,Every 3 Months,1,1,1,4,Boomer+ (65+),100.0,33.4,Potential,0,0,0,148,Growth Potential
930,59,Male,Boots,Footwear,94,Nebraska,M,White,Fall,4.5,Yes,2-Day Shipping,Yes,Yes,26,Debit Card,Fortnightly,1,1,1,26,Boomer-Early (55-64),100.0,65.04,Champions,1,0,1,2444,Promo Champions
931,26,Male,T-shirt,Clothing,78,Hawaii,L,Green,Fall,4.5,Yes,Store Pickup,Yes,Yes,20,Credit Card,Bi-Weekly,1,1,1,26,Millennial-Early (25-34),100.0,53.14,Loyalists,1,0,1,2028,Promo Loyalists
932,24,Male,Coat,Outerwear,36,Nebraska,M,Silver,Winter,4.1,Yes,Standard,Yes,Yes,24,Bank Transfer,Fortnightly,1,1,1,26,Gen Z (18-24),100.0,38.03,Potential,1,0,0,936,Growth Potential
933,62,Male,Skirt,Clothing,24,Indiana,L,Blue,Winter,3.2,Yes,Standard,Yes,Yes,45,Debit Card,Bi-Weekly,1,1,1,26,Boomer-Early (55-64),100.0,49.92,Loyalists,0,0,0,624,Promo Loyalists
934,70,Male,Sneakers,Footwear,84,Colorado,M,Magenta,Spring,2.7,Yes,Store Pickup,Yes,Yes,33,Debit Card,Monthly,1,1,1,12,Boomer+ (65+),100.0,59.51,Champions,0,0,0,1008,Promo Champions
935,45,Male,Jeans,Clothing,47,Oregon,S,Yellow,Spring,3.7,Yes,Express,Yes,Yes,21,Bank Transfer,Monthly,1,1,1,12,Gen X (45-54),100.0,33.53,Potential,0,0,0,564,Growth Potential
936,58,Male,Hoodie,Clothing,51,Ohio,L,White,Fall,2.6,Yes,Store Pickup,Yes,Yes,2,Bank Transfer,Fortnightly,1,1,1,26,Boomer-Early (55-64),100.0,26.63,At-Risk,0,0,0,1326,At-Risk / Dormant
937,31,Male,Shoes,Footwear,84,Maine,M,Pink,Summer,2.7,Yes,Free Shipping,Yes,Yes,28,Cash,Weekly,1,1,1,52,Millennial-Early (25-34),100.0,75.04,Champions,0,0,0,4368,Promo Champions
938,32,Male,Shorts,Clothing,24,Iowa,M,Magenta,Summer,2.7,Yes,Express,Yes,Yes,18,Venmo,Quarterly,1,1,1,4,Millennial-Early (25-34),100.0,17.1,At-Risk,0,0,0,96,At-Risk / Dormant
939,36,Male,Blouse,Clothing,97,Wisconsin,S,Teal,Fall,4.8,Yes,Free Shipping,Yes,Yes,21,Debit Card,Fortnightly,1,1,1,26,Millennial-Late (35-44),100.0,62.27,Champions,1,0,1,2522,Promo Champions
940,25,Male,T-shirt,Clothing,89,New York,L,Indigo,Winter,4.8,Yes,Next Day Air,Yes,Yes,24,Credit Card,Monthly,1,1,1,12,Millennial-Early (25-34),100.0,54.36,Loyalists,1,0,1,1068,Promo Loyalists
941,48,Male,Belt,Accessories,44,Colorado,S,Maroon,Spring,2.6,Yes,Store Pickup,Yes,Yes,15,PayPal,Every 3 Months,1,1,1,4,Gen X (45-54),100.0,23.4,At-Risk,0,0,0,176,At-Risk / Dormant
942,39,Male,Handbag,Accessories,35,Illinois,L,Black,Winter,4.5,Yes,2-Day Shipping,Yes,Yes,38,PayPal,Every 3 Months,1,1,1,4,Millennial-Late (35-44),100.0,38.24,Potential,1,0,0,140,Growth Potential
943,26,Male,Dress,Clothing,91,Arizona,M,Cyan,Winter,3.2,Yes,Express,Yes,Yes,38,PayPal,Bi-Weekly,1,1,1,26,Millennial-Early (25-34),100.0,73.52,Champions,0,0,0,2366,Promo Champions
944,32,Male,Hat,Accessories,63,Oklahoma,L,Cyan,Winter,3.8,Yes,Next Day Air,Yes,Yes,13,Venmo,Fortnightly,1,1,1,26,Millennial-Early (25-34),100.0,40.86,Potential,0,0,0,1638,Growth Potential
945,54,Male,Belt,Accessories,97,Indiana,S,Gray,Spring,4.8,Yes,Express,Yes,Yes,39,Cash,Bi-Weekly,1,1,1,26,Gen X (45-54),100.0,76.96,Champions,1,0,1,2522,Promo Champions
946,38,Male,Boots,Footwear,38,Minnesota,M,Violet,Summer,4.1,Yes,Store Pickup,Yes,Yes,8,Venmo,Every 3 Months,1,1,1,4,Millennial-Late (35-44),100.0,15.06,At-Risk,1,0,0,152,At-Risk / Dormant
947,46,Male,Coat,Outerwear,24,Pennsylvania,XL,Blue,Spring,2.8,Yes,Next Day Air,Yes,Yes,4,PayPal,Quarterly,1,1,1,4,Gen X (45-54),100.0,5.67,At-Risk,0,0,0,96,At-Risk / Dormant
948,57,Male,Blouse,Clothing,32,Indiana,M,Charcoal,Winter,3.9,Yes,Store Pickup,Yes,Yes,6,Cash,Every 3 Months,1,1,1,4,Boomer-Early (55-64),100.0,10.8,At-Risk,0,0,0,128,At-Risk / Dormant
949,49,Male,Hat,Accessories,90,Alabama,L,Olive,Summer,4.9,Yes,Express,Yes,Yes,11,Venmo,Every 3 Months,1,1,1,4,Gen X (45-54),100.0,40.26,Potential,1,0,0,360,Growth Potential
950,33,Male,Jeans,Clothing,36,Montana,M,Olive,Summer,3.4,Yes,Standard,Yes,Yes,49,Venmo,Monthly,1,1,1,12,Millennial-Early (25-34),100.0,51.58,Loyalists,0,0,0,432,Promo Loyalists
951,54,Male,Backpack,Accessories,37,New Mexico,XL,Turquoise,Winter,4.1,Yes,Free Shipping,Yes,Yes,30,PayPal,Quarterly,1,1,1,4,Gen X (45-54),100.0,32.58,At-Risk,1,0,0,148,At-Risk / Dormant
952,47,Male,Dress,Clothing,51,Alaska,M,Cyan,Summer,2.9,Yes,Express,Yes,Yes,34,Bank Transfer,Monthly,1,1,1,12,Gen X (45-54),100.0,45.89,Loyalists,0,0,0,612,Promo Loyalists
953,36,Male,Hat,Accessories,71,Idaho,S,Red,Fall,3.1,Yes,2-Day Shipping,Yes,Yes,28,PayPal,Monthly,1,1,1,12,Millennial-Late (35-44),100.0,49.75,Loyalists,0,0,0,852,Promo Loyalists
954,68,Male,Sunglasses,Accessories,50,Utah,S,Cyan,Spring,3.6,Yes,2-Day Shipping,Yes,Yes,36,Venmo,Quarterly,1,1,1,4,Boomer+ (65+),100.0,43.17,Potential,0,0,0,200,Growth Potential
955,60,Male,Hat,Accessories,74,Louisiana,S,Turquoise,Fall,3.5,Yes,Standard,Yes,Yes,18,Credit Card,Every 3 Months,1,1,1,4,Boomer-Early (55-64),100.0,38.97,Potential,0,0,0,296,Growth Potential
956,55,Male,Dress,Clothing,75,Mississippi,L,Lavender,Summer,3.4,Yes,Free Shipping,Yes,Yes,4,PayPal,Monthly,1,1,1,12,Boomer-Early (55-64),100.0,31.9,At-Risk,0,0,0,900,At-Risk / Dormant
957,29,Male,Shirt,Clothing,99,Mississippi,XL,Cyan,Spring,2.9,Yes,2-Day Shipping,Yes,Yes,42,Debit Card,Quarterly,1,1,1,4,Millennial-Early (25-34),100.0,69.5,Champions,0,0,0,396,Promo Champions
958,38,Male,Scarf,Accessories,23,Indiana,XL,Violet,Spring,4.7,Yes,Store Pickup,Yes,Yes,11,Cash,Quarterly,1,1,1,4,Millennial-Late (35-44),100.0,10.95,At-Risk,1,0,0,92,At-Risk / Dormant
959,70,Male,Sneakers,Footwear,53,Washington,XL,Beige,Winter,4.4,Yes,Free Shipping,Yes,Yes,31,Credit Card,Bi-Weekly,1,1,1,26,Boomer+ (65+),100.0,51.18,Loyalists,1,0,1,1378,Promo Loyalists
960,36,Male,Skirt,Clothing,99,Nevada,M,Cyan,Spring,2.6,Yes,Standard,Yes,Yes,12,Cash,Fortnightly,1,1,1,26,Millennial-Late (35-44),100.0,55.8,Loyalists,0,0,0,2574,Promo Loyalists
961,18,Male,Jewelry,Accessories,48,Louisiana,XL,Indigo,Spring,4.4,Yes,Standard,Yes,Yes,20,Venmo,Quarterly,1,1,1,4,Gen Z (18-24),100.0,29.23,At-Risk,1,0,0,192,At-Risk / Dormant
962,62,Male,Boots,Footwear,72,Pennsylvania,L,Olive,Fall,3.7,Yes,Next Day Air,Yes,Yes,37,Debit Card,Quarterly,1,1,1,4,Boomer-Early (55-64),100.0,53.61,Loyalists,0,0,0,288,Promo Loyalists
963,29,Male,Sunglasses,Accessories,64,Michigan,L,Green,Spring,4.4,Yes,Standard,Yes,Yes,26,Debit Card,Fortnightly,1,1,1,26,Millennial-Early (25-34),100.0,51.91,Loyalists,1,0,1,1664,Promo Loyalists
964,21,Male,Boots,Footwear,63,South Carolina,L,Green,Spring,2.5,Yes,2-Day Shipping,Yes,Yes,14,Credit Card,Weekly,1,1,1,52,Gen Z (18-24),100.0,54.42,Loyalists,0,0,0,3276,Promo Loyalists
965,42,Male,Sandals,Footwear,51,Arizona,M,Beige,Spring,2.6,Yes,Next Day Air,Yes,Yes,12,Venmo,Bi-Weekly,1,1,1,26,Millennial-Late (35-44),100.0,34.8,Potential,0,0,0,1326,Growth Potential
966,43,Male,Boots,Footwear,55,Delaware,L,Black,Spring,5.0,Yes,Store Pickup,Yes,Yes,10,Credit Card,Annually,1,1,1,1,Millennial-Late (35-44),100.0,22.66,At-Risk,1,0,0,55,At-Risk / Dormant
967,58,Male,Dress,Clothing,55,Kentucky,M,Brown,Spring,4.9,Yes,Express,Yes,Yes,19,Cash,Annually,1,1,1,1,Boomer-Early (55-64),100.0,30.01,At-Risk,1,0,0,55,At-Risk / Dormant
968,27,Male,Hoodie,Clothing,26,Georgia,S,Silver,Summer,3.7,Yes,Store Pickup,Yes,Yes,4,Cash,Weekly,1,1,1,52,Millennial-Early (25-34),100.0,30.07,At-Risk,0,0,0,1352,At-Risk / Dormant
969,57,Male,Shorts,Clothing,67,North Carolina,L,Gray,Summer,3.1,Yes,Next Day Air,Yes,Yes,48,Bank Transfer,Quarterly,1,1,1,4,Boomer-Early (55-64),100.0,60.4,Champions,0,0,0,268,Promo Champions
970,40,Male,Coat,Outerwear,31,California,S,Pink,Fall,3.2,Yes,Express,Yes,Yes,37,PayPal,Monthly,1,1,1,12,Millennial-Late (35-44),100.0,39.59,Potential,0,0,0,372,Growth Potential
971,45,Male,Jeans,Clothing,66,California,S,Maroon,Winter,4.4,Yes,Free Shipping,Yes,Yes,4,Cash,Monthly,1,1,1,12,Gen X (45-54),100.0,27.97,At-Risk,1,0,0,792,At-Risk / Dormant
972,47,Male,Sunglasses,Accessories,67,Indiana,M,Cyan,Summer,4.3,Yes,Next Day Air,Yes,Yes,15,Credit Card,Weekly,1,1,1,52,Gen X (45-54),100.0,56.99,Loyalists,1,0,1,3484,Promo Loyalists
973,61,Male,Sneakers,Footwear,61,Colorado,L,Gold,Winter,3.0,Yes,Standard,Yes,Yes,33,Credit Card,Weekly,1,1,1,52,Boomer-Early (55-64),100.0,69.06,Champions,0,0,0,3172,Promo Champions
974,60,Male,Jacket,Outerwear,75,Colorado,M,Teal,Fall,3.5,Yes,2-Day Shipping,Yes,Yes,30,Bank Transfer,Quarterly,1,1,1,4,Boomer-Early (55-64),100.0,49.21,Loyalists,0,0,0,300,Promo Loyalists
975,69,Male,Skirt,Clothing,90,North Carolina,M,Beige,Spring,3.6,Yes,2-Day Shipping,Yes,Yes,23,Bank Transfer,Monthly,1,1,1,12,Boomer+ (65+),100.0,53.98,Loyalists,0,0,0,1080,Promo Loyalists
976,58,Male,Sweater,Clothing,40,Washington,M,Olive,Summer,3.8,Yes,2-Day Shipping,Yes,Yes,2,Bank Transfer,Weekly,1,1,1,52,Boomer-Early (55-64),100.0,34.57,Potential,0,0,0,2080,Growth Potential
977,34,Male,T-shirt,Clothing,90,Florida,M,Gray,Fall,3.6,Yes,Express,Yes,Yes,50,Credit Card,Every 3 Months,1,1,1,4,Millennial-Early (25-34),100.0,72.1,Champions,0,0,0,360,Promo Champions
978,20,Male,Belt,Accessories,20,Washington,M,Black,Spring,4.6,Yes,Express,Yes,Yes,34,Cash,Bi-Weekly,1,1,1,26,Gen Z (18-24),100.0,39.19,Potential,1,0,0,520,Growth Potential
979,56,Male,Gloves,Accessories,40,Colorado,M,Turquoise,Summer,2.5,Yes,Standard,Yes,Yes,33,Credit Card,Weekly,1,1,1,52,Boomer-Early (55-64),100.0,59.87,Champions,0,0,0,2080,Promo Champions
980,64,Male,Hat,Accessories,33,New Hampshire,S,Brown,Fall,3.5,Yes,Store Pickup,Yes,Yes,34,Debit Card,Monthly,1,1,1,12,Boomer-Early (55-64),100.0,38.02,Potential,0,0,0,396,Growth Potential
981,56,Male,Boots,Footwear,98,Maryland,S,Magenta,Spring,4.0,Yes,Free Shipping,Yes,Yes,39,PayPal,Every 3 Months,1,1,1,4,Boomer-Early (55-64),100.0,66.62,Champions,1,0,1,392,Promo Champions
982,27,Male,Belt,Accessories,42,Maryland,M,Silver,Spring,3.5,Yes,Next Day Air,Yes,Yes,47,Credit Card,Quarterly,1,1,1,4,Millennial-Early (25-34),100.0,48.65,Loyalists,0,0,0,168,Promo Loyalists
983,35,Male,Coat,Outerwear,62,Texas,S,Red,Summer,3.2,Yes,Standard,Yes,Yes,37,PayPal,Monthly,1,1,1,12,Millennial-Late (35-44),100.0,53.15,Loyalists,0,0,0,744,Promo Loyalists
984,24,Male,Hat,Accessories,45,New Mexico,L,Indigo,Winter,3.5,Yes,Free Shipping,Yes,Yes,40,Venmo,Bi-Weekly,1,1,1,26,Gen Z (18-24),100.0,55.03,Loyalists,0,0,0,1170,Promo Loyalists
985,26,Male,Shoes,Footwear,78,Utah,M,Green,Summer,3.4,Yes,Free Shipping,Yes,Yes,8,Credit Card,Bi-Weekly,1,1,1,26,Millennial-Early (25-34),100.0,43.34,Potential,0,0,0,2028,Growth Potential
986,32,Male,Handbag,Accessories,80,West Virginia,M,Gray,Fall,5.0,Yes,Express,Yes,Yes,12,Bank Transfer,Annually,1,1,1,1,Millennial-Early (25-34),100.0,35.23,Potential,1,0,0,80,Growth Potential
987,54,Male,Scarf,Accessories,96,Connecticut,S,Peach,Spring,4.5,Yes,Store Pickup,Yes,Yes,36,Bank Transfer,Monthly,1,1,1,12,Gen X (45-54),100.0,67.21,Champions,1,0,1,1152,Promo Champions
988,62,Male,Handbag,Accessories,47,West Virginia,M,Charcoal,Summer,2.8,Yes,Express,Yes,Yes,48,PayPal,Weekly,1,1,1,52,Boomer-Early (55-64),100.0,75.18,Champions,0,0,0,2444,Promo Champions
989,50,Male,Pants,Clothing,84,Ohio,M,Orange,Winter,4.9,Yes,2-Day Shipping,Yes,Yes,47,PayPal,Fortnightly,1,1,1,26,Gen X (45-54),100.0,77.81,Champions,1,0,1,2184,Promo Champions
990,70,Male,Shoes,Footwear,31,Texas,M,Beige,Spring,3.1,Yes,Store Pickup,Yes,Yes,2,Bank Transfer,Monthly,1,1,1,12,Boomer+ (65+),100.0,11.02,At-Risk,0,0,0,372,At-Risk / Dormant
991,48,Male,Sunglasses,Accessories,63,Washington,S,Yellow,Spring,4.8,Yes,Store Pickup,Yes,Yes,24,Cash,Weekly,1,1,1,52,Gen X (45-54),100.0,62.59,Champions,1,0,1,3276,Promo Champions
992,20,Male,Shorts,Clothing,97,Wisconsin,XL,White,Spring,2.7,Yes,Standard,Yes,Yes,40,Bank Transfer,Bi-Weekly,1,1,1,26,Gen Z (18-24),100.0,77.78,Champions,0,0,0,2522,Promo Champions
993,46,Male,Jacket,Outerwear,99,Louisiana,M,Gray,Winter,4.6,Yes,Express,Yes,Yes,50,Debit Card,Weekly,1,1,1,52,Gen X (45-54),100.0,99.56,Champions,1,0,1,5148,Promo Champions
994,51,Male,Sandals,Footwear,90,Iowa,M,Peach,Winter,4.4,Yes,Store Pickup,Yes,Yes,25,Cash,Weekly,1,1,1,52,Gen X (45-54),100.0,75.22,Champions,1,0,1,4680,Promo Champions
995,53,Male,Shoes,Footwear,68,New York,L,Violet,Fall,3.2,Yes,Express,Yes,Yes,20,Debit Card,Monthly,1,1,1,12,Gen X (45-54),100.0,41.9,Potential,0,0,0,816,Growth Potential
996,44,Male,Jewelry,Accessories,80,Idaho,M,Magenta,Spring,3.0,Yes,2-Day Shipping,Yes,Yes,10,Venmo,Weekly,1,1,1,52,Millennial-Late (35-44),100.0,58.6,Champions,0,0,0,4160,Promo Champions
997,29,Male,Sandals,Footwear,91,Delaware,L,Maroon,Summer,4.9,Yes,Standard,Yes,Yes,32,Bank Transfer,Quarterly,1,1,1,4,Millennial-Early (25-34),100.0,57.84,Champions,1,0,1,364,Promo Champions
998,64,Male,Pants,Clothing,30,Kentucky,M,Cyan,Spring,3.6,Yes,Express,Yes,Yes,31,Cash,Fortnightly,1,1,1,26,Boomer-Early (55-64),100.0,41.12,Potential,0,0,0,780,Growth Potential
999,51,Male,Shoes,Footwear,90,Connecticut,M,White,Spring,3.8,Yes,Next Day Air,Yes,Yes,48,Bank Transfer,Bi-Weekly,1,1,1,26,Gen X (45-54),100.0,81.25,Champions,0,0,0,2340,Promo Champions
1000,50,Male,Socks,Clothing,28,New Mexico,L,Brown,Spring,2.9,Yes,Standard,Yes,Yes,23,Debit Card,Monthly,1,1,1,12,Gen X (45-54),100.0,26.85,At-Risk,0,0,0,336,At-Risk / Dormant
1001,43,Male,Socks,Clothing,46,Georgia,M,Red,Winter,3.9,Yes,Express,Yes,Yes,1,Bank Transfer,Bi-Weekly,1,1,1,26,Millennial-Late (35-44),100.0,23.63,At-Risk,0,0,0,1196,At-Risk / Dormant
1002,61,Male,Dress,Clothing,60,Washington,M,Orange,Fall,3.6,Yes,Standard,Yes,Yes,4,Debit Card,Fortnightly,1,1,1,26,Boomer-Early (55-64),100.0,32.2,At-Risk,0,0,0,1560,At-Risk / Dormant
1003,55,Male,Shoes,Footwear,59,North Dakota,M,White,Spring,3.5,Yes,Store Pickup,Yes,Yes,3,Bank Transfer,Bi-Weekly,1,1,1,26,Boomer-Early (55-64),100.0,30.95,At-Risk,0,0,0,1534,At-Risk / Dormant
1004,56,Male,Hat,Accessories,68,Ohio,M,Green,Fall,4.0,Yes,Store Pickup,Yes,Yes,3,Cash,Bi-Weekly,1,1,1,26,Boomer-Early (55-64),100.0,34.89,Potential,1,0,0,1768,Growth Potential
1005,33,Male,Backpack,Accessories,79,Tennessee,M,Black,Summer,4.8,Yes,2-Day Shipping,Yes,Yes,44,Cash,Annually,1,1,1,1,Millennial-Early (25-34),100.0,60.91,Champions,1,0,1,79,Promo Champions
1006,43,Male,Backpack,Accessories,94,New York,M,Gold,Winter,3.9,Yes,Store Pickup,Yes,Yes,5,Debit Card,Bi-Weekly,1,1,1,26,Millennial-Late (35-44),100.0,47.9,Loyalists,0,0,0,2444,Promo Loyalists
1007,21,Male,Pants,Clothing,83,Michigan,S,Lavender,Summer,4.5,Yes,Next Day Air,Yes,Yes,50,Venmo,Quarterly,1,1,1,4,Gen Z (18-24),100.0,69.03,Champions,1,0,1,332,Promo Champions
1008,58,Male,Gloves,Accessories,62,Georgia,XL,Turquoise,Spring,4.8,Yes,Standard,Yes,Yes,2,Credit Card,Annually,1,1,1,1,Boomer-Early (55-64),100.0,19.19,At-Risk,1,0,0,62,At-Risk / Dormant
1009,41,Male,Scarf,Accessories,85,New Mexico,M,Pink,Spring,2.6,Yes,Store Pickup,Yes,Yes,29,PayPal,Annually,1,1,1,1,Millennial-Late (35-44),100.0,51.29,Loyalists,0,0,0,85,Promo Loyalists
1010,39,Male,Hoodie,Clothing,30,Louisiana,M,Silver,Summer,3.1,Yes,Express,Yes,Yes,11,Venmo,Annually,1,1,1,1,Millennial-Late (35-44),100.0,12.54,At-Risk,0,0,0,30,At-Risk / Dormant
1011,54,Male,Jeans,Clothing,24,South Dakota,XL,Gray,Spring,4.7,Yes,2-Day Shipping,Yes,Yes,37,Credit Card,Fortnightly,1,1,1,26,Gen X (45-54),100.0,43.39,Potential,1,0,0,624,Growth Potential
1012,43,Male,Backpack,Accessories,25,Montana,L,Indigo,Spring,2.9,Yes,Next Day Air,Yes,Yes,32,Debit Card,Fortnightly,1,1,1,26,Millennial-Late (35-44),100.0,39.75,Potential,0,0,0,650,Growth Potential
1013,28,Male,Sandals,Footwear,37,New Mexico,L,Teal,Summer,3.8,Yes,Express,Yes,Yes,27,Credit Card,Annually,1,1,1,1,Millennial-Early (25-34),100.0,28.66,At-Risk,0,0,0,37,At-Risk / Dormant
1014,59,Male,Belt,Accessories,69,South Carolina,XL,Green,Summer,3.8,Yes,2-Day Shipping,Yes,Yes,31,Venmo,Bi-Weekly,1,1,1,26,Boomer-Early (55-64),100.0,58.18,Champions,0,0,0,1794,Promo Champions
1015,28,Male,Shoes,Footwear,97,Ohio,M,Violet,Summer,3.0,Yes,Standard,Yes,Yes,36,Debit Card,Fortnightly,1,1,1,26,Millennial-Early (25-34),100.0,74.51,Champions,0,0,0,2522,Promo Champions
1016,68,Male,Gloves,Accessories,24,North Carolina,M,Cyan,Summer,4.1,Yes,Standard,Yes,Yes,34,Cash,Weekly,1,1,1,52,Boomer+ (65+),100.0,53.69,Loyalists,1,0,1,1248,Promo Loyalists
1017,20,Male,Belt,Accessories,30,Idaho,XL,Blue,Summer,3.4,Yes,Express,Yes,Yes,15,Bank Transfer,Every 3 Months,1,1,1,4,Gen Z (18-24),100.0,17.27,At-Risk,0,0,0,120,At-Risk / Dormant
1018,21,Male,Jacket,Outerwear,53,Oklahoma,L,Orange,Fall,2.5,Yes,Express,Yes,Yes,14,Credit Card,Annually,1,1,1,1,Gen Z (18-24),100.0,25.05,At-Risk,0,0,0,53,At-Risk / Dormant
1019,50,Male,Dress,Clothing,70,Georgia,XL,Charcoal,Spring,4.9,Yes,Next Day Air,Yes,Yes,46,Cash,Weekly,1,1,1,52,Gen X (45-54),100.0,83.61,Champions,1,0,1,3640,Promo Champions
1020,32,Male,Shirt,Clothing,76,Kentucky,S,Beige,Winter,2.8,Yes,Standard,Yes,Yes,33,Venmo,Bi-Weekly,1,1,1,26,Millennial-Early (25-34),100.0,62.88,Champions,0,0,0,1976,Promo Champions
1021,24,Male,Scarf,Accessories,95,Delaware,M,Black,Fall,4.5,Yes,Express,Yes,Yes,41,Debit Card,Annually,1,1,1,1,Gen Z (18-24),100.0,65.47,Champions,1,0,1,95,Promo Champions
1022,55,Male,Coat,Outerwear,51,Massachusetts,S,Lavender,Winter,4.9,Yes,2-Day Shipping,Yes,Yes,39,PayPal,Weekly,1,1,1,52,Boomer-Early (55-64),100.0,69.58,Champions,1,0,1,2652,Promo Champions
1023,61,Male,Handbag,Accessories,41,Nebraska,M,Lavender,Winter,4.9,Yes,Store Pickup,Yes,Yes,7,Cash,Annually,1,1,1,1,Boomer-Early (55-64),100.0,14.09,At-Risk,1,0,0,41,At-Risk / Dormant
1024,61,Male,Sunglasses,Accessories,71,Maine,S,Turquoise,Winter,3.5,Yes,Free Shipping,Yes,Yes,29,Bank Transfer,Every 3 Months,1,1,1,4,Boomer-Early (55-64),100.0,46.64,Loyalists,0,0,0,284,Promo Loyalists
1025,28,Male,T-shirt,Clothing,66,Pennsylvania,M,Purple,Summer,3.5,Yes,Free Shipping,Yes,Yes,18,Venmo,Quarterly,1,1,1,4,Millennial-Early (25-34),100.0,35.47,Potential,0,0,0,264,Growth Potential
1026,60,Male,Shirt,Clothing,84,Nebraska,M,Olive,Winter,4.9,Yes,Free Shipping,Yes,Yes,15,Credit Card,Annually,1,1,1,1,Boomer-Early (55-64),100.0,39.43,Potential,1,0,0,84,Growth Potential
1027,49,Male,Handbag,Accessories,95,Virginia,L,Turquoise,Winter,3.0,Yes,Express,Yes,Yes,39,PayPal,Bi-Weekly,1,1,1,26,Gen X (45-54),100.0,76.09,Champions,0,0,0,2470,Promo Champions
1028,33,Male,Jewelry,Accessories,90,Ohio,L,Teal,Summer,2.8,Yes,Next Day Air,Yes,Yes,11,Cash,Monthly,1,1,1,12,Millennial-Early (25-34),100.0,44.18,Potential,0,0,0,1080,Growth Potential
1029,45,Male,Hoodie,Clothing,36,Nebraska,S,Lavender,Summer,3.7,Yes,Standard,Yes,Yes,4,Cash,Fortnightly,1,1,1,26,Gen X (45-54),100.0,21.7,At-Risk,0,0,0,936,At-Risk / Dormant
1030,29,Male,Gloves,Accessories,22,Ohio,M,Purple,Spring,3.6,Yes,2-Day Shipping,Yes,Yes,33,Venmo,Bi-Weekly,1,1,1,26,Millennial-Early (25-34),100.0,39.25,Potential,0,0,0,572,Growth Potential
1031,58,Male,Coat,Outerwear,89,Kentucky,L,Blue,Winter,3.3,Yes,Next Day Air,Yes,Yes,37,Debit Card,Quarterly,1,1,1,4,Boomer-Early (55-64),100.0,61.05,Champions,0,0,0,356,Promo Champions
1032,22,Male,Sandals,Footwear,50,Tennessee,M,Teal,Spring,3.4,Yes,Free Shipping,Yes,Yes,32,Cash,Quarterly,1,1,1,4,Gen Z (18-24),100.0,39.9,Potential,0,0,0,200,Growth Potential
1033,55,Male,Boots,Footwear,36,Maine,M,Lavender,Fall,4.0,Yes,Free Shipping,Yes,Yes,44,Credit Card,Quarterly,1,1,1,4,Boomer-Early (55-64),100.0,43.57,Potential,1,0,0,144,Growth Potential
1034,19,Male,Pants,Clothing,52,Montana,S,Silver,Spring,4.6,Yes,Free Shipping,Yes,Yes,41,Bank Transfer,Quarterly,1,1,1,4,Gen Z (18-24),100.0,48.12,Loyalists,1,0,1,208,Promo Loyalists
1035,68,Male,Socks,Clothing,29,Maryland,M,Olive,Fall,4.2,Yes,Next Day Air,Yes,Yes,44,Bank Transfer,Weekly,1,1,1,52,Boomer+ (65+),100.0,64.04,Champions,1,0,1,1508,Promo Champions
1036,61,Male,Blouse,Clothing,89,Georgia,M,Brown,Fall,2.8,Yes,Express,Yes,Yes,32,Venmo,Annually,1,1,1,1,Boomer-Early (55-64),100.0,55.49,Loyalists,0,0,0,89,Promo Loyalists
1037,68,Male,Handbag,Accessories,47,Hawaii,M,Yellow,Fall,3.7,Yes,2-Day Shipping,Yes,Yes,13,Bank Transfer,Monthly,1,1,1,12,Boomer+ (65+),100.0,27.0,At-Risk,0,0,0,564,At-Risk / Dormant
1038,52,Male,Jewelry,Accessories,25,Rhode Island,XL,Brown,Spring,3.4,Yes,Standard,Yes,Yes,48,Debit Card,Quarterly,1,1,1,4,Gen X (45-54),100.0,42.03,Potential,0,0,0,100,Growth Potential
1039,41,Male,Pants,Clothing,74,Nebraska,XL,Cyan,Fall,3.0,Yes,Express,Yes,Yes,3,Bank Transfer,Weekly,1,1,1,52,Millennial-Late (35-44),100.0,50.26,Loyalists,0,0,0,3848,Promo Loyalists
1040,29,Male,Belt,Accessories,46,Michigan,M,Magenta,Fall,4.8,Yes,Standard,Yes,Yes,39,Venmo,Monthly,1,1,1,12,Millennial-Early (25-34),100.0,47.79,Loyalists,1,0,1,552,Promo Loyalists
1041,68,Male,Jeans,Clothing,22,North Carolina,S,Magenta,Fall,4.0,Yes,Next Day Air,Yes,Yes,7,Cash,Fortnightly,1,1,1,26,Boomer+ (65+),100.0,18.03,At-Risk,1,0,0,572,At-Risk / Dormant
1042,36,Male,Shirt,Clothing,25,Minnesota,M,Orange,Summer,4.9,Yes,Next Day Air,Yes,Yes,11,Cash,Fortnightly,1,1,1,26,Millennial-Late (35-44),100.0,22.61,At-Risk,1,0,0,650,At-Risk / Dormant
1043,55,Male,Belt,Accessories,80,Maryland,M,Maroon,Spring,4.9,Yes,Next Day Air,Yes,Yes,47,Credit Card,Weekly,1,1,1,52,Boomer-Early (55-64),100.0,88.8,Champions,1,0,1,4160,Promo Champions
1044,28,Male,Jeans,Clothing,76,Hawaii,M,Green,Spring,3.3,Yes,2-Day Shipping,Yes,Yes,28,Debit Card,Fortnightly,1,1,1,26,Millennial-Early (25-34),100.0,58.8,Champions,0,0,0,1976,Promo Champions
1045,39,Male,Jeans,Clothing,30,Oregon,L,Teal,Summer,4.4,Yes,Next Day Air,Yes,Yes,17,Bank Transfer,Every 3 Months,1,1,1,4,Millennial-Late (35-44),100.0,18.91,At-Risk,1,0,0,120,At-Risk / Dormant
1046,54,Male,Sweater,Clothing,79,New Mexico,L,Black,Fall,3.5,Yes,2-Day Shipping,Yes,Yes,11,PayPal,Bi-Weekly,1,1,1,26,Gen X (45-54),100.0,46.23,Loyalists,0,0,0,2054,Promo Loyalists
1047,40,Male,Sneakers,Footwear,22,Illinois,M,Magenta,Winter,4.2,Yes,Standard,Yes,Yes,12,Venmo,Annually,1,1,1,1,Millennial-Late (35-44),100.0,9.85,At-Risk,1,0,0,22,At-Risk / Dormant
1048,31,Male,Socks,Clothing,36,Utah,S,Olive,Fall,4.2,Yes,Standard,Yes,Yes,7,Credit Card,Fortnightly,1,1,1,26,Millennial-Early (25-34),100.0,24.15,At-Risk,1,0,0,936,At-Risk / Dormant
1049,30,Male,Socks,Clothing,77,Maine,L,Yellow,Fall,2.7,Yes,Standard,Yes,Yes,19,Venmo,Fortnightly,1,1,1,26,Millennial-Early (25-34),100.0,51.89,Loyalists,0,0,0,2002,Promo Loyalists
1050,45,Male,Sunglasses,Accessories,33,Virginia,S,Purple,Fall,2.8,Yes,Store Pickup,Yes,Yes,24,Cash,Quarterly,1,1,1,4,Gen X (45-54),100.0,25.93,At-Risk,0,0,0,132,At-Risk / Dormant
1051,48,Male,Sneakers,Footwear,64,Florida,M,Beige,Winter,3.8,Yes,Next Day Air,Yes,Yes,19,Venmo,Monthly,1,1,1,12,Gen X (45-54),100.0,39.34,Potential,0,0,0,768,Growth Potential
1052,45,Male,Socks,Clothing,53,Ohio,M,Indigo,Fall,2.6,Yes,Free Shipping,Yes,Yes,39,PayPal,Annually,1,1,1,1,Gen X (45-54),100.0,45.46,Loyalists,0,0,0,53,Promo Loyalists
1053,60,Male,Shoes,Footwear,36,Virginia,XL,Pink,Fall,3.0,Yes,2-Day Shipping,Yes,Yes,1,Credit Card,Fortnightly,1,1,1,26,Boomer-Early (55-64),100.0,19.25,At-Risk,0,0,0,936,At-Risk / Dormant
1054,59,Male,Blouse,Clothing,70,Kansas,M,Blue,Spring,3.3,No,2-Day Shipping,Yes,Yes,10,Debit Card,Bi-Weekly,0,1,1,26,Boomer-Early (55-64),100.0,41.48,Potential,0,0,0,1820,Growth Potential
1055,18,Male,Shorts,Clothing,96,Arkansas,L,Cyan,Winter,4.9,No,Express,Yes,Yes,48,PayPal,Quarterly,0,1,1,4,Gen Z (18-24),100.0,73.09,Champions,1,0,1,384,Promo Champions
1056,70,Male,Jacket,Outerwear,27,Massachusetts,M,Orange,Spring,3.3,No,Next Day Air,Yes,Yes,24,Debit Card,Annually,0,1,1,1,Boomer+ (65+),100.0,21.84,At-Risk,0,0,0,27,At-Risk / Dormant
1057,20,Male,Sweater,Clothing,64,Idaho,L,Black,Winter,2.9,No,2-Day Shipping,Yes,Yes,42,Venmo,Fortnightly,0,1,1,26,Gen Z (18-24),100.0,64.97,Champions,0,0,0,1664,Promo Champions
1058,65,Male,Jacket,Outerwear,23,Wisconsin,S,Maroon,Spring,4.4,No,2-Day Shipping,Yes,Yes,20,Credit Card,Weekly,0,1,1,52,Boomer+ (65+),100.0,41.82,Potential,1,0,0,1196,Growth Potential
1059,29,Male,Scarf,Accessories,33,New Mexico,L,Violet,Summer,3.1,No,Next Day Air,Yes,Yes,49,Bank Transfer,Every 3 Months,0,1,1,4,Millennial-Early (25-34),100.0,46.34,Loyalists,0,0,0,132,Promo Loyalists
1060,22,Male,Jacket,Outerwear,34,North Carolina,M,Beige,Winter,2.5,No,Standard,Yes,Yes,25,Debit Card,Monthly,0,1,1,12,Gen Z (18-24),100.0,31.11,At-Risk,0,0,0,408,At-Risk / Dormant
1061,27,Male,Sweater,Clothing,35,Iowa,S,Gray,Summer,2.6,No,Next Day Air,Yes,Yes,21,Debit Card,Every 3 Months,0,1,1,4,Millennial-Early (25-34),100.0,24.36,At-Risk,0,0,0,140,At-Risk / Dormant
1062,36,Male,Coat,Outerwear,62,Idaho,M,Gray,Summer,4.4,No,Free Shipping,Yes,Yes,12,Venmo,Every 3 Months,0,1,1,4,Millennial-Late (35-44),100.0,28.83,At-Risk,1,0,0,248,At-Risk / Dormant
1063,59,Male,Boots,Footwear,75,Ohio,M,Brown,Fall,2.6,No,Next Day Air,Yes,Yes,21,Debit Card,Every 3 Months,0,1,1,4,Boomer-Early (55-64),100.0,41.86,Potential,0,0,0,300,Growth Potential
1064,62,Male,Hoodie,Clothing,29,Alabama,S,Indigo,Summer,3.3,No,Free Shipping,Yes,Yes,35,Cash,Monthly,0,1,1,12,Boomer-Early (55-64),100.0,37.08,Potential,0,0,0,348,Growth Potential
1065,34,Male,Hat,Accessories,28,Wyoming,M,Violet,Spring,3.5,No,Express,Yes,Yes,42,Credit Card,Every 3 Months,0,1,1,4,Millennial-Early (25-34),100.0,38.44,Potential,0,0,0,112,Growth Potential
1066,59,Male,T-shirt,Clothing,20,Alabama,XL,Blue,Spring,4.1,No,Store Pickup,Yes,Yes,3,PayPal,Every 3 Months,0,1,1,4,Boomer-Early (55-64),100.0,3.1,At-Risk,1,0,0,80,At-Risk / Dormant
1067,49,Male,Coat,Outerwear,96,Mississippi,M,Red,Winter,4.0,No,Store Pickup,Yes,Yes,11,PayPal,Bi-Weekly,0,1,1,26,Gen X (45-54),100.0,53.67,Loyalists,1,0,1,2496,Promo Loyalists
1068,18,Male,Dress,Clothing,43,Pennsylvania,S,Peach,Summer,2.7,No,2-Day Shipping,Yes,Yes,22,PayPal,Quarterly,0,1,1,4,Gen Z (18-24),100.0,28.68,At-Risk,0,0,0,172,At-Risk / Dormant
1069,55,Male,Shirt,Clothing,94,Wyoming,M,Olive,Fall,2.5,No,Standard,Yes,Yes,47,Credit Card,Weekly,0,1,1,52,Boomer-Early (55-64),100.0,94.93,Champions,0,0,0,4888,Promo Champions
1070,38,Male,Skirt,Clothing,81,Maryland,XL,White,Fall,4.3,No,Next Day Air,Yes,Yes,33,Venmo,Every 3 Months,0,1,1,4,Millennial-Late (35-44),100.0,54.28,Loyalists,1,0,1,324,Promo Loyalists
1071,50,Male,Jewelry,Accessories,75,North Carolina,M,Magenta,Summer,3.3,No,Free Shipping,Yes,Yes,50,Debit Card,Weekly,0,1,1,52,Gen X (45-54),100.0,89.06,Champions,0,0,0,3900,Promo Champions
1072,61,Male,Hat,Accessories,81,Pennsylvania,M,Beige,Summer,2.6,No,Express,Yes,Yes,46,Credit Card,Monthly,0,1,1,12,Boomer-Early (55-64),100.0,68.81,Champions,0,0,0,972,Promo Champions
1073,48,Male,Shorts,Clothing,92,Idaho,L,Gold,Fall,3.8,No,Express,Yes,Yes,34,Debit Card,Fortnightly,0,1,1,26,Gen X (45-54),100.0,70.69,Champions,0,0,0,2392,Promo Champions
1074,22,Male,Scarf,Accessories,96,California,XL,Purple,Spring,4.0,No,Store Pickup,Yes,Yes,33,Credit Card,Monthly,0,1,1,12,Gen Z (18-24),100.0,64.76,Champions,1,0,1,1152,Promo Champions
1075,48,Male,Jewelry,Accessories,71,Tennessee,S,White,Fall,2.6,No,Standard,Yes,Yes,45,Bank Transfer,Fortnightly,0,1,1,26,Gen X (45-54),100.0,70.49,Champions,0,0,0,1846,Promo Champions
1076,57,Male,Sunglasses,Accessories,50,Missouri,L,Indigo,Summer,4.9,No,Next Day Air,Yes,Yes,32,Debit Card,Bi-Weekly,0,1,1,26,Boomer-Early (55-64),100.0,50.69,Loyalists,1,0,1,1300,Promo Loyalists
1077,33,Male,Coat,Outerwear,72,North Dakota,L,Charcoal,Spring,2.9,No,Standard,Yes,Yes,47,Venmo,Bi-Weekly,0,1,1,26,Millennial-Early (25-34),100.0,72.56,Champions,0,0,0,1872,Promo Champions
1078,58,Male,Jacket,Outerwear,28,West Virginia,M,Pink,Winter,3.7,No,Standard,Yes,Yes,5,PayPal,Quarterly,0,1,1,4,Boomer-Early (55-64),100.0,8.24,At-Risk,0,0,0,112,At-Risk / Dormant
1079,37,Male,Sweater,Clothing,59,Arizona,M,Silver,Fall,4.4,No,Express,Yes,Yes,49,Credit Card,Fortnightly,0,1,1,26,Millennial-Late (35-44),100.0,68.5,Champions,1,0,1,1534,Promo Champions
1080,18,Male,Coat,Outerwear,33,Oklahoma,S,Blue,Summer,4.4,No,Free Shipping,Yes,Yes,48,Bank Transfer,Monthly,0,1,1,12,Gen Z (18-24),100.0,49.45,Loyalists,1,0,1,396,Promo Loyalists
1081,65,Male,Scarf,Accessories,59,Pennsylvania,L,Blue,Fall,3.8,No,Express,Yes,Yes,22,Cash,Every 3 Months,0,1,1,4,Boomer+ (65+),100.0,35.68,Potential,0,0,0,236,Growth Potential
1082,62,Male,Belt,Accessories,30,Idaho,XL,Brown,Spring,4.5,No,Standard,Yes,Yes,45,Credit Card,Annually,0,1,1,1,Boomer-Early (55-64),100.0,40.29,Potential,1,0,0,30,Growth Potential
1083,54,Male,Hat,Accessories,85,South Carolina,XL,Cyan,Winter,2.6,No,Next Day Air,Yes,Yes,30,Venmo,Quarterly,0,1,1,4,Gen X (45-54),100.0,53.58,Loyalists,0,0,0,340,Promo Loyalists
1084,35,Male,Backpack,Accessories,97,Washington,L,Teal,Summer,3.3,No,Store Pickup,Yes,Yes,43,Cash,Weekly,0,1,1,52,Millennial-Late (35-44),100.0,92.97,Champions,0,0,0,5044,Promo Champions
1085,34,Male,T-shirt,Clothing,36,Arkansas,S,Purple,Fall,4.1,No,Next Day Air,Yes,Yes,48,Cash,Quarterly,0,1,1,4,Millennial-Early (25-34),100.0,46.84,Loyalists,1,0,1,144,Promo Loyalists
1086,25,Male,Jewelry,Accessories,85,Utah,M,Turquoise,Winter,3.0,No,Store Pickup,Yes,Yes,23,Venmo,Fortnightly,0,1,1,26,Millennial-Early (25-34),100.0,58.65,Champions,0,0,0,2210,Promo Champions
1087,53,Male,Sunglasses,Accessories,62,Alaska,M,Olive,Winter,3.0,No,Free Shipping,Yes,Yes,27,PayPal,Bi-Weekly,0,1,1,26,Gen X (45-54),100.0,51.85,Loyalists,0,0,0,1612,Promo Loyalists
1088,45,Male,Jeans,Clothing,71,West Virginia,S,White,Winter,3.4,No,Next Day Air,Yes,Yes,7,Bank Transfer,Monthly,0,1,1,12,Gen X (45-54),100.0,32.6,At-Risk,0,0,0,852,At-Risk / Dormant
1089,49,Male,Pants,Clothing,21,Louisiana,M,Turquoise,Winter,2.7,No,Free Shipping,Yes,Yes,2,PayPal,Weekly,0,1,1,52,Gen X (45-54),100.0,26.25,At-Risk,0,0,0,1092,At-Risk / Dormant
1090,40,Male,Backpack,Accessories,61,Arizona,M,Silver,Spring,3.8,No,Next Day Air,Yes,Yes,33,PayPal,Bi-Weekly,0,1,1,26,Millennial-Late (35-44),100.0,56.31,Loyalists,0,0,0,1586,Promo Loyalists
1091,38,Male,Scarf,Accessories,58,Connecticut,M,Violet,Spring,4.2,No,Store Pickup,Yes,Yes,27,Cash,Fortnightly,0,1,1,26,Millennial-Late (35-44),100.0,50.1,Loyalists,1,0,1,1508,Promo Loyalists
1092,44,Male,Sweater,Clothing,80,North Carolina,L,Lavender,Spring,4.7,No,Store Pickup,Yes,Yes,6,Credit Card,Fortnightly,0,1,1,26,Millennial-Late (35-44),100.0,42.59,Potential,1,0,0,2080,Growth Potential
1093,68,Male,Jewelry,Accessories,50,South Dakota,L,Magenta,Spring,4.1,No,2-Day Shipping,Yes,Yes,20,Venmo,Quarterly,0,1,1,4,Boomer+ (65+),100.0,30.11,At-Risk,1,0,0,200,At-Risk / Dormant
1094,60,Male,Sneakers,Footwear,48,Delaware,S,Indigo,Winter,4.2,No,2-Day Shipping,Yes,Yes,46,Venmo,Every 3 Months,0,1,1,4,Boomer-Early (55-64),100.0,50.46,Loyalists,1,0,1,192,Promo Loyalists
1095,25,Male,Jewelry,Accessories,40,Connecticut,M,Black,Winter,4.8,No,Next Day Air,Yes,Yes,25,Cash,Quarterly,0,1,1,4,Millennial-Early (25-34),100.0,29.81,At-Risk,1,0,0,160,At-Risk / Dormant
1096,19,Male,Coat,Outerwear,34,Tennessee,S,Peach,Summer,3.0,No,Free Shipping,Yes,Yes,30,Bank Transfer,Quarterly,0,1,1,4,Gen Z (18-24),100.0,31.27,At-Risk,0,0,0,136,At-Risk / Dormant
1097,57,Male,Coat,Outerwear,46,New Hampshire,S,Beige,Fall,2.6,No,Standard,Yes,Yes,48,Credit Card,Annually,0,1,1,1,Boomer-Early (55-64),100.0,49.74,Loyalists,0,0,0,46,Promo Loyalists
1098,58,Male,Sunglasses,Accessories,27,Vermont,M,Black,Summer,3.2,No,Store Pickup,Yes,Yes,47,Bank Transfer,Weekly,0,1,1,52,Boomer-Early (55-64),100.0,65.61,Champions,0,0,0,1404,Promo Champions
1099,49,Male,Handbag,Accessories,98,Idaho,S,Turquoise,Spring,3.6,No,Next Day Air,Yes,Yes,27,Credit Card,Weekly,0,1,1,52,Gen X (45-54),100.0,80.35,Champions,0,0,0,5096,Promo Champions
1100,19,Male,Sweater,Clothing,73,North Carolina,M,Peach,Fall,2.6,No,Next Day Air,Yes,Yes,45,Bank Transfer,Fortnightly,0,1,1,26,Gen Z (18-24),100.0,71.36,Champions,0,0,0,1898,Promo Champions
1101,50,Male,Pants,Clothing,28,Nevada,L,Gold,Spring,4.4,No,Express,Yes,Yes,2,Credit Card,Weekly,0,1,1,52,Gen X (45-54),100.0,29.32,At-Risk,1,0,0,1456,At-Risk / Dormant
1102,30,Male,Gloves,Accessories,76,Delaware,XL,Silver,Fall,3.0,No,Free Shipping,Yes,Yes,39,Cash,Fortnightly,0,1,1,26,Millennial-Early (25-34),100.0,67.78,Champions,0,0,0,1976,Promo Champions
1103,52,Male,Sweater,Clothing,83,Texas,M,Peach,Fall,2.9,No,Express,Yes,Yes,24,Cash,Fortnightly,0,1,1,26,Gen X (45-54),100.0,58.59,Champions,0,0,0,2158,Promo Champions
1104,35,Male,Hoodie,Clothing,23,Tennessee,S,Charcoal,Spring,4.3,No,Free Shipping,Yes,Yes,8,Debit Card,Bi-Weekly,0,1,1,26,Millennial-Late (35-44),100.0,19.28,At-Risk,1,0,0,598,At-Risk / Dormant
1105,35,Male,Hat,Accessories,28,Delaware,M,Beige,Fall,3.1,No,Express,Yes,Yes,8,Bank Transfer,Quarterly,0,1,1,4,Millennial-Late (35-44),100.0,10.68,At-Risk,0,0,0,112,At-Risk / Dormant
1106,33,Male,T-shirt,Clothing,83,Massachusetts,S,Olive,Spring,3.0,No,Next Day Air,Yes,Yes,6,Venmo,Every 3 Months,0,1,1,4,Millennial-Early (25-34),100.0,33.11,Potential,0,0,0,332,Growth Potential
1107,52,Male,Skirt,Clothing,96,Minnesota,L,Violet,Winter,3.6,No,Store Pickup,Yes,Yes,12,Venmo,Fortnightly,0,1,1,26,Gen X (45-54),100.0,54.48,Loyalists,0,0,0,2496,Promo Loyalists
1108,69,Male,Sneakers,Footwear,62,Texas,M,Peach,Fall,2.8,No,Store Pickup,Yes,Yes,26,Bank Transfer,Weekly,0,1,1,52,Boomer+ (65+),100.0,63.78,Champions,0,0,0,3224,Promo Champions
1109,27,Male,Shorts,Clothing,25,Nebraska,M,Teal,Fall,2.8,No,Standard,Yes,Yes,50,Cash,Fortnightly,0,1,1,26,Millennial-Early (25-34),100.0,54.44,Loyalists,0,0,0,650,Promo Loyalists
1110,66,Male,Hoodie,Clothing,97,Oklahoma,L,Violet,Winter,3.8,No,Next Day Air,Yes,Yes,2,Venmo,Weekly,0,1,1,52,Boomer+ (65+),100.0,59.5,Champions,0,0,0,5044,Promo Champions
1111,28,Male,Hoodie,Clothing,61,Texas,L,Cyan,Fall,3.0,No,Standard,Yes,Yes,31,Cash,Bi-Weekly,0,1,1,26,Millennial-Early (25-34),100.0,54.68,Loyalists,0,0,0,1586,Promo Loyalists
1112,22,Male,Shoes,Footwear,66,New York,S,Olive,Summer,4.1,No,Next Day Air,Yes,Yes,4,Credit Card,Bi-Weekly,0,1,1,26,Gen Z (18-24),100.0,34.83,Potential,1,0,0,1716,Growth Potential
1113,69,Male,Hoodie,Clothing,67,Washington,XL,Pink,Spring,4.6,No,Free Shipping,Yes,Yes,32,PayPal,Quarterly,0,1,1,4,Boomer+ (65+),100.0,47.34,Loyalists,1,0,1,268,Promo Loyalists
1114,28,Male,Sunglasses,Accessories,80,Maryland,M,Purple,Summer,4.8,No,Next Day Air,Yes,Yes,11,PayPal,Bi-Weekly,0,1,1,26,Millennial-Early (25-34),100.0,46.67,Loyalists,1,0,1,2080,Promo Loyalists
1115,55,Male,Skirt,Clothing,25,New Hampshire,L,Violet,Fall,2.6,No,Next Day Air,Yes,Yes,47,Bank Transfer,Every 3 Months,0,1,1,4,Boomer-Early (55-64),100.0,41.21,Potential,0,0,0,100,Growth Potential
1116,30,Male,Hat,Accessories,58,New York,S,Peach,Fall,4.0,No,2-Day Shipping,Yes,Yes,37,Cash,Weekly,0,1,1,52,Millennial-Early (25-34),100.0,71.01,Champions,1,0,1,3016,Promo Champions
1117,67,Male,Backpack,Accessories,96,Hawaii,M,Charcoal,Winter,4.2,No,Express,Yes,Yes,39,PayPal,Fortnightly,0,1,1,26,Boomer+ (65+),100.0,76.53,Champions,1,0,1,2496,Promo Champions
1118,25,Male,Sunglasses,Accessories,77,California,L,Lavender,Spring,4.5,No,Store Pickup,Yes,Yes,24,Credit Card,Monthly,0,1,1,12,Millennial-Early (25-34),100.0,49.11,Loyalists,1,0,1,924,Promo Loyalists
1119,49,Male,Belt,Accessories,65,Indiana,M,Purple,Summer,4.9,No,Standard,Yes,Yes,11,PayPal,Every 3 Months,0,1,1,4,Gen X (45-54),100.0,29.32,At-Risk,1,0,0,260,At-Risk / Dormant
1120,34,Male,Jewelry,Accessories,36,Louisiana,M,Indigo,Spring,3.1,No,Standard,Yes,Yes,36,Credit Card,Weekly,0,1,1,52,Millennial-Early (25-34),100.0,60.57,Champions,0,0,0,1872,Promo Champions
1121,22,Male,Sneakers,Footwear,84,Pennsylvania,M,Magenta,Winter,4.0,No,Next Day Air,Yes,Yes,40,Debit Card,Monthly,0,1,1,12,Gen Z (18-24),100.0,65.23,Champions,1,0,1,1008,Promo Champions
1122,63,Male,T-shirt,Clothing,58,Florida,XL,Peach,Fall,3.2,No,Express,Yes,Yes,25,Cash,Quarterly,0,1,1,4,Boomer-Early (55-64),100.0,37.69,Potential,0,0,0,232,Growth Potential
1123,70,Male,Handbag,Accessories,62,North Carolina,S,Charcoal,Spring,4.3,No,2-Day Shipping,Yes,Yes,12,Credit Card,Annually,0,1,1,1,Boomer+ (65+),100.0,27.35,At-Risk,1,0,0,62,At-Risk / Dormant
1124,36,Male,Hat,Accessories,67,Massachusetts,S,Purple,Fall,2.5,No,Store Pickup,Yes,Yes,38,Cash,Monthly,0,1,1,12,Millennial-Late (35-44),100.0,56.16,Loyalists,0,0,0,804,Promo Loyalists
1125,42,Male,Sweater,Clothing,20,Iowa,M,Orange,Spring,3.8,No,Express,Yes,Yes,40,Cash,Quarterly,0,1,1,4,Millennial-Late (35-44),100.0,33.31,Potential,0,0,0,80,Growth Potential
1126,27,Male,Sandals,Footwear,90,North Dakota,M,Lavender,Summer,2.7,No,2-Day Shipping,Yes,Yes,10,Bank Transfer,Weekly,0,1,1,52,Millennial-Early (25-34),100.0,62.97,Champions,0,0,0,4680,Promo Champions
1127,23,Male,Scarf,Accessories,58,Iowa,L,Beige,Winter,3.4,No,Standard,Yes,Yes,47,Venmo,Fortnightly,0,1,1,26,Gen Z (18-24),100.0,66.43,Champions,0,0,0,1508,Promo Champions
1128,50,Male,Shirt,Clothing,53,Delaware,XL,Maroon,Spring,4.8,No,Store Pickup,Yes,Yes,22,Debit Card,Monthly,0,1,1,12,Gen X (45-54),100.0,36.97,Potential,1,0,0,636,Growth Potential
1129,56,Male,Gloves,Accessories,30,New York,L,Charcoal,Winter,4.7,No,Next Day Air,Yes,Yes,35,Debit Card,Monthly,0,1,1,12,Boomer-Early (55-64),100.0,37.52,Potential,1,0,0,360,Growth Potential
1130,37,Male,Hoodie,Clothing,65,New Hampshire,XL,White,Winter,4.7,No,Express,Yes,Yes,46,Venmo,Fortnightly,0,1,1,26,Millennial-Late (35-44),100.0,68.68,Champions,1,0,1,1690,Promo Champions
1131,67,Male,Jewelry,Accessories,41,Kentucky,M,Lavender,Summer,3.9,No,Standard,Yes,Yes,30,PayPal,Bi-Weekly,0,1,1,26,Boomer+ (65+),100.0,45.12,Loyalists,0,0,0,1066,Promo Loyalists
1132,67,Male,Shirt,Clothing,73,Illinois,M,Black,Spring,3.7,No,Express,Yes,Yes,20,Bank Transfer,Monthly,0,1,1,12,Boomer+ (65+),100.0,44.09,Potential,0,0,0,876,Growth Potential
1133,50,Male,Hoodie,Clothing,98,North Carolina,S,Teal,Spring,4.3,No,Store Pickup,Yes,Yes,25,Cash,Fortnightly,0,1,1,26,Gen X (45-54),100.0,65.97,Champions,1,0,1,2548,Promo Champions
1134,36,Male,Shoes,Footwear,36,Connecticut,XL,Magenta,Winter,4.1,No,2-Day Shipping,Yes,Yes,29,Cash,Weekly,0,1,1,52,Millennial-Late (35-44),100.0,54.86,Loyalists,1,0,1,1872,Promo Loyalists
1135,62,Male,T-shirt,Clothing,81,Wisconsin,M,Brown,Summer,3.8,No,Express,Yes,Yes,2,Venmo,Every 3 Months,0,1,1,4,Boomer-Early (55-64),100.0,28.97,At-Risk,0,0,0,324,At-Risk / Dormant
1136,65,Male,Skirt,Clothing,90,Massachusetts,L,Peach,Winter,3.6,No,2-Day Shipping,Yes,Yes,32,Bank Transfer,Quarterly,0,1,1,4,Boomer+ (65+),100.0,57.4,Loyalists,0,0,0,360,Promo Loyalists
1137,23,Male,Handbag,Accessories,83,Illinois,S,Cyan,Summer,4.8,No,Free Shipping,Yes,Yes,37,Cash,Monthly,0,1,1,12,Gen Z (18-24),100.0,62.34,Champions,1,0,1,996,Promo Champions
1138,46,Male,Shirt,Clothing,91,New Mexico,XL,Pink,Winter,2.8,No,2-Day Shipping,Yes,Yes,16,Bank Transfer,Every 3 Months,0,1,1,4,Gen X (45-54),100.0,44.78,Loyalists,0,0,0,364,Promo Loyalists
1139,18,Male,Pants,Clothing,36,Iowa,M,Purple,Summer,4.7,No,Express,Yes,Yes,32,Venmo,Fortnightly,0,1,1,26,Gen Z (18-24),100.0,44.56,Potential,1,0,0,936,Growth Potential
1140,58,Male,Coat,Outerwear,53,Alabama,L,Purple,Spring,3.9,No,Standard,Yes,Yes,42,Debit Card,Bi-Weekly,0,1,1,26,Boomer-Early (55-64),100.0,60.16,Champions,0,0,0,1378,Promo Champions
1141,31,Male,Jeans,Clothing,39,Maryland,M,White,Winter,2.6,No,Store Pickup,Yes,Yes,6,Credit Card,Every 3 Months,0,1,1,4,Millennial-Early (25-34),100.0,13.86,At-Risk,0,0,0,156,At-Risk / Dormant
1142,39,Male,Gloves,Accessories,33,Ohio,S,Silver,Winter,4.7,No,Next Day Air,Yes,Yes,23,PayPal,Fortnightly,0,1,1,26,Millennial-Late (35-44),100.0,35.9,Potential,1,0,0,858,Growth Potential
1143,69,Male,T-shirt,Clothing,76,Ohio,L,Green,Spring,3.5,No,Store Pickup,Yes,Yes,27,Venmo,Bi-Weekly,0,1,1,26,Boomer+ (65+),100.0,57.98,Champions,0,0,0,1976,Promo Champions
1144,68,Male,Boots,Footwear,23,Nevada,L,Teal,Winter,4.4,No,Standard,Yes,Yes,43,PayPal,Quarterly,0,1,1,4,Boomer+ (65+),100.0,37.07,Potential,1,0,0,92,Growth Potential
1145,41,Male,Jeans,Clothing,54,South Carolina,S,Indigo,Fall,4.4,No,2-Day Shipping,Yes,Yes,25,Bank Transfer,Fortnightly,0,1,1,26,Millennial-Late (35-44),100.0,46.72,Loyalists,1,0,1,1404,Promo Loyalists
1146,31,Male,Sneakers,Footwear,89,Nevada,L,Pink,Summer,3.0,No,Express,Yes,Yes,30,Cash,Every 3 Months,0,1,1,4,Millennial-Early (25-34),100.0,55.33,Loyalists,0,0,0,356,Promo Loyalists
1147,48,Male,Sneakers,Footwear,38,Wisconsin,M,Indigo,Summer,4.2,No,Standard,Yes,Yes,7,Bank Transfer,Every 3 Months,0,1,1,4,Gen X (45-54),100.0,14.24,At-Risk,1,0,0,152,At-Risk / Dormant
1148,59,Male,Hat,Accessories,36,Tennessee,XL,Red,Winter,4.3,No,Next Day Air,Yes,Yes,17,Debit Card,Annually,0,1,1,1,Boomer-Early (55-64),100.0,20.06,At-Risk,1,0,0,36,At-Risk / Dormant
1149,34,Male,Pants,Clothing,66,Florida,M,Violet,Spring,2.6,No,Store Pickup,Yes,Yes,10,PayPal,Fortnightly,0,1,1,26,Millennial-Early (25-34),100.0,39.73,Potential,0,0,0,1716,Growth Potential
1150,21,Male,Jewelry,Accessories,42,Georgia,L,Cyan,Spring,3.3,No,Store Pickup,Yes,Yes,40,Venmo,Annually,0,1,1,1,Gen Z (18-24),100.0,41.46,Potential,0,0,0,42,Growth Potential
1151,29,Male,Jewelry,Accessories,36,Kentucky,S,Red,Winter,2.7,No,Next Day Air,Yes,Yes,50,Venmo,Bi-Weekly,0,1,1,26,Millennial-Early (25-34),100.0,59.25,Champions,0,0,0,936,Promo Champions
1152,41,Male,Blouse,Clothing,86,Ohio,M,Gray,Spring,3.8,No,Express,Yes,Yes,24,Credit Card,Weekly,0,1,1,52,Millennial-Late (35-44),100.0,72.65,Champions,0,0,0,4472,Promo Champions
1153,62,Male,Handbag,Accessories,49,Connecticut,M,Gold,Fall,4.0,No,Standard,Yes,Yes,8,PayPal,Every 3 Months,0,1,1,4,Boomer-Early (55-64),100.0,19.87,At-Risk,1,0,0,196,At-Risk / Dormant
1154,27,Male,Shirt,Clothing,41,Idaho,M,Pink,Summer,4.0,No,Free Shipping,Yes,Yes,6,Bank Transfer,Quarterly,0,1,1,4,Millennial-Early (25-34),100.0,14.74,At-Risk,1,0,0,164,At-Risk / Dormant
1155,49,Male,Dress,Clothing,82,Georgia,L,Cyan,Spring,2.9,No,2-Day Shipping,Yes,Yes,44,Credit Card,Bi-Weekly,0,1,1,26,Gen X (45-54),100.0,74.48,Champions,0,0,0,2132,Promo Champions
1156,67,Male,T-shirt,Clothing,53,Tennessee,S,Red,Fall,2.6,No,Express,Yes,Yes,47,PayPal,Quarterly,0,1,1,4,Boomer+ (65+),100.0,53.46,Loyalists,0,0,0,212,Promo Loyalists
1157,20,Male,Shoes,Footwear,21,Hawaii,M,Gold,Summer,4.8,No,Express,Yes,Yes,6,Venmo,Every 3 Months,0,1,1,4,Gen Z (18-24),100.0,5.99,At-Risk,1,0,0,84,At-Risk / Dormant
1158,37,Male,Belt,Accessories,66,Maryland,M,Charcoal,Fall,4.4,No,Standard,Yes,Yes,11,Cash,Quarterly,0,1,1,4,Millennial-Late (35-44),100.0,29.76,At-Risk,1,0,0,264,At-Risk / Dormant
1159,69,Male,Belt,Accessories,89,Nevada,L,Orange,Summer,4.0,No,2-Day Shipping,Yes,Yes,41,Bank Transfer,Annually,0,1,1,1,Boomer+ (65+),100.0,62.84,Champions,1,0,1,89,Promo Champions
1160,66,Male,Handbag,Accessories,55,New Hampshire,L,Blue,Fall,3.6,No,2-Day Shipping,Yes,Yes,46,Venmo,Every 3 Months,0,1,1,4,Boomer+ (65+),100.0,53.52,Loyalists,0,0,0,220,Promo Loyalists
1161,37,Male,Scarf,Accessories,42,North Dakota,S,Blue,Summer,3.2,No,Next Day Air,Yes,Yes,9,Venmo,Bi-Weekly,0,1,1,26,Millennial-Late (35-44),100.0,28.41,At-Risk,0,0,0,1092,At-Risk / Dormant
1162,63,Male,Shorts,Clothing,52,Oklahoma,S,Orange,Fall,3.1,No,2-Day Shipping,Yes,Yes,37,PayPal,Monthly,0,1,1,12,Boomer-Early (55-64),100.0,48.78,Loyalists,0,0,0,624,Promo Loyalists
1163,47,Male,Sandals,Footwear,92,North Carolina,M,Blue,Winter,4.2,No,Express,Yes,Yes,13,PayPal,Weekly,0,1,1,52,Gen X (45-54),100.0,66.3,Champions,1,0,1,4784,Promo Champions
1164,26,Male,Pants,Clothing,56,Tennessee,L,White,Summer,3.0,No,2-Day Shipping,Yes,Yes,24,Debit Card,Monthly,0,1,1,12,Millennial-Early (25-34),100.0,39.92,Potential,0,0,0,672,Growth Potential
1165,68,Male,Dress,Clothing,96,Montana,M,Green,Winter,4.2,No,Standard,Yes,Yes,47,PayPal,Quarterly,0,1,1,4,Boomer+ (65+),100.0,72.27,Champions,1,0,1,384,Promo Champions
1166,51,Male,T-shirt,Clothing,64,Wisconsin,M,Silver,Winter,2.9,No,Next Day Air,Yes,Yes,21,Venmo,Every 3 Months,0,1,1,4,Gen X (45-54),100.0,37.05,Potential,0,0,0,256,Growth Potential
1167,48,Male,Dress,Clothing,48,Connecticut,S,Lavender,Winter,3.7,No,Store Pickup,Yes,Yes,22,Venmo,Fortnightly,0,1,1,26,Gen X (45-54),100.0,41.65,Potential,0,0,0,1248,Growth Potential
1168,60,Male,Socks,Clothing,83,New Jersey,XL,Beige,Summer,3.6,No,Free Shipping,Yes,Yes,16,PayPal,Quarterly,0,1,1,4,Boomer-Early (55-64),100.0,41.28,Potential,0,0,0,332,Growth Potential
1169,68,Male,Scarf,Accessories,91,Mississippi,L,Violet,Summer,3.6,No,Standard,Yes,Yes,37,Debit Card,Fortnightly,0,1,1,26,Boomer+ (65+),100.0,72.71,Champions,0,0,0,2366,Promo Champions
1170,25,Male,Backpack,Accessories,94,Wyoming,S,Gray,Fall,4.5,No,2-Day Shipping,Yes,Yes,3,Cash,Annually,0,1,1,1,Millennial-Early (25-34),100.0,34.01,Potential,1,0,0,94,Growth Potential
1171,57,Male,Skirt,Clothing,62,Illinois,S,Red,Spring,3.2,No,Express,Yes,Yes,33,Cash,Bi-Weekly,0,1,1,26,Boomer-Early (55-64),100.0,56.75,Loyalists,0,0,0,1612,Promo Loyalists
1172,41,Male,Socks,Clothing,55,Louisiana,M,Lavender,Spring,3.9,No,Next Day Air,Yes,Yes,15,Debit Card,Annually,0,1,1,1,Millennial-Late (35-44),100.0,26.74,At-Risk,0,0,0,55,At-Risk / Dormant
1173,59,Male,Coat,Outerwear,68,Oregon,L,Peach,Spring,4.6,No,Store Pickup,Yes,Yes,42,Bank Transfer,Bi-Weekly,0,1,1,26,Boomer-Early (55-64),100.0,66.72,Champions,1,0,1,1768,Promo Champions
1174,44,Male,Jewelry,Accessories,76,South Dakota,M,Indigo,Winter,2.5,No,Express,Yes,Yes,42,Cash,Bi-Weekly,0,1,1,26,Millennial-Late (35-44),100.0,70.22,Champions,0,0,0,1976,Promo Champions
1175,42,Male,Backpack,Accessories,31,Michigan,M,Black,Winter,4.3,No,Express,Yes,Yes,19,Bank Transfer,Bi-Weekly,0,1,1,26,Millennial-Late (35-44),100.0,31.76,At-Risk,1,0,0,806,At-Risk / Dormant
1176,35,Male,Belt,Accessories,81,New Jersey,M,Beige,Spring,4.1,No,Store Pickup,Yes,Yes,26,PayPal,Quarterly,0,1,1,4,Millennial-Late (35-44),100.0,48.57,Loyalists,1,0,1,324,Promo Loyalists
1177,36,Male,Dress,Clothing,83,Oregon,M,Red,Winter,3.8,No,Free Shipping,Yes,Yes,39,PayPal,Quarterly,0,1,1,4,Millennial-Late (35-44),100.0,60.05,Champions,0,0,0,332,Promo Champions
1178,54,Male,Skirt,Clothing,21,Iowa,M,Black,Spring,4.8,No,Standard,Yes,Yes,24,Debit Card,Monthly,0,1,1,12,Gen X (45-54),100.0,24.61,At-Risk,1,0,0,252,At-Risk / Dormant
1179,37,Male,Dress,Clothing,22,South Carolina,M,Teal,Spring,4.9,No,Express,Yes,Yes,23,Debit Card,Annually,0,1,1,1,Millennial-Late (35-44),100.0,18.83,At-Risk,1,0,0,22,At-Risk / Dormant
1180,20,Male,T-shirt,Clothing,33,Indiana,M,Blue,Summer,2.8,No,Free Shipping,Yes,Yes,44,Bank Transfer,Annually,0,1,1,1,Gen Z (18-24),100.0,40.79,Potential,0,0,0,33,Growth Potential
1181,23,Male,Skirt,Clothing,23,Oregon,S,Beige,Spring,4.9,No,Standard,Yes,Yes,34,Cash,Monthly,0,1,1,12,Gen Z (18-24),100.0,33.64,Potential,1,0,0,276,Growth Potential
1182,61,Male,Shorts,Clothing,96,New York,L,Teal,Summer,3.5,No,Free Shipping,Yes,Yes,43,Bank Transfer,Quarterly,0,1,1,4,Boomer-Early (55-64),100.0,69.01,Champions,0,0,0,384,Promo Champions
1183,37,Male,Jewelry,Accessories,21,New Mexico,M,Maroon,Spring,3.8,No,Express,Yes,Yes,45,PayPal,Quarterly,0,1,1,4,Millennial-Late (35-44),100.0,37.83,Potential,0,0,0,84,Growth Potential
1184,23,Male,Pants,Clothing,39,Louisiana,M,Yellow,Spring,4.5,No,2-Day Shipping,Yes,Yes,4,Credit Card,Weekly,0,1,1,52,Gen Z (18-24),100.0,35.76,Potential,1,0,0,2028,Growth Potential
1185,63,Male,Belt,Accessories,73,South Carolina,S,Indigo,Fall,3.4,No,Express,Yes,Yes,19,Credit Card,Annually,0,1,1,1,Boomer-Early (55-64),100.0,37.88,Potential,0,0,0,73,Growth Potential
1186,47,Male,Jeans,Clothing,64,Maine,M,Magenta,Spring,3.9,No,Standard,Yes,Yes,29,Credit Card,Monthly,0,1,1,12,Gen X (45-54),100.0,47.5,Loyalists,0,0,0,768,Promo Loyalists
1187,63,Male,Jeans,Clothing,68,Indiana,M,Beige,Summer,4.1,No,2-Day Shipping,Yes,Yes,27,Credit Card,Annually,0,1,1,1,Boomer-Early (55-64),100.0,42.22,Potential,1,0,0,68,Growth Potential
1188,56,Male,Hat,Accessories,89,Iowa,L,Maroon,Fall,3.0,No,Express,Yes,Yes,37,Credit Card,Every 3 Months,0,1,1,4,Boomer-Early (55-64),100.0,61.05,Champions,0,0,0,356,Promo Champions
1189,68,Male,Blouse,Clothing,29,Mississippi,M,Magenta,Summer,3.3,No,Next Day Air,Yes,Yes,11,Credit Card,Weekly,0,1,1,52,Boomer+ (65+),100.0,37.1,Potential,0,0,0,1508,Growth Potential
1190,64,Male,Shirt,Clothing,97,Arkansas,XL,Teal,Summer,3.8,No,Free Shipping,Yes,Yes,28,Debit Card,Annually,0,1,1,1,Boomer-Early (55-64),100.0,55.73,Loyalists,0,0,0,97,Promo Loyalists
1191,62,Male,Shirt,Clothing,45,South Carolina,M,Orange,Winter,4.3,No,Next Day Air,Yes,Yes,31,Credit Card,Weekly,0,1,1,52,Boomer-Early (55-64),100.0,60.43,Champions,1,0,1,2340,Promo Champions
1192,34,Male,T-shirt,Clothing,70,Indiana,L,Charcoal,Winter,4.1,No,Free Shipping,Yes,Yes,50,Venmo,Quarterly,0,1,1,4,Millennial-Early (25-34),100.0,63.35,Champions,1,0,1,280,Promo Champions
1193,49,Male,Coat,Outerwear,56,Florida,M,Turquoise,Summer,4.0,No,2-Day Shipping,Yes,Yes,42,Venmo,Quarterly,0,1,1,4,Gen X (45-54),100.0,50.69,Loyalists,1,0,1,224,Promo Loyalists
1194,40,Male,Jacket,Outerwear,55,Alaska,L,Pink,Fall,5.0,No,2-Day Shipping,Yes,Yes,18,Credit Card,Fortnightly,0,1,1,26,Millennial-Late (35-44),100.0,41.44,Potential,1,0,0,1430,Growth Potential
1195,50,Male,Hoodie,Clothing,46,New York,S,Teal,Winter,3.1,No,2-Day Shipping,Yes,Yes,6,Credit Card,Fortnightly,0,1,1,26,Gen X (45-54),100.0,27.71,At-Risk,0,0,0,1196,At-Risk / Dormant
1196,25,Male,Scarf,Accessories,95,Texas,M,White,Winter,4.0,No,2-Day Shipping,Yes,Yes,33,Venmo,Monthly,0,1,1,12,Millennial-Early (25-34),100.0,64.33,Champions,1,0,1,1140,Promo Champions
1197,30,Male,Belt,Accessories,88,North Dakota,M,Maroon,Winter,3.2,No,2-Day Shipping,Yes,Yes,13,Bank Transfer,Bi-Weekly,0,1,1,26,Millennial-Early (25-34),100.0,51.8,Loyalists,0,0,0,2288,Promo Loyalists
1198,54,Male,Sneakers,Footwear,92,Vermont,L,Violet,Fall,3.9,No,Standard,Yes,Yes,26,PayPal,Annually,0,1,1,1,Gen X (45-54),100.0,51.91,Loyalists,0,0,0,92,Promo Loyalists
1199,40,Male,Socks,Clothing,49,New Jersey,M,Brown,Summer,3.9,No,2-Day Shipping,Yes,Yes,17,Cash,Annually,0,1,1,1,Millennial-Late (35-44),100.0,25.75,At-Risk,0,0,0,49,At-Risk / Dormant
1200,49,Male,Sandals,Footwear,89,Maryland,M,Indigo,Fall,4.5,No,Free Shipping,Yes,Yes,3,Debit Card,Weekly,0,1,1,52,Gen X (45-54),100.0,56.82,Loyalists,1,0,1,4628,Promo Loyalists
1201,27,Male,Coat,Outerwear,22,Connecticut,XL,Black,Winter,4.4,No,Store Pickup,Yes,Yes,7,PayPal,Weekly,0,1,1,52,Millennial-Early (25-34),100.0,30.77,At-Risk,1,0,0,1144,At-Risk / Dormant
1202,27,Male,Shoes,Footwear,61,Illinois,XL,Black,Summer,3.1,No,2-Day Shipping,Yes,Yes,46,Venmo,Fortnightly,0,1,1,26,Millennial-Early (25-34),100.0,66.93,Champions,0,0,0,1586,Promo Champions
1203,48,Male,Scarf,Accessories,29,Maryland,S,Olive,Spring,2.9,No,Standard,Yes,Yes,14,Venmo,Every 3 Months,0,1,1,4,Gen X (45-54),100.0,16.02,At-Risk,0,0,0,116,At-Risk / Dormant
1204,40,Male,Sneakers,Footwear,82,Minnesota,M,Orange,Winter,3.7,No,Free Shipping,Yes,Yes,23,Bank Transfer,Annually,0,1,1,1,Millennial-Late (35-44),100.0,45.08,Loyalists,0,0,0,82,Promo Loyalists
1205,67,Male,Belt,Accessories,94,Florida,M,Pink,Spring,3.2,No,2-Day Shipping,Yes,Yes,20,Credit Card,Every 3 Months,0,1,1,4,Boomer+ (65+),100.0,49.36,Loyalists,0,0,0,376,Promo Loyalists
1206,52,Male,Handbag,Accessories,99,California,M,Olive,Spring,3.5,No,Standard,Yes,Yes,38,Bank Transfer,Fortnightly,0,1,1,26,Gen X (45-54),100.0,77.02,Champions,0,0,0,2574,Promo Champions
1207,22,Male,Handbag,Accessories,59,Mississippi,S,Cyan,Fall,3.0,No,Free Shipping,Yes,Yes,16,Venmo,Every 3 Months,0,1,1,4,Gen Z (18-24),100.0,30.78,At-Risk,0,0,0,236,At-Risk / Dormant
1208,62,Male,Boots,Footwear,90,Washington,M,White,Summer,4.1,No,Next Day Air,Yes,Yes,48,Credit Card,Every 3 Months,0,1,1,4,Boomer-Early (55-64),100.0,70.46,Champions,1,0,1,360,Promo Champions
1209,20,Male,Boots,Footwear,100,Wisconsin,S,Red,Winter,3.8,No,2-Day Shipping,Yes,Yes,8,Debit Card,Annually,0,1,1,1,Gen Z (18-24),100.0,40.71,Potential,0,0,0,100,Growth Potential
1210,41,Male,Pants,Clothing,62,Pennsylvania,M,Blue,Winter,3.8,No,Next Day Air,Yes,Yes,16,Bank Transfer,Monthly,0,1,1,12,Millennial-Late (35-44),100.0,36.01,Potential,0,0,0,744,Growth Potential
1211,34,Male,Sunglasses,Accessories,78,Missouri,M,Olive,Fall,4.1,No,Next Day Air,Yes,Yes,5,Cash,Quarterly,0,1,1,4,Millennial-Early (25-34),100.0,30.11,At-Risk,1,0,0,312,At-Risk / Dormant
1212,23,Male,Hoodie,Clothing,94,Oklahoma,M,Green,Spring,4.6,No,Store Pickup,Yes,Yes,14,Venmo,Every 3 Months,0,1,1,4,Gen Z (18-24),100.0,44.46,Potential,1,0,0,376,Growth Potential
1213,32,Male,Shoes,Footwear,74,Pennsylvania,M,Yellow,Summer,2.5,No,Free Shipping,Yes,Yes,18,Credit Card,Weekly,0,1,1,52,Millennial-Early (25-34),100.0,62.5,Champions,0,0,0,3848,Promo Champions
1214,68,Male,Handbag,Accessories,52,Kentucky,XL,Black,Spring,3.7,No,Express,Yes,Yes,14,Debit Card,Every 3 Months,0,1,1,4,Boomer+ (65+),100.0,26.08,At-Risk,0,0,0,208,At-Risk / Dormant
1215,30,Male,Jacket,Outerwear,81,Vermont,M,Blue,Fall,3.8,No,Free Shipping,Yes,Yes,5,Cash,Every 3 Months,0,1,1,4,Millennial-Early (25-34),100.0,31.42,At-Risk,0,0,0,324,At-Risk / Dormant
1216,66,Male,Blouse,Clothing,20,Oregon,L,Pink,Winter,2.6,No,2-Day Shipping,Yes,Yes,15,Credit Card,Every 3 Months,0,1,1,4,Boomer+ (65+),100.0,12.9,At-Risk,0,0,0,80,At-Risk / Dormant
1217,62,Male,Pants,Clothing,32,Utah,XL,Lavender,Summer,3.7,No,Free Shipping,Yes,Yes,3,Venmo,Every 3 Months,0,1,1,4,Boomer-Early (55-64),100.0,8.35,At-Risk,0,0,0,128,At-Risk / Dormant
1218,50,Male,Boots,Footwear,63,Nebraska,XL,Cyan,Fall,2.6,No,Free Shipping,Yes,Yes,12,Cash,Every 3 Months,0,1,1,4,Gen X (45-54),100.0,29.26,At-Risk,0,0,0,252,At-Risk / Dormant
1219,55,Male,Boots,Footwear,79,Pennsylvania,M,Cyan,Spring,3.1,No,Store Pickup,Yes,Yes,43,Cash,Every 3 Months,0,1,1,4,Boomer-Early (55-64),100.0,61.57,Champions,0,0,0,316,Promo Champions
1220,19,Male,Sweater,Clothing,23,Vermont,M,Gold,Winter,2.5,No,Next Day Air,Yes,Yes,35,Credit Card,Bi-Weekly,0,1,1,26,Gen Z (18-24),100.0,41.32,Potential,0,0,0,598,Growth Potential
1221,67,Male,Gloves,Accessories,64,Kentucky,M,Green,Winter,3.8,No,Express,Yes,Yes,36,Bank Transfer,Quarterly,0,1,1,4,Boomer+ (65+),100.0,49.29,Loyalists,0,0,0,256,Promo Loyalists
1222,18,Male,Socks,Clothing,69,Iowa,M,Red,Winter,4.5,No,Standard,Yes,Yes,3,Cash,Quarterly,0,1,1,4,Gen Z (18-24),100.0,24.54,At-Risk,1,0,0,276,At-Risk / Dormant
1223,58,Male,Jeans,Clothing,69,Indiana,L,Magenta,Fall,3.4,No,Store Pickup,Yes,Yes,27,Bank Transfer,Annually,0,1,1,1,Boomer-Early (55-64),100.0,42.66,Potential,0,0,0,69,Growth Potential
1224,69,Male,Pants,Clothing,24,Kansas,L,Red,Winter,3.9,No,Free Shipping,Yes,Yes,21,Bank Transfer,Weekly,0,1,1,52,Boomer+ (65+),100.0,43.08,Potential,0,0,0,1248,Growth Potential
1225,62,Male,Shorts,Clothing,50,Illinois,M,Yellow,Summer,3.7,No,Store Pickup,Yes,Yes,18,Venmo,Weekly,0,1,1,52,Boomer-Early (55-64),100.0,52.0,Loyalists,0,0,0,2600,Promo Loyalists
1226,28,Male,Gloves,Accessories,97,North Carolina,S,Turquoise,Fall,2.6,No,Free Shipping,Yes,Yes,16,Debit Card,Weekly,0,1,1,52,Millennial-Early (25-34),100.0,70.93,Champions,0,0,0,5044,Promo Champions
1227,53,Male,Sandals,Footwear,91,Ohio,S,Cyan,Fall,3.4,No,Store Pickup,Yes,Yes,18,Venmo,Bi-Weekly,0,1,1,26,Gen X (45-54),100.0,57.19,Loyalists,0,0,0,2366,Promo Loyalists
1228,27,Male,Blouse,Clothing,37,Illinois,L,Yellow,Spring,4.9,No,Store Pickup,Yes,Yes,19,Bank Transfer,Bi-Weekly,0,1,1,26,Millennial-Early (25-34),100.0,34.39,Potential,1,0,0,962,Growth Potential
1229,55,Male,Jacket,Outerwear,55,Indiana,S,Yellow,Winter,3.9,No,Express,Yes,Yes,1,Cash,Annually,0,1,1,1,Boomer-Early (55-64),100.0,15.31,At-Risk,0,0,0,55,At-Risk / Dormant
1230,34,Male,Jewelry,Accessories,52,Kansas,XL,Maroon,Winter,3.6,No,Express,Yes,Yes,39,Bank Transfer,Annually,0,1,1,1,Millennial-Early (25-34),100.0,45.02,Loyalists,0,0,0,52,Promo Loyalists
1231,25,Male,Hat,Accessories,80,Illinois,L,Brown,Spring,3.8,No,Standard,Yes,Yes,49,Venmo,Monthly,0,1,1,12,Millennial-Early (25-34),100.0,70.83,Champions,0,0,0,960,Promo Champions
1232,66,Male,Socks,Clothing,79,Pennsylvania,M,Gold,Spring,4.0,No,2-Day Shipping,Yes,Yes,43,Credit Card,Fortnightly,0,1,1,26,Boomer+ (65+),100.0,72.35,Champions,1,0,1,2054,Promo Champions
1233,57,Male,Handbag,Accessories,23,New York,M,Charcoal,Summer,3.6,No,Free Shipping,Yes,Yes,31,Debit Card,Every 3 Months,0,1,1,4,Boomer-Early (55-64),100.0,27.27,At-Risk,0,0,0,92,At-Risk / Dormant
1234,46,Male,Pants,Clothing,73,Utah,L,Beige,Winter,3.5,No,Next Day Air,Yes,Yes,40,Venmo,Every 3 Months,0,1,1,4,Gen X (45-54),100.0,56.49,Loyalists,0,0,0,292,Promo Loyalists
1235,38,Male,Gloves,Accessories,99,New Jersey,M,Indigo,Fall,4.1,No,Store Pickup,Yes,Yes,2,Bank Transfer,Bi-Weekly,0,1,1,26,Millennial-Late (35-44),100.0,47.63,Loyalists,1,0,1,2574,Promo Loyalists
1236,23,Male,Sweater,Clothing,22,Idaho,M,Red,Spring,3.0,No,Store Pickup,Yes,Yes,46,PayPal,Every 3 Months,0,1,1,4,Gen Z (18-24),100.0,39.08,Potential,0,0,0,88,Growth Potential
1237,42,Male,Hat,Accessories,68,New Mexico,M,White,Summer,4.4,No,Store Pickup,Yes,Yes,35,Debit Card,Every 3 Months,0,1,1,4,Millennial-Late (35-44),100.0,50.23,Loyalists,1,0,1,272,Promo Loyalists
1238,25,Male,Dress,Clothing,92,Michigan,S,Charcoal,Spring,4.4,No,2-Day Shipping,Yes,Yes,42,Credit Card,Quarterly,0,1,1,4,Millennial-Early (25-34),100.0,66.44,Champions,1,0,1,368,Promo Champions
1239,55,Male,Pants,Clothing,77,Wyoming,M,Violet,Winter,3.7,No,Express,Yes,Yes,3,Venmo,Fortnightly,0,1,1,26,Boomer-Early (55-64),100.0,38.83,Potential,0,0,0,2002,Growth Potential
1240,62,Male,Coat,Outerwear,37,New Jersey,XL,Magenta,Spring,4.8,No,Standard,Yes,Yes,32,Debit Card,Every 3 Months,0,1,1,4,Boomer-Early (55-64),100.0,34.21,Potential,1,0,0,148,Growth Potential
1241,41,Male,Scarf,Accessories,79,New Jersey,L,White,Winter,2.9,No,Store Pickup,Yes,Yes,48,Debit Card,Annually,0,1,1,1,Millennial-Late (35-44),100.0,64.18,Champions,0,0,0,79,Promo Champions
1242,58,Male,Hoodie,Clothing,51,Hawaii,XL,Pink,Winter,3.1,No,Express,Yes,Yes,34,Credit Card,Weekly,0,1,1,52,Boomer-Early (55-64),100.0,65.5,Champions,0,0,0,2652,Promo Champions
1243,56,Male,Socks,Clothing,27,Nevada,M,Lavender,Summer,4.0,No,Next Day Air,Yes,Yes,15,Bank Transfer,Quarterly,0,1,1,4,Boomer-Early (55-64),100.0,15.96,At-Risk,1,0,0,108,At-Risk / Dormant
1244,25,Male,Blouse,Clothing,23,New Hampshire,S,Pink,Spring,3.0,No,Store Pickup,Yes,Yes,22,Debit Card,Annually,0,1,1,1,Millennial-Early (25-34),100.0,18.46,At-Risk,0,0,0,23,At-Risk / Dormant
1245,70,Male,Socks,Clothing,76,Indiana,S,Silver,Summer,3.9,No,2-Day Shipping,Yes,Yes,2,Cash,Monthly,0,1,1,12,Boomer+ (65+),100.0,30.71,At-Risk,0,0,0,912,At-Risk / Dormant
1246,42,Male,Dress,Clothing,31,New York,M,Violet,Fall,3.4,No,Standard,Yes,Yes,30,Bank Transfer,Weekly,0,1,1,52,Millennial-Late (35-44),100.0,53.49,Loyalists,0,0,0,1612,Promo Loyalists
1247,27,Male,Hoodie,Clothing,60,Louisiana,M,Charcoal,Winter,2.7,No,Standard,Yes,Yes,27,Cash,Monthly,0,1,1,12,Millennial-Early (25-34),100.0,44.12,Potential,0,0,0,720,Growth Potential
1248,65,Male,T-shirt,Clothing,99,Virginia,M,Charcoal,Spring,3.8,No,Express,Yes,Yes,18,Venmo,Bi-Weekly,0,1,1,26,Boomer+ (65+),100.0,60.69,Champions,0,0,0,2574,Promo Champions
1249,62,Male,Hat,Accessories,37,Wisconsin,XL,Red,Winter,3.0,No,Free Shipping,Yes,Yes,8,Credit Card,Annually,0,1,1,1,Boomer-Early (55-64),100.0,13.15,At-Risk,0,0,0,37,At-Risk / Dormant
1250,62,Male,Boots,Footwear,50,Oregon,M,Peach,Winter,4.5,No,Express,Yes,Yes,48,Venmo,Fortnightly,0,1,1,26,Boomer-Early (55-64),100.0,63.75,Champions,1,0,1,1300,Promo Champions
1251,52,Male,Jeans,Clothing,26,New Hampshire,XL,Purple,Winter,4.1,No,Free Shipping,Yes,Yes,24,Cash,Monthly,0,1,1,12,Gen X (45-54),100.0,26.79,At-Risk,1,0,0,312,At-Risk / Dormant
1252,56,Male,Shorts,Clothing,86,Indiana,XL,Orange,Spring,5.0,No,Next Day Air,Yes,Yes,43,Credit Card,Monthly,0,1,1,12,Boomer-Early (55-64),100.0,68.55,Champions,1,0,1,1032,Promo Champions
1253,28,Male,Sandals,Footwear,41,Massachusetts,L,Magenta,Fall,4.0,No,Standard,Yes,Yes,8,Cash,Quarterly,0,1,1,4,Millennial-Early (25-34),100.0,16.37,At-Risk,1,0,0,164,At-Risk / Dormant
1254,39,Male,Sandals,Footwear,23,Montana,XL,Red,Winter,4.9,No,Express,Yes,Yes,49,PayPal,Annually,0,1,1,1,Millennial-Late (35-44),100.0,40.5,Potential,1,0,0,23,Growth Potential
1255,54,Male,Sneakers,Footwear,56,California,XL,Black,Spring,3.3,No,2-Day Shipping,Yes,Yes,2,Credit Card,Bi-Weekly,0,1,1,26,Gen X (45-54),100.0,28.82,At-Risk,0,0,0,1456,At-Risk / Dormant
1256,30,Male,Hat,Accessories,68,Indiana,M,Peach,Fall,4.1,No,Standard,Yes,Yes,38,Cash,Fortnightly,0,1,1,26,Millennial-Early (25-34),100.0,63.46,Champions,1,0,1,1768,Promo Champions
1257,45,Male,Coat,Outerwear,48,West Virginia,S,Olive,Winter,3.6,No,Express,Yes,Yes,4,Cash,Fortnightly,0,1,1,26,Gen X (45-54),100.0,26.95,At-Risk,0,0,0,1248,At-Risk / Dormant
1258,68,Male,Dress,Clothing,67,Minnesota,L,Gold,Spring,3.0,No,Free Shipping,Yes,Yes,31,Cash,Every 3 Months,0,1,1,4,Boomer+ (65+),100.0,46.52,Loyalists,0,0,0,268,Promo Loyalists
1259,47,Male,Boots,Footwear,87,Ohio,XL,Gold,Spring,4.1,No,2-Day Shipping,Yes,Yes,34,Debit Card,Every 3 Months,0,1,1,4,Gen X (45-54),100.0,57.72,Loyalists,1,0,1,348,Promo Loyalists
1260,68,Male,Skirt,Clothing,64,Minnesota,M,Turquoise,Fall,3.9,No,Standard,Yes,Yes,45,Credit Card,Monthly,0,1,1,12,Boomer+ (65+),100.0,60.56,Champions,0,0,0,768,Promo Champions
1261,63,Male,Shirt,Clothing,93,Virginia,XL,Green,Spring,4.1,No,Store Pickup,Yes,Yes,30,Debit Card,Quarterly,0,1,1,4,Boomer-Early (55-64),100.0,57.08,Loyalists,1,0,1,372,Promo Loyalists
1262,20,Male,Shirt,Clothing,29,Connecticut,L,Maroon,Summer,2.8,No,Next Day Air,Yes,Yes,2,Credit Card,Fortnightly,0,1,1,26,Gen Z (18-24),100.0,17.01,At-Risk,0,0,0,754,At-Risk / Dormant
1263,29,Male,Boots,Footwear,62,Tennessee,L,Brown,Winter,4.8,No,Store Pickup,Yes,Yes,44,Venmo,Monthly,0,1,1,12,Millennial-Early (25-34),100.0,58.87,Champions,1,0,1,744,Promo Champions
1264,41,Male,Hoodie,Clothing,70,Delaware,L,Brown,Winter,4.6,No,2-Day Shipping,Yes,Yes,1,Credit Card,Bi-Weekly,0,1,1,26,Millennial-Late (35-44),100.0,34.13,Potential,1,0,0,1820,Growth Potential
1265,52,Male,Sweater,Clothing,92,Vermont,S,Blue,Winter,2.5,No,Next Day Air,Yes,Yes,1,Venmo,Bi-Weekly,0,1,1,26,Gen X (45-54),100.0,43.75,Potential,0,0,0,2392,Growth Potential
1266,32,Male,Shirt,Clothing,79,Louisiana,M,Lavender,Spring,2.7,No,Next Day Air,Yes,Yes,27,Bank Transfer,Weekly,0,1,1,52,Millennial-Early (25-34),100.0,72.04,Champions,0,0,0,4108,Promo Champions
1267,20,Male,Blouse,Clothing,31,North Dakota,M,Peach,Fall,4.0,No,Standard,Yes,Yes,14,Debit Card,Every 3 Months,0,1,1,4,Gen Z (18-24),100.0,16.9,At-Risk,1,0,0,124,At-Risk / Dormant
1268,47,Male,T-shirt,Clothing,83,Oregon,S,Gray,Spring,2.7,No,Standard,Yes,Yes,41,Cash,Weekly,0,1,1,52,Gen X (45-54),100.0,85.22,Champions,0,0,0,4316,Promo Champions
1269,23,Male,Jacket,Outerwear,88,Idaho,XL,Charcoal,Winter,2.9,No,Next Day Air,Yes,Yes,25,Debit Card,Bi-Weekly,0,1,1,26,Gen Z (18-24),100.0,61.6,Champions,0,0,0,2288,Promo Champions
1270,43,Male,Jewelry,Accessories,53,Vermont,M,Lavender,Spring,3.0,No,Standard,Yes,Yes,47,PayPal,Quarterly,0,1,1,4,Millennial-Late (35-44),100.0,53.46,Loyalists,0,0,0,212,Promo Loyalists
1271,67,Male,Hoodie,Clothing,98,West Virginia,M,Green,Fall,3.3,No,Standard,Yes,Yes,20,Cash,Annually,0,1,1,1,Boomer+ (65+),100.0,49.64,Loyalists,0,0,0,98,Promo Loyalists
1272,70,Male,Jewelry,Accessories,57,Kentucky,S,Gray,Spring,4.3,No,Store Pickup,Yes,Yes,42,PayPal,Annually,0,1,1,1,Boomer+ (65+),100.0,49.66,Loyalists,1,0,1,57,Promo Loyalists
1273,35,Male,Sandals,Footwear,80,Wisconsin,M,Orange,Winter,4.4,No,Express,Yes,Yes,16,Bank Transfer,Monthly,0,1,1,12,Millennial-Late (35-44),100.0,43.89,Potential,1,0,0,960,Growth Potential
1274,41,Male,Jeans,Clothing,29,Mississippi,L,Silver,Spring,4.1,No,Next Day Air,Yes,Yes,32,Credit Card,Every 3 Months,0,1,1,4,Millennial-Late (35-44),100.0,30.71,At-Risk,1,0,0,116,At-Risk / Dormant
1275,54,Male,Hat,Accessories,73,Missouri,M,Olive,Spring,3.1,No,2-Day Shipping,Yes,Yes,37,PayPal,Quarterly,0,1,1,4,Gen X (45-54),100.0,54.05,Loyalists,0,0,0,292,Promo Loyalists
1276,55,Male,Sweater,Clothing,32,Arkansas,S,Turquoise,Fall,4.5,No,Standard,Yes,Yes,1,PayPal,Monthly,0,1,1,12,Boomer-Early (55-64),100.0,10.64,At-Risk,1,0,0,384,At-Risk / Dormant
1277,51,Male,Boots,Footwear,68,Wyoming,L,Turquoise,Spring,4.8,No,Next Day Air,Yes,Yes,37,Bank Transfer,Weekly,0,1,1,52,Gen X (45-54),100.0,75.39,Champions,1,0,1,3536,Promo Champions
1278,19,Male,Blouse,Clothing,97,Rhode Island,L,Green,Spring,5.0,No,Express,Yes,Yes,5,Venmo,Quarterly,0,1,1,4,Gen Z (18-24),100.0,38.42,Potential,1,0,0,388,Growth Potential
1279,28,Male,Shorts,Clothing,98,Utah,M,Violet,Fall,2.8,No,Next Day Air,Yes,Yes,31,Venmo,Fortnightly,0,1,1,26,Millennial-Early (25-34),100.0,70.87,Champions,0,0,0,2548,Promo Champions
1280,63,Male,Hoodie,Clothing,56,Maryland,L,Charcoal,Fall,3.7,No,Express,Yes,Yes,18,Debit Card,Annually,0,1,1,1,Boomer-Early (55-64),100.0,29.63,At-Risk,0,0,0,56,At-Risk / Dormant
1281,30,Male,Pants,Clothing,78,Georgia,L,White,Winter,4.4,No,2-Day Shipping,Yes,Yes,39,Venmo,Every 3 Months,0,1,1,4,Millennial-Early (25-34),100.0,57.87,Champions,1,0,1,312,Promo Champions
1282,29,Male,Belt,Accessories,81,New Jersey,M,Olive,Spring,4.5,No,Store Pickup,Yes,Yes,8,Venmo,Bi-Weekly,0,1,1,26,Millennial-Early (25-34),100.0,44.66,Potential,1,0,0,2106,Growth Potential
1283,24,Male,Shirt,Clothing,68,New Hampshire,L,Violet,Winter,3.0,No,Free Shipping,Yes,Yes,20,Venmo,Monthly,0,1,1,12,Gen Z (18-24),100.0,41.9,Potential,0,0,0,816,Growth Potential
1284,69,Male,Shirt,Clothing,94,Oregon,M,Violet,Winter,3.9,No,2-Day Shipping,Yes,Yes,23,Debit Card,Every 3 Months,0,1,1,4,Boomer+ (65+),100.0,51.8,Loyalists,0,0,0,376,Promo Loyalists
1285,65,Male,Dress,Clothing,93,Arkansas,M,Black,Spring,3.9,No,Express,Yes,Yes,38,PayPal,Fortnightly,0,1,1,26,Boomer+ (65+),100.0,74.4,Champions,0,0,0,2418,Promo Champions
1286,64,Male,Gloves,Accessories,99,North Carolina,M,Charcoal,Fall,3.5,No,Next Day Air,Yes,Yes,45,Bank Transfer,Fortnightly,0,1,1,26,Boomer-Early (55-64),100.0,82.74,Champions,0,0,0,2574,Promo Champions
1287,40,Male,Gloves,Accessories,49,West Virginia,L,Yellow,Winter,4.9,No,Next Day Air,Yes,Yes,44,Debit Card,Fortnightly,0,1,1,26,Millennial-Late (35-44),100.0,60.04,Champions,1,0,1,1274,Promo Champions
1288,24,Male,Jeans,Clothing,28,Utah,XL,Blue,Winter,3.4,No,Standard,Yes,Yes,20,PayPal,Monthly,0,1,1,12,Gen Z (18-24),100.0,24.4,At-Risk,0,0,0,336,At-Risk / Dormant
1289,66,Male,Belt,Accessories,93,South Dakota,XL,Charcoal,Winter,4.1,No,Standard,Yes,Yes,34,PayPal,Bi-Weekly,0,1,1,26,Boomer+ (65+),100.0,71.13,Champions,1,0,1,2418,Promo Champions
1290,35,Male,Jacket,Outerwear,24,New Hampshire,M,Red,Fall,2.9,No,Next Day Air,Yes,Yes,10,PayPal,Weekly,0,1,1,52,Millennial-Late (35-44),100.0,34.1,Potential,0,0,0,1248,Growth Potential
1291,67,Male,Skirt,Clothing,35,Maryland,M,Indigo,Spring,3.4,No,Free Shipping,Yes,Yes,3,PayPal,Annually,0,1,1,1,Boomer+ (65+),100.0,8.2,At-Risk,0,0,0,35,At-Risk / Dormant
1292,69,Male,Sandals,Footwear,68,South Dakota,S,Beige,Spring,3.2,No,2-Day Shipping,Yes,Yes,23,Debit Card,Fortnightly,0,1,1,26,Boomer+ (65+),100.0,51.21,Loyalists,0,0,0,1768,Promo Loyalists
1293,26,Male,Belt,Accessories,61,Kentucky,M,Maroon,Summer,3.8,No,Free Shipping,Yes,Yes,42,Bank Transfer,Annually,0,1,1,1,Millennial-Early (25-34),100.0,51.41,Loyalists,0,0,0,61,Promo Loyalists
1294,23,Male,Sweater,Clothing,74,Florida,XL,Yellow,Fall,4.1,No,Standard,Yes,Yes,30,Debit Card,Annually,0,1,1,1,Gen Z (18-24),100.0,47.3,Loyalists,1,0,1,74,Promo Loyalists
1295,27,Male,Shirt,Clothing,64,Texas,M,Silver,Summer,4.5,No,Standard,Yes,Yes,21,Cash,Every 3 Months,0,1,1,4,Millennial-Early (25-34),100.0,37.05,Potential,1,0,0,256,Growth Potential
1296,30,Male,Sneakers,Footwear,60,New Mexico,M,Olive,Fall,2.8,No,Standard,Yes,Yes,50,PayPal,Weekly,0,1,1,52,Millennial-Early (25-34),100.0,82.5,Champions,0,0,0,3120,Promo Champions
1297,48,Male,Jeans,Clothing,29,South Dakota,S,Teal,Spring,2.8,No,Express,Yes,Yes,16,Cash,Bi-Weekly,0,1,1,26,Gen X (45-54),100.0,28.44,At-Risk,0,0,0,754,At-Risk / Dormant
1298,44,Male,Sandals,Footwear,85,New Jersey,M,Silver,Summer,4.6,No,Standard,Yes,Yes,32,Venmo,Annually,0,1,1,1,Millennial-Late (35-44),100.0,53.74,Loyalists,1,0,1,85,Promo Loyalists
1299,29,Male,Pants,Clothing,81,Indiana,S,Indigo,Summer,3.0,No,Free Shipping,Yes,Yes,14,Bank Transfer,Fortnightly,0,1,1,26,Millennial-Early (25-34),100.0,49.55,Loyalists,0,0,0,2106,Promo Loyalists
1300,29,Male,Belt,Accessories,23,Louisiana,L,Teal,Fall,3.6,No,2-Day Shipping,Yes,Yes,42,Venmo,Bi-Weekly,0,1,1,26,Millennial-Early (25-34),100.0,47.04,Loyalists,0,0,0,598,Promo Loyalists
1301,67,Male,T-shirt,Clothing,100,West Virginia,M,Charcoal,Spring,4.5,No,Next Day Air,Yes,Yes,47,Credit Card,Every 3 Months,0,1,1,4,Boomer+ (65+),100.0,74.02,Champions,1,0,1,400,Promo Champions
1302,42,Male,Shirt,Clothing,54,Maine,M,Orange,Fall,5.0,No,Express,Yes,Yes,21,Debit Card,Weekly,0,1,1,52,Millennial-Late (35-44),100.0,56.2,Loyalists,1,0,1,2808,Promo Loyalists
1303,23,Male,Sneakers,Footwear,25,Idaho,M,Gold,Fall,2.9,No,Next Day Air,Yes,Yes,37,Credit Card,Monthly,0,1,1,12,Gen Z (18-24),100.0,36.97,Potential,0,0,0,300,Growth Potential
1304,34,Male,Blouse,Clothing,32,New York,L,Silver,Summer,3.1,No,Next Day Air,Yes,Yes,10,Credit Card,Annually,0,1,1,1,Millennial-Early (25-34),100.0,12.6,At-Risk,0,0,0,32,At-Risk / Dormant
1305,64,Male,Backpack,Accessories,63,Montana,S,Orange,Spring,4.0,No,2-Day Shipping,Yes,Yes,18,PayPal,Every 3 Months,0,1,1,4,Boomer-Early (55-64),100.0,34.16,Potential,1,0,0,252,Growth Potential
1306,31,Male,Pants,Clothing,56,Mississippi,XL,Peach,Spring,4.5,No,Express,Yes,Yes,2,PayPal,Every 3 Months,0,1,1,4,Millennial-Early (25-34),100.0,18.04,At-Risk,1,0,0,224,At-Risk / Dormant
1307,54,Male,Sweater,Clothing,33,Alaska,L,Brown,Winter,4.5,No,Next Day Air,Yes,Yes,40,PayPal,Annually,0,1,1,1,Gen X (45-54),100.0,37.52,Potential,1,0,0,33,Growth Potential
1308,23,Male,Coat,Outerwear,32,Missouri,L,Black,Summer,3.1,No,Express,Yes,Yes,43,PayPal,Annually,0,1,1,1,Gen Z (18-24),100.0,39.54,Potential,0,0,0,32,Growth Potential
1309,59,Male,Dress,Clothing,38,Rhode Island,L,Red,Summer,4.4,No,Next Day Air,Yes,Yes,14,Credit Card,Every 3 Months,0,1,1,4,Boomer-Early (55-64),100.0,19.96,At-Risk,1,0,0,152,At-Risk / Dormant
1310,32,Male,Blouse,Clothing,21,Hawaii,L,Lavender,Summer,4.7,No,Store Pickup,Yes,Yes,41,Cash,Quarterly,0,1,1,4,Millennial-Early (25-34),100.0,34.56,Potential,1,0,0,84,Growth Potential
1311,43,Male,Hoodie,Clothing,59,South Carolina,L,Brown,Winter,3.1,No,Store Pickup,Yes,Yes,38,Credit Card,Every 3 Months,0,1,1,4,Millennial-Late (35-44),100.0,48.74,Loyalists,0,0,0,236,Promo Loyalists
1312,32,Male,Shoes,Footwear,87,Tennessee,M,Maroon,Fall,4.2,No,Express,Yes,Yes,12,Venmo,Annually,0,1,1,1,Millennial-Early (25-34),100.0,38.29,Potential,1,0,0,87,Growth Potential
1313,66,Male,T-shirt,Clothing,79,Missouri,M,Violet,Winter,3.0,No,Store Pickup,Yes,Yes,19,Bank Transfer,Monthly,0,1,1,12,Boomer+ (65+),100.0,45.9,Loyalists,0,0,0,948,Promo Loyalists
1314,70,Male,Shoes,Footwear,28,Missouri,M,Lavender,Summer,3.8,No,Free Shipping,Yes,Yes,23,Credit Card,Bi-Weekly,0,1,1,26,Boomer+ (65+),100.0,33.71,Potential,0,0,0,728,Growth Potential
1315,42,Male,Boots,Footwear,67,Missouri,S,Magenta,Summer,3.4,No,Free Shipping,Yes,Yes,49,Debit Card,Annually,0,1,1,1,Millennial-Late (35-44),100.0,59.75,Champions,0,0,0,67,Promo Champions
1316,56,Male,Shorts,Clothing,75,Mississippi,L,Green,Spring,4.2,No,2-Day Shipping,Yes,Yes,29,Debit Card,Quarterly,0,1,1,4,Boomer-Early (55-64),100.0,48.39,Loyalists,1,0,1,300,Promo Loyalists
1317,28,Male,Belt,Accessories,32,Arkansas,S,Lavender,Spring,4.6,No,Standard,Yes,Yes,14,Debit Card,Bi-Weekly,0,1,1,26,Millennial-Early (25-34),100.0,28.12,At-Risk,1,0,0,832,At-Risk / Dormant
1318,28,Male,Pants,Clothing,43,Kentucky,M,Green,Spring,2.8,No,Free Shipping,Yes,Yes,19,Cash,Monthly,0,1,1,12,Millennial-Early (25-34),100.0,30.15,At-Risk,0,0,0,516,At-Risk / Dormant
1319,52,Male,Shorts,Clothing,93,Connecticut,M,Maroon,Spring,2.7,No,Express,Yes,Yes,19,Credit Card,Bi-Weekly,0,1,1,26,Gen X (45-54),100.0,58.89,Champions,0,0,0,2418,Promo Champions
1320,65,Male,Sunglasses,Accessories,24,Oklahoma,M,Magenta,Spring,4.0,No,Standard,Yes,Yes,48,Bank Transfer,Weekly,0,1,1,52,Boomer+ (65+),100.0,65.12,Champions,1,0,1,1248,Promo Champions
1321,56,Male,Hat,Accessories,31,California,XL,Teal,Fall,3.1,No,Free Shipping,Yes,Yes,19,Debit Card,Annually,0,1,1,1,Boomer-Early (55-64),100.0,19.51,At-Risk,0,0,0,31,At-Risk / Dormant
1322,59,Male,T-shirt,Clothing,84,Missouri,L,Orange,Winter,3.7,No,Express,Yes,Yes,45,Bank Transfer,Every 3 Months,0,1,1,4,Boomer-Early (55-64),100.0,65.39,Champions,0,0,0,336,Promo Champions
1323,23,Male,Pants,Clothing,74,Washington,M,Violet,Winter,4.0,No,Next Day Air,Yes,Yes,17,Bank Transfer,Quarterly,0,1,1,4,Gen Z (18-24),100.0,38.16,Potential,1,0,0,296,Growth Potential
1324,58,Male,Shorts,Clothing,62,New York,M,Yellow,Spring,4.6,No,Standard,Yes,Yes,15,Debit Card,Every 3 Months,0,1,1,4,Boomer-Early (55-64),100.0,31.27,At-Risk,1,0,0,248,At-Risk / Dormant
1325,39,Male,Jewelry,Accessories,77,Indiana,S,Orange,Summer,3.8,No,Free Shipping,Yes,Yes,11,Credit Card,Fortnightly,0,1,1,26,Millennial-Late (35-44),100.0,45.36,Loyalists,0,0,0,2002,Promo Loyalists
1326,28,Male,Backpack,Accessories,73,Oregon,L,Gold,Summer,3.5,No,Express,Yes,Yes,1,Cash,Monthly,0,1,1,12,Millennial-Early (25-34),100.0,28.58,At-Risk,0,0,0,876,At-Risk / Dormant
1327,40,Male,Shoes,Footwear,50,Texas,M,Indigo,Spring,3.8,No,Free Shipping,Yes,Yes,17,Cash,Monthly,0,1,1,12,Millennial-Late (35-44),100.0,31.58,At-Risk,0,0,0,600,At-Risk / Dormant
1328,52,Male,Coat,Outerwear,40,Florida,M,Turquoise,Winter,2.8,No,Standard,Yes,Yes,37,Cash,Weekly,0,1,1,52,Gen X (45-54),100.0,63.14,Champions,0,0,0,2080,Promo Champions
1329,37,Male,Sweater,Clothing,97,Rhode Island,M,Orange,Winter,3.7,No,Standard,Yes,Yes,40,Bank Transfer,Weekly,0,1,1,52,Millennial-Late (35-44),100.0,90.52,Champions,0,0,0,5044,Promo Champions
1330,70,Male,Gloves,Accessories,63,Texas,M,Indigo,Fall,3.3,No,Express,Yes,Yes,50,PayPal,Every 3 Months,0,1,1,4,Boomer+ (65+),100.0,60.28,Champions,0,0,0,252,Promo Champions
1331,30,Male,Handbag,Accessories,65,Vermont,M,Charcoal,Fall,2.9,No,Standard,Yes,Yes,20,PayPal,Bi-Weekly,0,1,1,26,Millennial-Early (25-34),100.0,47.45,Loyalists,0,0,0,1690,Promo Loyalists
1332,38,Male,Socks,Clothing,91,Maryland,M,Lavender,Spring,3.2,No,Standard,Yes,Yes,8,PayPal,Bi-Weekly,0,1,1,26,Millennial-Late (35-44),100.0,49.03,Loyalists,0,0,0,2366,Promo Loyalists
1333,66,Male,Hoodie,Clothing,60,Alaska,S,Gold,Spring,4.3,No,Store Pickup,Yes,Yes,16,Bank Transfer,Quarterly,0,1,1,4,Boomer+ (65+),100.0,31.22,At-Risk,1,0,0,240,At-Risk / Dormant
1334,29,Male,Pants,Clothing,69,Idaho,M,Lavender,Winter,2.7,No,Next Day Air,Yes,Yes,9,Bank Transfer,Quarterly,0,1,1,4,Millennial-Early (25-34),100.0,29.44,At-Risk,0,0,0,276,At-Risk / Dormant
1335,46,Male,Coat,Outerwear,52,West Virginia,S,White,Spring,3.8,No,Store Pickup,Yes,Yes,12,Venmo,Monthly,0,1,1,12,Gen X (45-54),100.0,28.37,At-Risk,0,0,0,624,At-Risk / Dormant
1336,56,Male,Boots,Footwear,49,Nevada,M,Lavender,Fall,4.8,No,2-Day Shipping,Yes,Yes,26,Credit Card,Weekly,0,1,1,52,Boomer-Early (55-64),100.0,58.1,Champions,1,0,1,2548,Promo Champions
1337,23,Male,Sneakers,Footwear,85,Oregon,M,Charcoal,Spring,4.8,No,Store Pickup,Yes,Yes,44,Debit Card,Fortnightly,0,1,1,26,Gen Z (18-24),100.0,75.79,Champions,1,0,1,2210,Promo Champions
1338,37,Male,Sweater,Clothing,86,Tennessee,L,Silver,Spring,3.4,No,Express,Yes,Yes,19,Credit Card,Bi-Weekly,0,1,1,26,Millennial-Late (35-44),100.0,55.82,Loyalists,0,0,0,2236,Promo Loyalists
1339,56,Male,Handbag,Accessories,51,Alabama,S,Yellow,Winter,2.6,No,Standard,Yes,Yes,43,PayPal,Fortnightly,0,1,1,26,Boomer-Early (55-64),100.0,60.1,Champions,0,0,0,1326,Promo Champions
1340,36,Male,Belt,Accessories,56,Indiana,L,Olive,Winter,5.0,No,Next Day Air,Yes,Yes,5,Bank Transfer,Every 3 Months,0,1,1,4,Millennial-Late (35-44),100.0,20.49,At-Risk,1,0,0,224,At-Risk / Dormant
1341,40,Male,Belt,Accessories,72,Idaho,M,Peach,Fall,4.4,No,Next Day Air,Yes,Yes,5,Debit Card,Every 3 Months,0,1,1,4,Millennial-Late (35-44),100.0,27.49,At-Risk,1,0,0,288,At-Risk / Dormant
1342,26,Male,Hoodie,Clothing,27,Rhode Island,XL,Yellow,Fall,3.8,No,Standard,Yes,Yes,31,Bank Transfer,Quarterly,0,1,1,4,Millennial-Early (25-34),100.0,29.02,At-Risk,0,0,0,108,At-Risk / Dormant
1343,57,Male,Sunglasses,Accessories,43,Arizona,XL,Yellow,Summer,3.4,No,2-Day Shipping,Yes,Yes,11,Bank Transfer,Monthly,0,1,1,12,Boomer-Early (55-64),100.0,23.62,At-Risk,0,0,0,516,At-Risk / Dormant
1344,68,Male,Sneakers,Footwear,56,Florida,M,Indigo,Spring,3.4,No,Standard,Yes,Yes,34,Bank Transfer,Monthly,0,1,1,12,Boomer+ (65+),100.0,48.08,Loyalists,0,0,0,672,Promo Loyalists
1345,56,Male,T-shirt,Clothing,37,New York,S,Violet,Fall,4.9,No,Next Day Air,Yes,Yes,14,Cash,Annually,0,1,1,1,Boomer-Early (55-64),100.0,18.05,At-Risk,1,0,0,37,At-Risk / Dormant
1346,40,Male,Dress,Clothing,21,Nebraska,M,White,Fall,3.6,No,Standard,Yes,Yes,42,Venmo,Weekly,0,1,1,52,Millennial-Late (35-44),100.0,58.91,Champions,0,0,0,1092,Promo Champions
1347,44,Male,Hoodie,Clothing,91,Mississippi,L,White,Winter,3.0,No,Free Shipping,Yes,Yes,15,Venmo,Bi-Weekly,0,1,1,26,Millennial-Late (35-44),100.0,54.75,Loyalists,0,0,0,2366,Promo Loyalists
1348,44,Male,Sweater,Clothing,95,Vermont,M,Cyan,Summer,3.9,No,2-Day Shipping,Yes,Yes,47,Bank Transfer,Monthly,0,1,1,12,Millennial-Late (35-44),100.0,75.76,Champions,0,0,0,1140,Promo Champions
1349,19,Male,Belt,Accessories,54,Nebraska,XL,Purple,Spring,3.2,No,Standard,Yes,Yes,23,Credit Card,Fortnightly,0,1,1,26,Gen Z (18-24),100.0,45.09,Loyalists,0,0,0,1404,Promo Loyalists
1350,21,Male,Socks,Clothing,36,South Carolina,XL,Black,Spring,3.2,No,Next Day Air,Yes,Yes,23,Cash,Bi-Weekly,0,1,1,26,Gen Z (18-24),100.0,37.21,Potential,0,0,0,936,Growth Potential
1351,31,Male,Sunglasses,Accessories,71,Delaware,M,Orange,Fall,4.3,No,Next Day Air,Yes,Yes,1,Cash,Every 3 Months,0,1,1,4,Millennial-Early (25-34),100.0,23.78,At-Risk,1,0,0,284,At-Risk / Dormant
1352,30,Male,Coat,Outerwear,31,Vermont,L,Maroon,Summer,2.8,No,2-Day Shipping,Yes,Yes,28,Bank Transfer,Quarterly,0,1,1,4,Millennial-Early (25-34),100.0,28.32,At-Risk,0,0,0,124,At-Risk / Dormant
1353,65,Male,Hat,Accessories,89,Indiana,XL,Orange,Spring,4.5,No,Next Day Air,Yes,Yes,37,Credit Card,Bi-Weekly,0,1,1,26,Boomer+ (65+),100.0,71.83,Champions,1,0,1,2314,Promo Champions
1354,39,Male,Pants,Clothing,83,Oregon,M,Teal,Winter,4.1,No,Next Day Air,Yes,Yes,4,Cash,Every 3 Months,0,1,1,4,Millennial-Late (35-44),100.0,31.48,At-Risk,1,0,0,332,At-Risk / Dormant
1355,64,Male,Backpack,Accessories,42,Maryland,M,Gray,Spring,3.6,No,2-Day Shipping,Yes,Yes,21,Bank Transfer,Quarterly,0,1,1,4,Boomer-Early (55-64),100.0,27.42,At-Risk,0,0,0,168,At-Risk / Dormant
1356,59,Male,Shorts,Clothing,91,Florida,M,Blue,Summer,3.0,No,2-Day Shipping,Yes,Yes,50,PayPal,Bi-Weekly,0,1,1,26,Boomer-Early (55-64),100.0,83.32,Champions,0,0,0,2366,Promo Champions
1357,49,Male,Jacket,Outerwear,61,Indiana,M,Cyan,Spring,4.0,No,Free Shipping,Yes,Yes,34,Bank Transfer,Annually,0,1,1,1,Gen X (45-54),100.0,44.88,Loyalists,1,0,1,61,Promo Loyalists
1358,24,Male,Backpack,Accessories,66,Texas,S,Red,Summer,3.5,No,Next Day Air,Yes,Yes,20,Cash,Quarterly,0,1,1,4,Gen Z (18-24),100.0,37.11,Potential,0,0,0,264,Growth Potential
1359,19,Male,Scarf,Accessories,22,Nebraska,XL,Pink,Spring,2.5,No,Store Pickup,Yes,Yes,25,Venmo,Every 3 Months,0,1,1,4,Gen Z (18-24),100.0,21.94,At-Risk,0,0,0,88,At-Risk / Dormant
1360,27,Male,Hoodie,Clothing,68,North Carolina,S,Cyan,Winter,4.3,No,Store Pickup,Yes,Yes,26,Bank Transfer,Fortnightly,0,1,1,26,Millennial-Early (25-34),100.0,53.66,Loyalists,1,0,1,1768,Promo Loyalists
1361,56,Male,Skirt,Clothing,43,Alabama,L,Black,Fall,2.8,No,Express,Yes,Yes,4,Bank Transfer,Annually,0,1,1,1,Boomer-Early (55-64),100.0,12.51,At-Risk,0,0,0,43,At-Risk / Dormant
1362,49,Male,Dress,Clothing,32,Alabama,M,Beige,Fall,3.7,No,Next Day Air,Yes,Yes,39,Debit Card,Monthly,0,1,1,12,Gen X (45-54),100.0,41.66,Potential,0,0,0,384,Growth Potential
1363,41,Male,Coat,Outerwear,46,Colorado,M,Gray,Fall,4.3,No,Express,Yes,Yes,29,Cash,Weekly,0,1,1,52,Millennial-Late (35-44),100.0,59.23,Champions,1,0,1,2392,Promo Champions
1364,36,Male,Blouse,Clothing,90,Wisconsin,L,Red,Summer,4.0,No,Express,Yes,Yes,47,PayPal,Quarterly,0,1,1,4,Millennial-Late (35-44),100.0,69.65,Champions,1,0,1,360,Promo Champions
1365,68,Male,Hat,Accessories,75,Delaware,L,Yellow,Fall,4.7,No,Express,Yes,Yes,5,Cash,Every 3 Months,0,1,1,4,Boomer+ (65+),100.0,28.8,At-Risk,1,0,0,300,At-Risk / Dormant
1366,28,Male,Handbag,Accessories,69,Indiana,M,Magenta,Winter,4.5,No,Store Pickup,Yes,Yes,18,Bank Transfer,Fortnightly,0,1,1,26,Millennial-Early (25-34),100.0,47.57,Loyalists,1,0,1,1794,Promo Loyalists
1367,45,Male,Belt,Accessories,40,Iowa,M,Magenta,Fall,3.1,No,Free Shipping,Yes,Yes,10,Credit Card,Fortnightly,0,1,1,26,Gen X (45-54),100.0,28.35,At-Risk,0,0,0,1040,At-Risk / Dormant
1368,60,Male,Belt,Accessories,63,Iowa,S,Black,Fall,3.8,No,Express,Yes,Yes,25,Cash,Quarterly,0,1,1,4,Boomer-Early (55-64),100.0,39.87,Potential,0,0,0,252,Growth Potential
1369,21,Male,Shirt,Clothing,36,Wisconsin,L,Orange,Summer,4.9,No,Express,Yes,Yes,2,Cash,Weekly,0,1,1,52,Gen Z (18-24),100.0,32.82,At-Risk,1,0,0,1872,At-Risk / Dormant
1370,32,Male,Shoes,Footwear,75,Iowa,M,Green,Winter,3.2,No,Standard,Yes,Yes,48,Venmo,Fortnightly,0,1,1,26,Millennial-Early (25-34),100.0,74.68,Champions,0,0,0,1950,Promo Champions
1371,27,Male,Scarf,Accessories,67,Montana,L,Peach,Summer,3.8,No,2-Day Shipping,Yes,Yes,41,Bank Transfer,Every 3 Months,0,1,1,4,Millennial-Early (25-34),100.0,54.69,Loyalists,0,0,0,268,Promo Loyalists
1372,40,Male,Pants,Clothing,64,Mississippi,M,Charcoal,Spring,2.8,No,Store Pickup,Yes,Yes,42,Credit Card,Monthly,0,1,1,12,Millennial-Late (35-44),100.0,58.11,Champions,0,0,0,768,Promo Champions
1373,64,Male,Blouse,Clothing,61,Michigan,M,Gray,Fall,4.0,No,2-Day Shipping,Yes,Yes,44,PayPal,Bi-Weekly,0,1,1,26,Boomer-Early (55-64),100.0,65.29,Champions,1,0,1,1586,Promo Champions
1374,18,Male,Gloves,Accessories,40,Virginia,L,Turquoise,Winter,2.6,No,Store Pickup,Yes,Yes,6,Cash,Quarterly,0,1,1,4,Gen Z (18-24),100.0,14.3,At-Risk,0,0,0,160,At-Risk / Dormant
1375,22,Male,Handbag,Accessories,97,New York,M,Red,Fall,2.7,No,Free Shipping,Yes,Yes,5,Bank Transfer,Quarterly,0,1,1,4,Gen Z (18-24),100.0,38.42,Potential,0,0,0,388,Growth Potential
1376,42,Male,Sneakers,Footwear,31,Maine,L,Brown,Spring,4.1,No,2-Day Shipping,Yes,Yes,8,Credit Card,Annually,0,1,1,1,Millennial-Late (35-44),100.0,10.53,At-Risk,1,0,0,31,At-Risk / Dormant
1377,57,Male,Sandals,Footwear,65,New Jersey,L,Pink,Spring,5.0,No,Free Shipping,Yes,Yes,24,PayPal,Annually,0,1,1,1,Boomer-Early (55-64),100.0,38.46,Potential,1,0,0,65,Growth Potential
1378,33,Male,Sunglasses,Accessories,54,Maryland,L,Olive,Spring,3.0,No,Next Day Air,Yes,Yes,42,Venmo,Monthly,0,1,1,12,Millennial-Early (25-34),100.0,53.74,Loyalists,0,0,0,648,Promo Loyalists
1379,37,Male,Jacket,Outerwear,49,Kentucky,XL,Lavender,Fall,3.6,No,Free Shipping,Yes,Yes,24,Venmo,Weekly,0,1,1,52,Millennial-Late (35-44),100.0,56.46,Loyalists,0,0,0,2548,Promo Loyalists
1380,21,Male,T-shirt,Clothing,64,Minnesota,L,Purple,Fall,2.8,No,2-Day Shipping,Yes,Yes,38,Venmo,Bi-Weekly,0,1,1,26,Gen Z (18-24),100.0,61.71,Champions,0,0,0,1664,Promo Champions
1381,51,Male,Sneakers,Footwear,35,Massachusetts,S,Beige,Winter,4.6,No,Standard,Yes,Yes,41,Cash,Fortnightly,0,1,1,26,Gen X (45-54),100.0,51.47,Loyalists,1,0,1,910,Promo Loyalists
1382,30,Male,Shoes,Footwear,86,Illinois,L,Green,Winter,2.9,No,Standard,Yes,Yes,48,Venmo,Quarterly,0,1,1,4,Millennial-Early (25-34),100.0,68.71,Champions,0,0,0,344,Promo Champions
1383,68,Male,Jacket,Outerwear,55,Michigan,L,Brown,Winter,4.8,No,Express,Yes,Yes,16,Bank Transfer,Quarterly,0,1,1,4,Boomer+ (65+),100.0,29.03,At-Risk,1,0,0,220,At-Risk / Dormant
1384,36,Male,Scarf,Accessories,58,Wisconsin,M,Beige,Spring,3.3,No,Express,Yes,Yes,4,Venmo,Monthly,0,1,1,12,Millennial-Late (35-44),100.0,24.47,At-Risk,0,0,0,696,At-Risk / Dormant
1385,46,Male,Sneakers,Footwear,96,Alaska,M,Beige,Fall,4.6,No,Standard,Yes,Yes,8,Bank Transfer,Weekly,0,1,1,52,Gen X (45-54),100.0,63.96,Champions,1,0,1,4992,Promo Champions
1386,41,Male,Jewelry,Accessories,64,Mississippi,M,Indigo,Fall,2.6,No,Store Pickup,Yes,Yes,1,Bank Transfer,Bi-Weekly,0,1,1,26,Millennial-Late (35-44),100.0,31.5,At-Risk,0,0,0,1664,At-Risk / Dormant
1387,68,Male,Jacket,Outerwear,56,Oregon,M,Silver,Fall,4.0,No,Next Day Air,Yes,Yes,4,Debit Card,Quarterly,0,1,1,4,Boomer+ (65+),100.0,19.67,At-Risk,1,0,0,224,At-Risk / Dormant
1388,21,Male,Blouse,Clothing,85,Maryland,M,Gold,Winter,3.8,No,Standard,Yes,Yes,20,Credit Card,Monthly,0,1,1,12,Gen Z (18-24),100.0,49.34,Loyalists,0,0,0,1020,Promo Loyalists
1389,62,Male,Dress,Clothing,23,Arkansas,M,Lavender,Spring,3.9,No,Express,Yes,Yes,40,Cash,Quarterly,0,1,1,4,Boomer-Early (55-64),100.0,34.62,Potential,0,0,0,92,Growth Potential
1390,59,Male,Scarf,Accessories,72,Illinois,L,Orange,Fall,2.6,No,Store Pickup,Yes,Yes,8,Debit Card,Fortnightly,0,1,1,26,Boomer-Early (55-64),100.0,40.72,Potential,0,0,0,1872,Growth Potential
1391,25,Male,Hat,Accessories,38,Arkansas,M,Maroon,Summer,4.3,No,Standard,Yes,Yes,42,Debit Card,Weekly,0,1,1,52,Millennial-Early (25-34),100.0,66.34,Champions,1,0,1,1976,Promo Champions
1392,53,Male,Blouse,Clothing,29,Mississippi,S,White,Winter,3.6,No,Express,Yes,Yes,38,Credit Card,Annually,0,1,1,1,Gen X (45-54),100.0,34.14,Potential,0,0,0,29,Growth Potential
1393,31,Male,Gloves,Accessories,46,Arkansas,M,Yellow,Spring,4.2,No,Express,Yes,Yes,34,Venmo,Every 3 Months,0,1,1,4,Millennial-Early (25-34),100.0,39.78,Potential,1,0,0,184,Growth Potential
1394,46,Male,Gloves,Accessories,58,Idaho,L,Yellow,Spring,3.9,No,Express,Yes,Yes,14,PayPal,Fortnightly,0,1,1,26,Gen X (45-54),100.0,39.49,Potential,0,0,0,1508,Growth Potential
1395,26,Male,Coat,Outerwear,43,Iowa,L,Magenta,Fall,4.7,No,Next Day Air,Yes,Yes,39,Cash,Weekly,0,1,1,52,Millennial-Early (25-34),100.0,66.08,Champions,1,0,1,2236,Promo Champions
1396,47,Male,Scarf,Accessories,32,West Virginia,L,Turquoise,Spring,2.8,No,Next Day Air,Yes,Yes,40,PayPal,Bi-Weekly,0,1,1,26,Gen X (45-54),100.0,49.34,Loyalists,0,0,0,832,Promo Loyalists
1397,37,Male,Pants,Clothing,30,Wisconsin,XL,Lavender,Winter,3.0,No,Next Day Air,Yes,Yes,49,Debit Card,Monthly,0,1,1,12,Millennial-Late (35-44),100.0,48.95,Loyalists,0,0,0,360,Promo Loyalists
1398,55,Male,Sunglasses,Accessories,67,Massachusetts,S,Magenta,Summer,4.7,No,Store Pickup,Yes,Yes,33,PayPal,Annually,0,1,1,1,Boomer-Early (55-64),100.0,46.68,Loyalists,1,0,1,67,Promo Loyalists
1399,30,Male,Dress,Clothing,45,Texas,M,Cyan,Summer,2.5,No,Free Shipping,Yes,Yes,25,Credit Card,Weekly,0,1,1,52,Millennial-Early (25-34),100.0,55.53,Loyalists,0,0,0,2340,Promo Loyalists
1400,19,Male,Hat,Accessories,81,Nebraska,M,Olive,Winter,3.1,No,Store Pickup,Yes,Yes,48,Venmo,Annually,0,1,1,1,Gen Z (18-24),100.0,65.05,Champions,0,0,0,81,Promo Champions
1401,36,Male,Backpack,Accessories,23,Nevada,M,Red,Fall,3.6,No,Next Day Air,Yes,Yes,22,Credit Card,Every 3 Months,0,1,1,4,Millennial-Late (35-44),100.0,19.93,At-Risk,0,0,0,92,At-Risk / Dormant
1402,23,Male,Sandals,Footwear,59,Indiana,M,Blue,Fall,3.5,No,2-Day Shipping,Yes,Yes,1,PayPal,Weekly,0,1,1,52,Gen Z (18-24),100.0,42.06,Potential,0,0,0,3068,Growth Potential
1403,62,Male,Sunglasses,Accessories,21,North Dakota,L,White,Summer,3.1,No,Express,Yes,Yes,47,PayPal,Monthly,0,1,1,12,Boomer-Early (55-64),100.0,43.38,Potential,0,0,0,252,Growth Potential
1404,26,Male,Backpack,Accessories,20,Georgia,M,Peach,Spring,3.6,No,Store Pickup,Yes,Yes,20,Credit Card,Bi-Weekly,0,1,1,26,Millennial-Early (25-34),100.0,27.77,At-Risk,0,0,0,520,At-Risk / Dormant
1405,36,Male,Jewelry,Accessories,28,New Mexico,M,Charcoal,Winter,3.5,No,Next Day Air,Yes,Yes,10,Debit Card,Weekly,0,1,1,52,Millennial-Late (35-44),100.0,35.85,Potential,0,0,0,1456,Growth Potential
1406,33,Male,Socks,Clothing,100,New Hampshire,M,Peach,Winter,2.7,No,Store Pickup,Yes,Yes,39,Credit Card,Monthly,0,1,1,12,Millennial-Early (25-34),100.0,71.41,Champions,0,0,0,1200,Promo Champions
1407,32,Male,Shirt,Clothing,46,Washington,L,Turquoise,Spring,3.6,No,Express,Yes,Yes,15,Debit Card,Monthly,0,1,1,12,Millennial-Early (25-34),100.0,28.2,At-Risk,0,0,0,552,At-Risk / Dormant
1408,56,Male,Handbag,Accessories,61,Nevada,XL,Charcoal,Spring,4.5,No,Express,Yes,Yes,11,Credit Card,Annually,0,1,1,1,Boomer-Early (55-64),100.0,26.1,At-Risk,1,0,0,61,At-Risk / Dormant
1409,58,Male,Blouse,Clothing,58,Maine,M,Yellow,Winter,4.1,No,Free Shipping,Yes,Yes,38,Venmo,Weekly,0,1,1,52,Boomer-Early (55-64),100.0,71.83,Champions,1,0,1,3016,Promo Champions
1410,34,Male,Backpack,Accessories,50,Idaho,M,Blue,Spring,4.2,No,Standard,Yes,Yes,41,Cash,Fortnightly,0,1,1,26,Millennial-Early (25-34),100.0,58.03,Champions,1,0,1,1300,Promo Champions
1411,61,Male,Hat,Accessories,93,Tennessee,M,Purple,Summer,4.0,No,Store Pickup,Yes,Yes,18,Debit Card,Annually,0,1,1,1,Boomer-Early (55-64),100.0,45.82,Loyalists,1,0,1,93,Promo Loyalists
1412,48,Male,Skirt,Clothing,24,Louisiana,L,Green,Summer,2.8,No,Store Pickup,Yes,Yes,13,Venmo,Quarterly,0,1,1,4,Gen X (45-54),100.0,13.02,At-Risk,0,0,0,96,At-Risk / Dormant
1413,25,Male,Shorts,Clothing,100,Michigan,M,Charcoal,Summer,2.6,No,2-Day Shipping,Yes,Yes,43,Venmo,Annually,0,1,1,1,Millennial-Early (25-34),100.0,69.29,Champions,0,0,0,100,Promo Champions
1414,51,Male,Blouse,Clothing,79,New Hampshire,S,Indigo,Fall,2.7,No,Store Pickup,Yes,Yes,12,Bank Transfer,Quarterly,0,1,1,4,Gen X (45-54),100.0,36.26,Potential,0,0,0,316,Growth Potential
1415,29,Male,Socks,Clothing,51,Minnesota,M,Black,Summer,4.5,No,Store Pickup,Yes,Yes,3,Credit Card,Bi-Weekly,0,1,1,26,Millennial-Early (25-34),100.0,27.45,At-Risk,1,0,0,1326,At-Risk / Dormant
1416,54,Male,Belt,Accessories,90,Illinois,M,Blue,Winter,3.7,No,Free Shipping,Yes,Yes,12,Credit Card,Every 3 Months,0,1,1,4,Gen X (45-54),100.0,41.08,Potential,0,0,0,360,Growth Potential
1417,48,Male,Boots,Footwear,56,Idaho,L,Silver,Summer,3.4,No,Free Shipping,Yes,Yes,46,Cash,Quarterly,0,1,1,4,Gen X (45-54),100.0,53.96,Loyalists,0,0,0,224,Promo Loyalists
1418,62,Male,Shorts,Clothing,25,Montana,S,Brown,Spring,4.6,No,Standard,Yes,Yes,21,Debit Card,Fortnightly,0,1,1,26,Boomer-Early (55-64),100.0,30.77,At-Risk,1,0,0,650,At-Risk / Dormant
1419,18,Male,Shirt,Clothing,75,Alabama,M,Violet,Summer,4.1,No,2-Day Shipping,Yes,Yes,23,Venmo,Every 3 Months,0,1,1,4,Gen Z (18-24),100.0,43.49,Potential,1,0,0,300,Growth Potential
1420,43,Male,Handbag,Accessories,75,Montana,M,Orange,Summer,2.6,No,Free Shipping,Yes,Yes,4,Debit Card,Quarterly,0,1,1,4,Millennial-Late (35-44),100.0,27.98,At-Risk,0,0,0,300,At-Risk / Dormant
1421,22,Male,Jeans,Clothing,53,California,XL,Gray,Summer,4.6,No,Store Pickup,Yes,Yes,45,PayPal,Every 3 Months,0,1,1,4,Gen Z (18-24),100.0,51.83,Loyalists,1,0,1,212,Promo Loyalists
1422,68,Male,Dress,Clothing,100,Pennsylvania,S,Gold,Spring,3.0,No,Standard,Yes,Yes,24,Bank Transfer,Fortnightly,0,1,1,26,Boomer+ (65+),100.0,66.03,Champions,0,0,0,2600,Promo Champions
1423,44,Male,Dress,Clothing,27,Texas,L,Charcoal,Fall,3.4,No,Free Shipping,Yes,Yes,3,PayPal,Bi-Weekly,0,1,1,26,Millennial-Late (35-44),100.0,16.95,At-Risk,0,0,0,702,At-Risk / Dormant
1424,51,Male,Sandals,Footwear,60,Michigan,S,Black,Fall,3.5,No,Free Shipping,Yes,Yes,12,Venmo,Every 3 Months,0,1,1,4,Gen X (45-54),100.0,27.95,At-Risk,0,0,0,240,At-Risk / Dormant
1425,66,Male,Jacket,Outerwear,23,Connecticut,S,Indigo,Fall,3.5,No,Standard,Yes,Yes,34,Bank Transfer,Every 3 Months,0,1,1,4,Boomer+ (65+),100.0,29.72,At-Risk,0,0,0,92,At-Risk / Dormant
1426,59,Male,Coat,Outerwear,40,Wyoming,S,White,Winter,3.7,No,Next Day Air,Yes,Yes,39,Credit Card,Annually,0,1,1,1,Boomer-Early (55-64),100.0,39.77,Potential,0,0,0,40,Growth Potential
1427,60,Male,Pants,Clothing,38,Michigan,M,Yellow,Summer,4.8,No,Free Shipping,Yes,Yes,35,PayPal,Every 3 Months,0,1,1,4,Boomer-Early (55-64),100.0,37.1,Potential,1,0,0,152,Growth Potential
1428,31,Male,Backpack,Accessories,90,South Dakota,S,Orange,Summer,4.9,No,Store Pickup,Yes,Yes,8,Credit Card,Annually,0,1,1,1,Millennial-Early (25-34),100.0,36.34,Potential,1,0,0,90,Growth Potential
1429,20,Male,Blouse,Clothing,97,North Dakota,S,Green,Summer,4.9,No,Express,Yes,Yes,42,PayPal,Quarterly,0,1,1,4,Gen Z (18-24),100.0,68.63,Champions,1,0,1,388,Promo Champions
1430,24,Male,Skirt,Clothing,38,Maryland,L,Gold,Fall,4.7,No,Standard,Yes,Yes,6,Credit Card,Every 3 Months,0,1,1,4,Gen Z (18-24),100.0,13.43,At-Risk,1,0,0,152,At-Risk / Dormant
1431,48,Male,Sandals,Footwear,30,Michigan,S,Orange,Summer,4.9,No,Free Shipping,Yes,Yes,3,Credit Card,Fortnightly,0,1,1,26,Gen X (45-54),100.0,18.26,At-Risk,1,0,0,780,At-Risk / Dormant
1432,39,Male,Pants,Clothing,88,South Dakota,M,Cyan,Fall,2.9,No,Express,Yes,Yes,29,Venmo,Quarterly,0,1,1,4,Millennial-Late (35-44),100.0,54.08,Loyalists,0,0,0,352,Promo Loyalists
1433,34,Male,Hat,Accessories,33,Florida,L,Black,Winter,4.4,No,Express,Yes,Yes,32,Debit Card,Quarterly,0,1,1,4,Millennial-Early (25-34),100.0,32.46,At-Risk,1,0,0,132,At-Risk / Dormant
1434,70,Male,Hoodie,Clothing,60,Minnesota,L,Yellow,Winter,3.2,No,Next Day Air,Yes,Yes,45,Debit Card,Weekly,0,1,1,52,Boomer+ (65+),100.0,78.42,Champions,0,0,0,3120,Promo Champions
1435,59,Male,Sweater,Clothing,64,New York,L,Maroon,Summer,4.6,No,Free Shipping,Yes,Yes,21,Debit Card,Bi-Weekly,0,1,1,26,Boomer-Early (55-64),100.0,47.83,Loyalists,1,0,1,1664,Promo Loyalists
1436,45,Male,Scarf,Accessories,95,Oregon,XL,Black,Fall,4.0,No,Standard,Yes,Yes,41,Cash,Weekly,0,1,1,52,Gen X (45-54),100.0,90.47,Champions,1,0,1,4940,Promo Champions
1437,35,Male,Sneakers,Footwear,83,Minnesota,M,Gray,Winter,3.7,No,Free Shipping,Yes,Yes,23,PayPal,Fortnightly,0,1,1,26,Millennial-Late (35-44),100.0,57.78,Loyalists,0,0,0,2158,Promo Loyalists
1438,69,Male,Boots,Footwear,97,Montana,XL,Orange,Winter,4.2,No,Free Shipping,Yes,Yes,14,Cash,Annually,0,1,1,1,Boomer+ (65+),100.0,44.3,Potential,1,0,0,97,Growth Potential
1439,58,Male,Coat,Outerwear,38,Washington,M,Cyan,Spring,2.9,No,Standard,Yes,Yes,24,Debit Card,Monthly,0,1,1,12,Boomer-Early (55-64),100.0,32.04,At-Risk,0,0,0,456,At-Risk / Dormant
1440,25,Male,Boots,Footwear,48,New Mexico,M,Magenta,Summer,4.8,No,Next Day Air,Yes,Yes,25,Cash,Fortnightly,0,1,1,26,Millennial-Early (25-34),100.0,44.1,Potential,1,0,0,1248,Growth Potential
1441,27,Male,Sandals,Footwear,76,Arizona,M,Pink,Spring,4.4,No,Standard,Yes,Yes,13,Venmo,Monthly,0,1,1,12,Millennial-Early (25-34),100.0,39.69,Potential,1,0,0,912,Growth Potential
1442,34,Male,Pants,Clothing,25,Nebraska,S,Turquoise,Summer,3.4,No,Free Shipping,Yes,Yes,3,Venmo,Every 3 Months,0,1,1,4,Millennial-Early (25-34),100.0,5.29,At-Risk,0,0,0,100,At-Risk / Dormant
1443,53,Male,Hoodie,Clothing,92,Idaho,S,Violet,Spring,2.8,No,2-Day Shipping,Yes,Yes,42,Credit Card,Annually,0,1,1,1,Gen X (45-54),100.0,64.97,Champions,0,0,0,92,Promo Champions
1444,58,Male,Sandals,Footwear,47,Idaho,L,Teal,Fall,4.2,No,Next Day Air,Yes,Yes,2,Cash,Monthly,0,1,1,12,Boomer-Early (55-64),100.0,18.02,At-Risk,1,0,0,564,At-Risk / Dormant
1445,32,Male,Sweater,Clothing,36,Vermont,L,Pink,Fall,3.8,No,Express,Yes,Yes,26,Cash,Quarterly,0,1,1,4,Millennial-Early (25-34),100.0,28.88,At-Risk,0,0,0,144,At-Risk / Dormant
1446,64,Male,Belt,Accessories,51,Arkansas,M,Gold,Fall,3.1,No,2-Day Shipping,Yes,Yes,24,Credit Card,Annually,0,1,1,1,Boomer-Early (55-64),100.0,32.34,At-Risk,0,0,0,51,At-Risk / Dormant
1447,63,Male,Jeans,Clothing,35,Wyoming,XL,Red,Summer,3.2,No,Express,Yes,Yes,6,Credit Card,Quarterly,0,1,1,4,Boomer-Early (55-64),100.0,12.11,At-Risk,0,0,0,140,At-Risk / Dormant
1448,23,Male,Hoodie,Clothing,57,New Mexico,S,Beige,Summer,3.0,No,Next Day Air,Yes,Yes,25,PayPal,Monthly,0,1,1,12,Gen Z (18-24),100.0,41.17,Potential,0,0,0,684,Growth Potential
1449,64,Male,Boots,Footwear,95,West Virginia,M,Black,Summer,3.6,No,Free Shipping,Yes,Yes,11,Credit Card,Every 3 Months,0,1,1,4,Boomer-Early (55-64),100.0,42.45,Potential,0,0,0,380,Growth Potential
1450,18,Male,Socks,Clothing,41,New York,L,Lavender,Winter,2.5,No,Store Pickup,Yes,Yes,20,Cash,Every 3 Months,0,1,1,4,Gen Z (18-24),100.0,26.17,At-Risk,0,0,0,164,At-Risk / Dormant
1451,25,Male,Dress,Clothing,44,Illinois,S,Teal,Winter,3.4,No,Free Shipping,Yes,Yes,25,Cash,Quarterly,0,1,1,4,Millennial-Early (25-34),100.0,31.56,At-Risk,0,0,0,176,At-Risk / Dormant
1452,54,Male,Jacket,Outerwear,34,Utah,M,Maroon,Fall,2.5,No,Next Day Air,Yes,Yes,35,PayPal,Quarterly,0,1,1,4,Gen X (45-54),100.0,35.35,Potential,0,0,0,136,Growth Potential
1453,60,Male,Jacket,Outerwear,25,Colorado,L,Blue,Spring,4.7,No,2-Day Shipping,Yes,Yes,11,Bank Transfer,Quarterly,0,1,1,4,Boomer-Early (55-64),100.0,11.82,At-Risk,1,0,0,100,At-Risk / Dormant
1454,36,Male,Boots,Footwear,93,Virginia,S,Teal,Winter,3.2,No,2-Day Shipping,Yes,Yes,41,Bank Transfer,Fortnightly,0,1,1,26,Millennial-Late (35-44),100.0,76.85,Champions,0,0,0,2418,Promo Champions
1455,66,Male,Sneakers,Footwear,50,Georgia,L,Maroon,Winter,2.9,No,Free Shipping,Yes,Yes,17,Credit Card,Annually,0,1,1,1,Boomer+ (65+),100.0,26.19,At-Risk,0,0,0,50,At-Risk / Dormant
1456,60,Male,Pants,Clothing,79,Alabama,L,Silver,Fall,4.9,No,Express,Yes,Yes,1,PayPal,Every 3 Months,0,1,1,4,Boomer-Early (55-64),100.0,27.28,At-Risk,1,0,0,316,At-Risk / Dormant
1457,59,Male,Coat,Outerwear,100,Montana,S,Olive,Spring,2.7,No,Store Pickup,Yes,Yes,30,PayPal,Every 3 Months,0,1,1,4,Boomer-Early (55-64),100.0,60.14,Champions,0,0,0,400,Promo Champions
1458,58,Male,Shirt,Clothing,57,Pennsylvania,S,Gray,Spring,4.7,No,Express,Yes,Yes,47,Venmo,Fortnightly,0,1,1,26,Boomer-Early (55-64),100.0,65.99,Champions,1,0,1,1482,Promo Champions
1459,35,Male,Sweater,Clothing,28,Missouri,M,Peach,Spring,2.9,No,2-Day Shipping,Yes,Yes,34,Venmo,Weekly,0,1,1,52,Millennial-Late (35-44),100.0,55.44,Loyalists,0,0,0,1456,Promo Loyalists
1460,20,Male,Shoes,Footwear,35,Maine,L,Yellow,Winter,4.8,No,Express,Yes,Yes,18,Venmo,Fortnightly,0,1,1,26,Gen Z (18-24),100.0,32.69,At-Risk,1,0,0,910,At-Risk / Dormant
1461,70,Male,Boots,Footwear,85,Pennsylvania,L,Violet,Fall,4.6,No,Standard,Yes,Yes,33,Venmo,Bi-Weekly,0,1,1,26,Boomer+ (65+),100.0,66.81,Champions,1,0,1,2210,Promo Champions
1462,54,Male,Sunglasses,Accessories,95,Oregon,S,Red,Summer,5.0,No,2-Day Shipping,Yes,Yes,42,Venmo,Quarterly,0,1,1,4,Gen X (45-54),100.0,67.75,Champions,1,0,1,380,Promo Champions
1463,38,Male,Sneakers,Footwear,90,Utah,S,Charcoal,Summer,4.8,No,2-Day Shipping,Yes,Yes,2,Venmo,Quarterly,0,1,1,4,Millennial-Late (35-44),100.0,32.91,At-Risk,1,0,0,360,At-Risk / Dormant
1464,54,Male,Jewelry,Accessories,49,Oklahoma,M,Beige,Summer,4.9,No,Store Pickup,Yes,Yes,1,Bank Transfer,Monthly,0,1,1,12,Gen X (45-54),100.0,18.08,At-Risk,1,0,0,588,At-Risk / Dormant
1465,33,Male,Belt,Accessories,92,Montana,M,Peach,Winter,4.6,No,2-Day Shipping,Yes,Yes,23,Bank Transfer,Quarterly,0,1,1,4,Millennial-Early (25-34),100.0,50.93,Loyalists,1,0,1,368,Promo Loyalists
1466,46,Male,Gloves,Accessories,72,Nebraska,XL,Violet,Winter,3.9,No,Store Pickup,Yes,Yes,42,Cash,Bi-Weekly,0,1,1,26,Gen X (45-54),100.0,68.47,Champions,0,0,0,1872,Promo Champions
1467,58,Male,Shorts,Clothing,71,Alabama,M,Green,Summer,4.5,No,Store Pickup,Yes,Yes,3,PayPal,Annually,0,1,1,1,Boomer-Early (55-64),100.0,23.95,At-Risk,1,0,0,71,At-Risk / Dormant
1468,30,Male,Jewelry,Accessories,27,Ohio,XL,Olive,Winter,4.7,No,Store Pickup,Yes,Yes,16,Debit Card,Fortnightly,0,1,1,26,Millennial-Early (25-34),100.0,27.56,At-Risk,1,0,0,702,At-Risk / Dormant
1469,42,Male,Gloves,Accessories,39,Arkansas,S,Silver,Fall,3.9,No,Express,Yes,Yes,46,Cash,Fortnightly,0,1,1,26,Millennial-Late (35-44),100.0,57.3,Loyalists,0,0,0,1014,Promo Loyalists
1470,28,Male,Jewelry,Accessories,98,Mississippi,M,Purple,Winter,4.4,No,Standard,Yes,Yes,31,PayPal,Every 3 Months,0,1,1,4,Millennial-Early (25-34),100.0,60.09,Champions,1,0,1,392,Promo Champions
1471,43,Male,Sandals,Footwear,27,California,M,Silver,Spring,3.9,No,Next Day Air,Yes,Yes,15,Cash,Every 3 Months,0,1,1,4,Millennial-Late (35-44),100.0,15.96,At-Risk,0,0,0,108,At-Risk / Dormant
1472,31,Male,Jewelry,Accessories,71,Alaska,S,Gray,Spring,2.8,No,2-Day Shipping,Yes,Yes,48,Venmo,Every 3 Months,0,1,1,4,Millennial-Early (25-34),100.0,62.15,Champions,0,0,0,284,Promo Champions
1473,39,Male,Hat,Accessories,24,Indiana,L,Turquoise,Spring,3.5,No,Store Pickup,Yes,Yes,11,Cash,Weekly,0,1,1,52,Millennial-Late (35-44),100.0,34.91,Potential,0,0,0,1248,Growth Potential
1474,69,Male,Shorts,Clothing,63,Wisconsin,M,Violet,Fall,4.3,No,Express,Yes,Yes,20,Credit Card,Every 3 Months,0,1,1,4,Boomer+ (65+),100.0,35.79,Potential,1,0,0,252,Growth Potential
1475,31,Male,Sweater,Clothing,72,New Jersey,S,Pink,Fall,3.9,No,Next Day Air,Yes,Yes,6,Credit Card,Monthly,0,1,1,12,Millennial-Early (25-34),100.0,32.22,At-Risk,0,0,0,864,At-Risk / Dormant
1476,44,Male,Blouse,Clothing,61,Rhode Island,M,Teal,Spring,4.0,No,Express,Yes,Yes,24,Cash,Monthly,0,1,1,12,Millennial-Late (35-44),100.0,42.11,Potential,1,0,0,732,Growth Potential
1477,39,Male,Hat,Accessories,56,Wyoming,M,Magenta,Fall,4.1,No,Next Day Air,Yes,Yes,18,Credit Card,Monthly,0,1,1,12,Millennial-Late (35-44),100.0,35.02,Potential,1,0,0,672,Growth Potential
1478,24,Male,Belt,Accessories,32,Oregon,XL,Silver,Summer,4.3,No,Standard,Yes,Yes,1,PayPal,Every 3 Months,0,1,1,4,Gen Z (18-24),100.0,6.72,At-Risk,1,0,0,128,At-Risk / Dormant
1479,28,Male,Gloves,Accessories,23,Washington,M,Blue,Summer,4.2,No,Free Shipping,Yes,Yes,13,Venmo,Bi-Weekly,0,1,1,26,Millennial-Early (25-34),100.0,23.36,At-Risk,1,0,0,598,At-Risk / Dormant
1480,48,Male,Coat,Outerwear,100,Washington,L,Black,Spring,4.0,No,Standard,Yes,Yes,2,Bank Transfer,Weekly,0,1,1,52,Gen X (45-54),100.0,60.82,Champions,1,0,1,5200,Promo Champions
1481,39,Male,Jewelry,Accessories,74,New Hampshire,M,Gold,Fall,3.6,No,Express,Yes,Yes,26,Cash,Quarterly,0,1,1,4,Millennial-Late (35-44),100.0,45.5,Loyalists,0,0,0,296,Promo Loyalists
1482,64,Male,Skirt,Clothing,33,Maryland,S,Gray,Spring,3.3,No,Standard,Yes,Yes,31,PayPal,Quarterly,0,1,1,4,Boomer-Early (55-64),100.0,31.65,At-Risk,0,0,0,132,At-Risk / Dormant
1483,28,Male,Gloves,Accessories,67,Wisconsin,S,Magenta,Spring,4.1,No,2-Day Shipping,Yes,Yes,43,Bank Transfer,Weekly,0,1,1,52,Millennial-Early (25-34),100.0,79.85,Champions,1,0,1,3484,Promo Champions
1484,39,Male,Jewelry,Accessories,61,Massachusetts,S,Yellow,Summer,4.7,No,Next Day Air,Yes,Yes,12,Debit Card,Bi-Weekly,0,1,1,26,Millennial-Late (35-44),100.0,39.17,Potential,1,0,0,1586,Growth Potential
1485,49,Male,Shorts,Clothing,46,Nebraska,M,Teal,Summer,4.4,No,Store Pickup,Yes,Yes,22,Venmo,Every 3 Months,0,1,1,4,Gen X (45-54),100.0,29.99,At-Risk,1,0,0,184,At-Risk / Dormant
1486,22,Male,Gloves,Accessories,56,Nebraska,L,Red,Spring,3.4,No,Standard,Yes,Yes,3,Cash,Fortnightly,0,1,1,26,Gen Z (18-24),100.0,29.64,At-Risk,0,0,0,1456,At-Risk / Dormant
1487,25,Male,Sneakers,Footwear,73,Idaho,S,Yellow,Spring,5.0,No,Free Shipping,Yes,Yes,23,Venmo,Every 3 Months,0,1,1,4,Millennial-Early (25-34),100.0,42.62,Potential,1,0,0,292,Growth Potential
1488,40,Male,Skirt,Clothing,44,Arizona,L,Black,Summer,4.6,No,Store Pickup,Yes,Yes,26,PayPal,Annually,0,1,1,1,Millennial-Late (35-44),100.0,30.91,At-Risk,1,0,0,44,At-Risk / Dormant
1489,23,Male,Hat,Accessories,44,Hawaii,L,Pink,Winter,4.0,No,Standard,Yes,Yes,37,Credit Card,Weekly,0,1,1,52,Gen Z (18-24),100.0,64.89,Champions,1,0,1,2288,Promo Champions
1490,24,Male,Jewelry,Accessories,26,Missouri,XL,Magenta,Summer,4.1,No,Next Day Air,Yes,Yes,42,Venmo,Quarterly,0,1,1,4,Gen Z (18-24),100.0,37.56,Potential,1,0,0,104,Growth Potential
1491,66,Male,Sneakers,Footwear,52,Louisiana,L,Olive,Spring,4.9,No,Express,Yes,Yes,15,Venmo,Bi-Weekly,0,1,1,26,Boomer+ (65+),100.0,37.68,Potential,1,0,0,1352,Growth Potential
1492,27,Male,Shirt,Clothing,54,Arkansas,S,Black,Summer,2.7,No,Free Shipping,Yes,Yes,10,Bank Transfer,Quarterly,0,1,1,4,Millennial-Early (25-34),100.0,23.69,At-Risk,0,0,0,216,At-Risk / Dormant
1493,62,Male,Jacket,Outerwear,38,North Carolina,M,Maroon,Summer,4.5,No,Free Shipping,Yes,Yes,3,Venmo,Quarterly,0,1,1,4,Boomer-Early (55-64),100.0,10.98,At-Risk,1,0,0,152,At-Risk / Dormant
1494,70,Male,Belt,Accessories,44,North Dakota,S,Gold,Fall,2.7,No,Standard,Yes,Yes,44,Credit Card,Quarterly,0,1,1,4,Boomer+ (65+),100.0,47.07,Loyalists,0,0,0,176,Promo Loyalists
1495,43,Male,T-shirt,Clothing,76,Montana,M,Gray,Spring,3.0,No,Next Day Air,Yes,Yes,23,Bank Transfer,Fortnightly,0,1,1,26,Millennial-Late (35-44),100.0,54.71,Loyalists,0,0,0,1976,Promo Loyalists
1496,45,Male,Jewelry,Accessories,23,Rhode Island,M,Brown,Winter,4.5,No,Next Day Air,Yes,Yes,6,PayPal,Weekly,0,1,1,52,Gen X (45-54),100.0,30.39,At-Risk,1,0,0,1196,At-Risk / Dormant
1497,63,Male,T-shirt,Clothing,98,Idaho,M,Purple,Winter,5.0,No,Standard,Yes,Yes,9,Venmo,Bi-Weekly,0,1,1,26,Boomer-Early (55-64),100.0,52.91,Loyalists,1,0,1,2548,Promo Loyalists
1498,69,Male,Jacket,Outerwear,33,Michigan,S,Magenta,Spring,3.8,No,2-Day Shipping,Yes,Yes,16,Debit Card,Every 3 Months,0,1,1,4,Boomer+ (65+),100.0,19.4,At-Risk,0,0,0,132,At-Risk / Dormant
1499,59,Male,Sweater,Clothing,32,Illinois,M,Teal,Summer,3.1,No,Standard,Yes,Yes,46,Venmo,Fortnightly,0,1,1,26,Boomer-Early (55-64),100.0,54.24,Loyalists,0,0,0,832,Promo Loyalists
1500,19,Male,Boots,Footwear,85,Georgia,S,Olive,Fall,3.4,No,Free Shipping,Yes,Yes,24,Credit Card,Every 3 Months,0,1,1,4,Gen Z (18-24),100.0,48.68,Loyalists,0,0,0,340,Promo Loyalists
1501,63,Male,Jeans,Clothing,69,Alabama,L,Maroon,Summer,4.8,No,Next Day Air,Yes,Yes,22,Debit Card,Monthly,0,1,1,12,Boomer-Early (55-64),100.0,43.97,Potential,1,0,0,828,Growth Potential
1502,37,Male,Jeans,Clothing,55,Alaska,XL,Silver,Spring,2.7,No,Standard,Yes,Yes,13,Debit Card,Every 3 Months,0,1,1,4,Millennial-Late (35-44),100.0,26.58,At-Risk,0,0,0,220,At-Risk / Dormant
1503,37,Male,Pants,Clothing,66,Massachusetts,M,Black,Summer,3.2,No,Store Pickup,Yes,Yes,20,Cash,Fortnightly,0,1,1,26,Millennial-Late (35-44),100.0,47.89,Loyalists,0,0,0,1716,Promo Loyalists
1504,50,Male,Jacket,Outerwear,30,Michigan,M,Maroon,Fall,3.9,No,2-Day Shipping,Yes,Yes,46,Cash,Quarterly,0,1,1,4,Gen X (45-54),100.0,42.58,Potential,0,0,0,120,Growth Potential
1505,60,Male,Jacket,Outerwear,80,Alaska,M,Teal,Winter,4.2,No,Next Day Air,Yes,Yes,10,Bank Transfer,Monthly,0,1,1,12,Boomer-Early (55-64),100.0,38.99,Potential,1,0,0,960,Growth Potential
1506,46,Male,Belt,Accessories,20,North Dakota,M,Teal,Summer,3.0,No,Express,Yes,Yes,39,Cash,Monthly,0,1,1,12,Gen X (45-54),100.0,36.41,Potential,0,0,0,240,Growth Potential
1507,35,Male,Shirt,Clothing,30,South Carolina,L,Beige,Fall,3.0,No,2-Day Shipping,Yes,Yes,44,PayPal,Quarterly,0,1,1,4,Millennial-Late (35-44),100.0,40.95,Potential,0,0,0,120,Growth Potential
1508,66,Male,Dress,Clothing,86,Pennsylvania,S,Maroon,Winter,3.7,No,2-Day Shipping,Yes,Yes,7,Venmo,Annually,0,1,1,1,Boomer+ (65+),100.0,33.77,Potential,0,0,0,86,Growth Potential
1509,35,Male,Blouse,Clothing,84,Colorado,L,Beige,Spring,4.4,No,Store Pickup,Yes,Yes,3,Cash,Every 3 Months,0,1,1,4,Millennial-Late (35-44),100.0,31.1,At-Risk,1,0,0,336,At-Risk / Dormant
1510,20,Male,Dress,Clothing,54,New Hampshire,XL,White,Summer,4.6,No,Free Shipping,Yes,Yes,44,Debit Card,Annually,0,1,1,1,Gen Z (18-24),100.0,49.98,Loyalists,1,0,1,54,Promo Loyalists
1511,55,Male,Blouse,Clothing,30,Maryland,XL,Gray,Fall,3.0,No,Free Shipping,Yes,Yes,31,Venmo,Annually,0,1,1,1,Boomer-Early (55-64),100.0,28.86,At-Risk,0,0,0,30,At-Risk / Dormant
1512,34,Male,Dress,Clothing,91,Georgia,M,Violet,Winter,3.6,No,Express,Yes,Yes,48,Credit Card,Weekly,0,1,1,52,Millennial-Early (25-34),100.0,94.43,Champions,0,0,0,4732,Promo Champions
1513,60,Male,Sneakers,Footwear,23,Wisconsin,L,Silver,Winter,3.9,No,Standard,Yes,Yes,18,PayPal,Bi-Weekly,0,1,1,26,Boomer-Early (55-64),100.0,27.44,At-Risk,0,0,0,598,At-Risk / Dormant
1514,22,Male,Socks,Clothing,35,Texas,M,Red,Spring,4.1,No,Free Shipping,Yes,Yes,27,Cash,Monthly,0,1,1,12,Gen Z (18-24),100.0,33.18,Potential,1,0,0,420,Growth Potential
1515,26,Male,Shoes,Footwear,90,Utah,L,Brown,Winter,3.9,No,2-Day Shipping,Yes,Yes,1,Venmo,Weekly,0,1,1,52,Millennial-Early (25-34),100.0,55.62,Loyalists,0,0,0,4680,Promo Loyalists
1516,39,Male,Jeans,Clothing,93,Indiana,S,Turquoise,Fall,3.9,No,2-Day Shipping,Yes,Yes,34,Cash,Weekly,0,1,1,52,Millennial-Late (35-44),100.0,83.88,Champions,0,0,0,4836,Promo Champions
1517,20,Male,Jeans,Clothing,68,Nevada,L,Indigo,Winter,4.5,No,Express,Yes,Yes,5,Bank Transfer,Bi-Weekly,0,1,1,26,Gen Z (18-24),100.0,36.52,Potential,1,0,0,1768,Growth Potential
1518,57,Male,Gloves,Accessories,41,New Hampshire,M,Violet,Spring,3.4,No,Standard,Yes,Yes,12,Cash,Quarterly,0,1,1,4,Boomer-Early (55-64),100.0,19.64,At-Risk,0,0,0,164,At-Risk / Dormant
1519,68,Male,Belt,Accessories,73,New York,M,Yellow,Winter,4.1,No,Next Day Air,Yes,Yes,14,Venmo,Fortnightly,0,1,1,26,Boomer+ (65+),100.0,46.05,Loyalists,1,0,1,1898,Promo Loyalists
1520,50,Male,Sunglasses,Accessories,73,Texas,L,Cyan,Fall,4.9,No,Next Day Air,Yes,Yes,40,PayPal,Weekly,0,1,1,52,Gen X (45-54),100.0,80.02,Champions,1,0,1,3796,Promo Champions
1521,21,Male,Hat,Accessories,66,Iowa,M,Brown,Summer,4.4,No,2-Day Shipping,Yes,Yes,39,Cash,Quarterly,0,1,1,4,Gen Z (18-24),100.0,52.62,Loyalists,1,0,1,264,Promo Loyalists
1522,29,Male,Backpack,Accessories,59,Washington,M,White,Summer,2.7,No,2-Day Shipping,Yes,Yes,50,Bank Transfer,Weekly,0,1,1,52,Millennial-Early (25-34),100.0,82.06,Champions,0,0,0,3068,Promo Champions
1523,38,Male,Shorts,Clothing,72,Tennessee,L,Yellow,Spring,4.8,No,Free Shipping,Yes,Yes,5,Debit Card,Monthly,0,1,1,12,Millennial-Late (35-44),100.0,31.41,At-Risk,1,0,0,864,At-Risk / Dormant
1524,54,Male,Socks,Clothing,88,Georgia,M,White,Summer,3.3,No,2-Day Shipping,Yes,Yes,35,Debit Card,Annually,0,1,1,1,Gen X (45-54),100.0,57.51,Loyalists,0,0,0,88,Promo Loyalists
1525,22,Male,Socks,Clothing,76,Massachusetts,L,Pink,Summer,4.4,No,Free Shipping,Yes,Yes,6,Cash,Bi-Weekly,0,1,1,26,Gen Z (18-24),100.0,40.84,Potential,1,0,0,1976,Growth Potential
1526,29,Male,Belt,Accessories,31,Oregon,M,Indigo,Winter,4.6,No,2-Day Shipping,Yes,Yes,22,Cash,Fortnightly,0,1,1,26,Millennial-Early (25-34),100.0,34.21,Potential,1,0,0,806,Growth Potential
1527,41,Male,Jacket,Outerwear,22,Oklahoma,L,White,Summer,3.1,No,Next Day Air,Yes,Yes,27,PayPal,Monthly,0,1,1,12,Millennial-Late (35-44),100.0,27.49,At-Risk,0,0,0,264,At-Risk / Dormant
1528,26,Male,Hat,Accessories,75,Wisconsin,L,Red,Fall,4.5,No,2-Day Shipping,Yes,Yes,33,Debit Card,Fortnightly,0,1,1,26,Millennial-Early (25-34),100.0,62.44,Champions,1,0,1,1950,Promo Champions
1529,69,Male,T-shirt,Clothing,75,Oregon,S,Red,Spring,4.0,No,Store Pickup,Yes,Yes,47,Venmo,Bi-Weekly,0,1,1,26,Boomer+ (65+),100.0,73.87,Champions,1,0,1,1950,Promo Champions
1530,20,Male,Backpack,Accessories,63,Georgia,M,Lavender,Winter,3.1,No,Free Shipping,Yes,Yes,48,Credit Card,Bi-Weekly,0,1,1,26,Gen Z (18-24),100.0,69.43,Champions,0,0,0,1638,Promo Champions
1531,59,Male,Coat,Outerwear,21,New Mexico,M,Teal,Spring,3.9,No,Next Day Air,Yes,Yes,22,Bank Transfer,Quarterly,0,1,1,4,Boomer-Early (55-64),100.0,19.05,At-Risk,0,0,0,84,At-Risk / Dormant
1532,63,Male,Backpack,Accessories,83,Mississippi,S,Violet,Spring,4.5,No,Next Day Air,Yes,Yes,8,PayPal,Bi-Weekly,0,1,1,26,Boomer-Early (55-64),100.0,45.53,Loyalists,1,0,1,2158,Promo Loyalists
1533,68,Male,Jacket,Outerwear,46,Wisconsin,S,Silver,Winter,4.4,No,Next Day Air,Yes,Yes,5,PayPal,Every 3 Months,0,1,1,4,Boomer+ (65+),100.0,16.11,At-Risk,1,0,0,184,At-Risk / Dormant
1534,50,Male,Shoes,Footwear,59,New Hampshire,M,Gold,Summer,3.6,No,2-Day Shipping,Yes,Yes,16,Bank Transfer,Quarterly,0,1,1,4,Gen X (45-54),100.0,30.78,At-Risk,0,0,0,236,At-Risk / Dormant
1535,55,Male,Blouse,Clothing,66,Wyoming,M,Green,Summer,3.4,No,Free Shipping,Yes,Yes,26,Venmo,Fortnightly,0,1,1,26,Boomer-Early (55-64),100.0,52.79,Loyalists,0,0,0,1716,Promo Loyalists
1536,36,Male,Sandals,Footwear,74,West Virginia,S,Turquoise,Fall,4.0,No,2-Day Shipping,Yes,Yes,8,Venmo,Monthly,0,1,1,12,Millennial-Late (35-44),100.0,34.73,Potential,1,0,0,888,Growth Potential
1537,18,Male,Sunglasses,Accessories,82,Michigan,M,Indigo,Summer,2.6,No,Store Pickup,Yes,Yes,17,Cash,Quarterly,0,1,1,4,Gen Z (18-24),100.0,41.66,Potential,0,0,0,328,Growth Potential
1538,68,Male,Shoes,Footwear,89,Alaska,L,Black,Spring,3.2,No,Next Day Air,Yes,Yes,50,Venmo,Annually,0,1,1,1,Boomer+ (65+),100.0,70.19,Champions,0,0,0,89,Promo Champions
1539,56,Male,Dress,Clothing,65,Illinois,L,Charcoal,Fall,3.2,No,Standard,Yes,Yes,22,Venmo,Bi-Weekly,0,1,1,26,Boomer-Early (55-64),100.0,49.09,Loyalists,0,0,0,1690,Promo Loyalists
1540,32,Male,Belt,Accessories,55,Hawaii,M,Turquoise,Spring,5.0,No,2-Day Shipping,Yes,Yes,19,Cash,Every 3 Months,0,1,1,4,Millennial-Early (25-34),100.0,31.48,At-Risk,1,0,0,220,At-Risk / Dormant
1541,28,Male,Shorts,Clothing,95,Colorado,M,Red,Winter,2.9,No,Next Day Air,Yes,Yes,14,Bank Transfer,Monthly,0,1,1,12,Millennial-Early (25-34),100.0,48.82,Loyalists,0,0,0,1140,Promo Loyalists
1542,24,Male,Handbag,Accessories,77,Illinois,S,Indigo,Winter,2.9,No,Store Pickup,Yes,Yes,35,Cash,Bi-Weekly,0,1,1,26,Gen Z (18-24),100.0,64.95,Champions,0,0,0,2002,Promo Champions
1543,59,Male,Blouse,Clothing,44,Hawaii,M,Maroon,Winter,3.5,No,Next Day Air,Yes,Yes,43,PayPal,Weekly,0,1,1,52,Boomer-Early (55-64),100.0,69.79,Champions,0,0,0,2288,Promo Champions
1544,56,Male,Jeans,Clothing,89,Wisconsin,M,Indigo,Fall,4.0,No,Standard,Yes,Yes,24,Venmo,Annually,0,1,1,1,Boomer-Early (55-64),100.0,48.96,Loyalists,1,0,1,89,Promo Loyalists
1545,30,Male,Jewelry,Accessories,24,Arkansas,M,Maroon,Spring,3.9,No,Standard,Yes,Yes,17,Debit Card,Bi-Weekly,0,1,1,26,Millennial-Early (25-34),100.0,27.07,At-Risk,0,0,0,624,At-Risk / Dormant
1546,48,Male,Belt,Accessories,43,Delaware,M,Black,Winter,4.9,No,Store Pickup,Yes,Yes,49,Bank Transfer,Annually,0,1,1,1,Gen X (45-54),100.0,49.25,Loyalists,1,0,1,43,Promo Loyalists
1547,60,Male,Sneakers,Footwear,51,Oregon,XL,Purple,Summer,3.8,No,Express,Yes,Yes,17,Bank Transfer,Annually,0,1,1,1,Boomer-Early (55-64),100.0,26.62,At-Risk,0,0,0,51,At-Risk / Dormant
1548,46,Male,Hat,Accessories,46,South Carolina,L,Teal,Summer,3.5,No,Standard,Yes,Yes,40,Cash,Quarterly,0,1,1,4,Gen X (45-54),100.0,44.68,Potential,0,0,0,184,Growth Potential
1549,69,Male,Dress,Clothing,32,Maryland,M,Silver,Summer,3.7,No,Store Pickup,Yes,Yes,43,Bank Transfer,Weekly,0,1,1,52,Boomer+ (65+),100.0,64.54,Champions,0,0,0,1664,Promo Champions
1550,19,Male,Sneakers,Footwear,55,Kansas,M,Black,Spring,2.9,No,2-Day Shipping,Yes,Yes,19,Debit Card,Every 3 Months,0,1,1,4,Gen Z (18-24),100.0,31.48,At-Risk,0,0,0,220,At-Risk / Dormant
1551,66,Male,Sunglasses,Accessories,26,Arkansas,S,Black,Summer,2.8,No,Free Shipping,Yes,Yes,40,Bank Transfer,Quarterly,0,1,1,4,Boomer+ (65+),100.0,35.93,Potential,0,0,0,104,Growth Potential
1552,64,Male,Handbag,Accessories,29,Minnesota,M,Olive,Summer,3.7,No,2-Day Shipping,Yes,Yes,13,Credit Card,Monthly,0,1,1,12,Boomer-Early (55-64),100.0,19.13,At-Risk,0,0,0,348,At-Risk / Dormant
1553,54,Male,Blouse,Clothing,49,New Mexico,L,Purple,Spring,3.0,No,Express,Yes,Yes,20,Credit Card,Monthly,0,1,1,12,Gen X (45-54),100.0,33.59,Potential,0,0,0,588,Growth Potential
1554,27,Male,Blouse,Clothing,45,Delaware,M,Indigo,Spring,4.8,No,Free Shipping,Yes,Yes,21,Debit Card,Quarterly,0,1,1,4,Millennial-Early (25-34),100.0,28.73,At-Risk,1,0,0,180,At-Risk / Dormant
1555,64,Male,Shorts,Clothing,48,Utah,S,Lavender,Winter,2.7,No,Standard,Yes,Yes,18,Cash,Bi-Weekly,0,1,1,26,Boomer-Early (55-64),100.0,38.38,Potential,0,0,0,1248,Growth Potential
1556,43,Male,Shorts,Clothing,47,Ohio,S,Cyan,Winter,4.5,No,Free Shipping,Yes,Yes,44,Cash,Quarterly,0,1,1,4,Millennial-Late (35-44),100.0,48.39,Loyalists,1,0,1,188,Promo Loyalists
1557,43,Male,Hoodie,Clothing,57,Alabama,M,Gold,Fall,2.7,No,Standard,Yes,Yes,26,Credit Card,Quarterly,0,1,1,4,Millennial-Late (35-44),100.0,38.07,Potential,0,0,0,228,Growth Potential
1558,27,Male,Backpack,Accessories,34,South Dakota,L,Magenta,Fall,3.5,No,Next Day Air,Yes,Yes,34,PayPal,Quarterly,0,1,1,4,Millennial-Early (25-34),100.0,34.53,Potential,0,0,0,136,Growth Potential
1559,35,Male,Sunglasses,Accessories,75,New Mexico,XL,Teal,Fall,3.5,No,Express,Yes,Yes,24,Credit Card,Every 3 Months,0,1,1,4,Millennial-Late (35-44),100.0,44.31,Potential,0,0,0,300,Growth Potential
1560,43,Male,Scarf,Accessories,94,Oregon,L,Beige,Fall,4.5,No,Store Pickup,Yes,Yes,23,PayPal,Fortnightly,0,1,1,26,Millennial-Late (35-44),100.0,62.59,Champions,1,0,1,2444,Promo Champions
1561,57,Male,Hat,Accessories,84,Oregon,M,Teal,Winter,3.8,No,Free Shipping,Yes,Yes,3,Debit Card,Weekly,0,1,1,52,Boomer-Early (55-64),100.0,54.63,Loyalists,0,0,0,4368,Promo Loyalists
1562,50,Male,Scarf,Accessories,38,Mississippi,M,Indigo,Summer,3.8,No,Standard,Yes,Yes,2,Bank Transfer,Quarterly,0,1,1,4,Gen X (45-54),100.0,10.16,At-Risk,0,0,0,152,At-Risk / Dormant
1563,37,Male,Scarf,Accessories,75,Alabama,M,Purple,Winter,3.2,No,Next Day Air,Yes,Yes,23,Venmo,Bi-Weekly,0,1,1,26,Millennial-Late (35-44),100.0,54.28,Loyalists,0,0,0,1950,Promo Loyalists
1564,68,Male,Pants,Clothing,44,Kansas,M,Teal,Fall,4.3,No,Next Day Air,Yes,Yes,8,Cash,Weekly,0,1,1,52,Boomer+ (65+),100.0,41.21,Potential,1,0,0,2288,Growth Potential
1565,22,Male,Backpack,Accessories,33,California,XL,Turquoise,Summer,4.5,No,Next Day Air,Yes,Yes,30,Debit Card,Every 3 Months,0,1,1,4,Gen Z (18-24),100.0,30.83,At-Risk,1,0,0,132,At-Risk / Dormant
1566,58,Male,Sunglasses,Accessories,93,Idaho,L,Peach,Fall,4.2,No,Free Shipping,Yes,Yes,48,PayPal,Annually,0,1,1,1,Boomer-Early (55-64),100.0,70.3,Champions,1,0,1,93,Promo Champions
1567,48,Male,Sneakers,Footwear,99,Wyoming,S,Green,Winter,3.0,No,Free Shipping,Yes,Yes,21,Cash,Bi-Weekly,0,1,1,26,Gen X (45-54),100.0,63.14,Champions,0,0,0,2574,Promo Champions
1568,30,Male,Backpack,Accessories,33,Minnesota,M,Turquoise,Spring,4.1,No,Standard,Yes,Yes,9,Cash,Monthly,0,1,1,12,Millennial-Early (25-34),100.0,17.61,At-Risk,1,0,0,396,At-Risk / Dormant
1569,51,Male,Sneakers,Footwear,76,Washington,L,Yellow,Spring,4.6,No,Store Pickup,Yes,Yes,8,Debit Card,Monthly,0,1,1,12,Gen X (45-54),100.0,35.61,Potential,1,0,0,912,Growth Potential
1570,20,Male,Skirt,Clothing,63,Hawaii,M,Orange,Summer,2.9,No,Standard,Yes,Yes,29,Debit Card,Weekly,0,1,1,52,Gen Z (18-24),100.0,66.67,Champions,0,0,0,3276,Promo Champions
1571,30,Male,Pants,Clothing,41,Missouri,L,Brown,Winter,4.8,No,Next Day Air,Yes,Yes,3,Bank Transfer,Every 3 Months,0,1,1,4,Millennial-Early (25-34),100.0,12.29,At-Risk,1,0,0,164,At-Risk / Dormant
1572,28,Male,Jewelry,Accessories,88,Colorado,L,Silver,Winter,4.5,No,Next Day Air,Yes,Yes,11,Bank Transfer,Fortnightly,0,1,1,26,Millennial-Early (25-34),100.0,50.17,Loyalists,1,0,1,2288,Promo Loyalists
1573,37,Male,Skirt,Clothing,92,Washington,L,White,Summer,3.4,No,2-Day Shipping,Yes,Yes,16,Debit Card,Monthly,0,1,1,12,Millennial-Late (35-44),100.0,49.14,Loyalists,0,0,0,1104,Promo Loyalists
1574,36,Male,T-shirt,Clothing,31,North Dakota,L,Indigo,Summer,4.3,No,2-Day Shipping,Yes,Yes,25,Debit Card,Weekly,0,1,1,52,Millennial-Late (35-44),100.0,49.4,Loyalists,1,0,1,1612,Promo Loyalists
1575,18,Male,Skirt,Clothing,25,Minnesota,S,Magenta,Spring,4.2,No,Free Shipping,Yes,Yes,32,PayPal,Bi-Weekly,0,1,1,26,Gen Z (18-24),100.0,39.75,Potential,1,0,0,650,Growth Potential
1576,52,Male,Shirt,Clothing,28,California,M,Turquoise,Spring,3.6,No,Next Day Air,Yes,Yes,28,Cash,Fortnightly,0,1,1,26,Gen X (45-54),100.0,37.8,Potential,0,0,0,728,Growth Potential
1577,56,Male,Dress,Clothing,75,Michigan,M,White,Spring,3.7,No,2-Day Shipping,Yes,Yes,36,PayPal,Monthly,0,1,1,12,Boomer-Early (55-64),100.0,58.03,Champions,0,0,0,900,Promo Champions
1578,68,Male,Boots,Footwear,34,Delaware,S,Olive,Spring,4.0,No,Standard,Yes,Yes,7,Venmo,Fortnightly,0,1,1,26,Boomer+ (65+),100.0,23.28,At-Risk,1,0,0,884,At-Risk / Dormant
1579,62,Male,Pants,Clothing,97,California,S,Maroon,Winter,4.9,No,2-Day Shipping,Yes,Yes,2,PayPal,Quarterly,0,1,1,4,Boomer-Early (55-64),100.0,35.97,Potential,1,0,0,388,Growth Potential
1580,35,Male,Jacket,Outerwear,80,Oklahoma,M,Violet,Summer,3.1,No,Free Shipping,Yes,Yes,6,Bank Transfer,Monthly,0,1,1,12,Millennial-Late (35-44),100.0,35.72,Potential,0,0,0,960,Growth Potential
1581,65,Male,Sneakers,Footwear,71,North Dakota,L,Cyan,Summer,3.7,No,Standard,Yes,Yes,30,Cash,Annually,0,1,1,1,Boomer+ (65+),100.0,45.99,Loyalists,0,0,0,71,Promo Loyalists
1582,69,Male,Jewelry,Accessories,77,Ohio,L,Teal,Fall,4.2,No,Free Shipping,Yes,Yes,46,Cash,Quarterly,0,1,1,4,Boomer+ (65+),100.0,63.14,Champions,1,0,1,308,Promo Champions
1583,28,Male,Belt,Accessories,41,Hawaii,L,Red,Spring,2.5,No,Next Day Air,Yes,Yes,39,Cash,Monthly,0,1,1,12,Millennial-Early (25-34),100.0,45.6,Loyalists,0,0,0,492,Promo Loyalists
1584,37,Male,Scarf,Accessories,92,Maryland,XL,Yellow,Summer,4.3,No,Next Day Air,Yes,Yes,8,Venmo,Annually,0,1,1,1,Millennial-Late (35-44),100.0,37.21,Potential,1,0,0,92,Growth Potential
1585,41,Male,Blouse,Clothing,95,Hawaii,S,Silver,Spring,3.1,No,Store Pickup,Yes,Yes,46,Credit Card,Quarterly,0,1,1,4,Millennial-Late (35-44),100.0,71.02,Champions,0,0,0,380,Promo Champions
1586,37,Male,Sweater,Clothing,25,Alabama,M,Charcoal,Fall,3.0,No,Next Day Air,Yes,Yes,40,Debit Card,Fortnightly,0,1,1,26,Millennial-Late (35-44),100.0,46.28,Loyalists,0,0,0,650,Promo Loyalists
1587,25,Male,Boots,Footwear,77,Oklahoma,M,Purple,Fall,4.0,No,Express,Yes,Yes,21,Bank Transfer,Weekly,0,1,1,52,Millennial-Early (25-34),100.0,66.26,Champions,1,0,1,4004,Promo Champions
1588,41,Male,Socks,Clothing,99,Alabama,M,Beige,Summer,3.5,No,Free Shipping,Yes,Yes,33,Credit Card,Fortnightly,0,1,1,26,Millennial-Late (35-44),100.0,72.94,Champions,0,0,0,2574,Promo Champions
1589,48,Male,Belt,Accessories,24,Vermont,L,Cyan,Winter,3.2,No,Next Day Air,Yes,Yes,3,Venmo,Monthly,0,1,1,12,Gen X (45-54),100.0,8.77,At-Risk,0,0,0,288,At-Risk / Dormant
1590,42,Male,Sneakers,Footwear,72,Ohio,M,Silver,Summer,2.7,No,Store Pickup,Yes,Yes,48,Cash,Weekly,0,1,1,52,Millennial-Late (35-44),100.0,86.12,Champions,0,0,0,3744,Promo Champions
1591,54,Male,Jeans,Clothing,80,Wisconsin,S,Pink,Winter,3.0,No,Free Shipping,Yes,Yes,8,PayPal,Annually,0,1,1,1,Gen X (45-54),100.0,31.96,At-Risk,0,0,0,80,At-Risk / Dormant
1592,18,Male,Skirt,Clothing,100,South Dakota,L,Gold,Winter,2.9,No,Next Day Air,Yes,Yes,24,PayPal,Annually,0,1,1,1,Gen Z (18-24),100.0,53.78,Loyalists,0,0,0,100,Promo Loyalists
1593,56,Male,Shoes,Footwear,83,Iowa,M,Cyan,Summer,3.3,No,Free Shipping,Yes,Yes,10,Bank Transfer,Every 3 Months,0,1,1,4,Boomer-Early (55-64),100.0,36.38,Potential,0,0,0,332,Growth Potential
1594,61,Male,Dress,Clothing,95,Maryland,M,Black,Spring,4.9,No,2-Day Shipping,Yes,Yes,25,Bank Transfer,Monthly,0,1,1,12,Boomer-Early (55-64),100.0,57.8,Champions,1,0,1,1140,Promo Champions
1595,40,Male,Handbag,Accessories,41,Colorado,XL,Charcoal,Summer,3.7,No,Store Pickup,Yes,Yes,3,Cash,Fortnightly,0,1,1,26,Millennial-Late (35-44),100.0,23.08,At-Risk,0,0,0,1066,At-Risk / Dormant
1596,34,Male,Backpack,Accessories,35,Wisconsin,S,Magenta,Spring,3.5,No,Standard,Yes,Yes,45,Debit Card,Fortnightly,0,1,1,26,Millennial-Early (25-34),100.0,54.74,Loyalists,0,0,0,910,Promo Loyalists
1597,42,Male,Jewelry,Accessories,30,Mississippi,S,Pink,Fall,4.7,No,Store Pickup,Yes,Yes,15,Debit Card,Monthly,0,1,1,12,Millennial-Late (35-44),100.0,21.2,At-Risk,1,0,0,360,At-Risk / Dormant
1598,43,Male,Hat,Accessories,21,Mississippi,XL,Maroon,Winter,2.6,No,Store Pickup,Yes,Yes,34,Bank Transfer,Quarterly,0,1,1,4,Millennial-Late (35-44),100.0,28.85,At-Risk,0,0,0,84,At-Risk / Dormant
1599,47,Male,Jewelry,Accessories,85,California,M,Teal,Fall,4.1,No,Express,Yes,Yes,21,Venmo,Bi-Weekly,0,1,1,26,Gen X (45-54),100.0,57.02,Loyalists,1,0,1,2210,Promo Loyalists
1600,48,Male,Shirt,Clothing,54,Delaware,M,Orange,Winter,2.8,No,2-Day Shipping,Yes,Yes,22,Debit Card,Bi-Weekly,0,1,1,26,Gen X (45-54),100.0,44.27,Potential,0,0,0,1404,Growth Potential
1601,20,Male,Boots,Footwear,26,Montana,S,Yellow,Spring,4.7,No,Next Day Air,Yes,Yes,24,PayPal,Weekly,0,1,1,52,Gen Z (18-24),100.0,46.4,Loyalists,1,0,1,1352,Promo Loyalists
1602,65,Male,Shirt,Clothing,59,Indiana,XL,Red,Spring,2.9,No,Store Pickup,Yes,Yes,33,Credit Card,Monthly,0,1,1,12,Boomer+ (65+),100.0,48.58,Loyalists,0,0,0,708,Promo Loyalists
1603,54,Male,Sunglasses,Accessories,48,West Virginia,S,Charcoal,Winter,2.8,No,Free Shipping,Yes,Yes,13,Venmo,Fortnightly,0,1,1,26,Gen X (45-54),100.0,34.3,Potential,0,0,0,1248,Growth Potential
1604,23,Male,Shorts,Clothing,98,Iowa,L,Black,Summer,4.3,No,Next Day Air,Yes,Yes,17,Debit Card,Bi-Weekly,0,1,1,26,Gen Z (18-24),100.0,59.44,Champions,1,0,1,2548,Promo Champions
1605,18,Male,Sweater,Clothing,92,Maine,M,White,Summer,4.8,No,2-Day Shipping,Yes,Yes,25,Credit Card,Every 3 Months,0,1,1,4,Gen Z (18-24),100.0,52.56,Loyalists,1,0,1,368,Promo Loyalists
1606,70,Male,Belt,Accessories,46,Connecticut,M,Lavender,Winter,3.4,No,Next Day Air,Yes,Yes,15,Credit Card,Bi-Weekly,0,1,1,26,Boomer+ (65+),100.0,35.06,Potential,0,0,0,1196,Growth Potential
1607,55,Male,T-shirt,Clothing,21,Kansas,S,White,Spring,4.3,No,Standard,Yes,Yes,4,PayPal,Fortnightly,0,1,1,26,Boomer-Early (55-64),100.0,15.14,At-Risk,1,0,0,546,At-Risk / Dormant
1608,49,Male,Shorts,Clothing,72,Vermont,S,Gray,Fall,2.7,No,Free Shipping,Yes,Yes,43,Debit Card,Quarterly,0,1,1,4,Gen X (45-54),100.0,58.51,Champions,0,0,0,288,Promo Champions
1609,26,Male,Sandals,Footwear,58,Nebraska,XL,Cyan,Fall,4.6,No,Next Day Air,Yes,Yes,12,Bank Transfer,Bi-Weekly,0,1,1,26,Millennial-Early (25-34),100.0,37.86,Potential,1,0,0,1508,Growth Potential
1610,33,Male,Shirt,Clothing,93,Nevada,S,Brown,Fall,4.1,No,Standard,Yes,Yes,3,Venmo,Monthly,0,1,1,12,Millennial-Early (25-34),100.0,38.96,Potential,1,0,0,1116,Growth Potential
1611,20,Male,Socks,Clothing,31,Tennessee,L,Purple,Spring,3.4,No,2-Day Shipping,Yes,Yes,1,PayPal,Annually,0,1,1,1,Gen Z (18-24),100.0,4.81,At-Risk,0,0,0,31,At-Risk / Dormant
1612,41,Male,Pants,Clothing,26,Arkansas,L,Yellow,Winter,4.5,No,Next Day Air,Yes,Yes,6,Debit Card,Monthly,0,1,1,12,Millennial-Late (35-44),100.0,12.1,At-Risk,1,0,0,312,At-Risk / Dormant
1613,18,Male,Skirt,Clothing,68,Wisconsin,M,Indigo,Summer,4.4,No,Standard,Yes,Yes,26,Venmo,Monthly,0,1,1,12,Gen Z (18-24),100.0,46.8,Loyalists,1,0,1,816,Promo Loyalists
1614,26,Male,Jewelry,Accessories,31,Illinois,S,Black,Summer,4.0,No,Next Day Air,Yes,Yes,6,Credit Card,Fortnightly,0,1,1,26,Millennial-Early (25-34),100.0,21.15,At-Risk,1,0,0,806,At-Risk / Dormant
1615,30,Male,T-shirt,Clothing,41,Kansas,S,Gray,Summer,3.4,No,Free Shipping,Yes,Yes,22,Cash,Bi-Weekly,0,1,1,26,Millennial-Early (25-34),100.0,38.59,Potential,0,0,0,1066,Growth Potential
1616,64,Male,Jewelry,Accessories,62,New York,M,Indigo,Fall,3.2,No,Standard,Yes,Yes,45,Cash,Bi-Weekly,0,1,1,26,Boomer-Early (55-64),100.0,66.55,Champions,0,0,0,1612,Promo Champions
1617,26,Male,Hat,Accessories,41,Colorado,M,Green,Spring,3.4,No,Standard,Yes,Yes,50,Cash,Quarterly,0,1,1,4,Millennial-Early (25-34),100.0,50.66,Loyalists,0,0,0,164,Promo Loyalists
1618,43,Male,Blouse,Clothing,64,Wisconsin,M,Peach,Winter,4.3,No,Standard,Yes,Yes,50,Credit Card,Fortnightly,0,1,1,26,Millennial-Late (35-44),100.0,71.5,Champions,1,0,1,1664,Promo Champions
1619,63,Male,Sandals,Footwear,72,Michigan,L,Purple,Summer,5.0,No,Standard,Yes,Yes,39,Debit Card,Quarterly,0,1,1,4,Boomer-Early (55-64),100.0,55.24,Loyalists,1,0,1,288,Promo Loyalists
1620,57,Male,Handbag,Accessories,78,Hawaii,L,Beige,Winter,3.5,No,Store Pickup,Yes,Yes,50,Venmo,Bi-Weekly,0,1,1,26,Boomer-Early (55-64),100.0,77.63,Champions,0,0,0,2028,Promo Champions
1621,25,Male,Hat,Accessories,47,Virginia,M,Charcoal,Winter,3.1,No,2-Day Shipping,Yes,Yes,27,PayPal,Every 3 Months,0,1,1,4,Millennial-Early (25-34),100.0,34.51,Potential,0,0,0,188,Growth Potential
1622,68,Male,Scarf,Accessories,46,Ohio,L,Gray,Summer,3.9,No,2-Day Shipping,Yes,Yes,38,Debit Card,Fortnightly,0,1,1,26,Boomer+ (65+),100.0,53.83,Loyalists,0,0,0,1196,Promo Loyalists
1623,31,Male,Shorts,Clothing,43,Missouri,S,Brown,Winter,4.0,No,Store Pickup,Yes,Yes,37,Bank Transfer,Every 3 Months,0,1,1,4,Millennial-Early (25-34),100.0,40.92,Potential,1,0,0,172,Growth Potential
1624,64,Male,Backpack,Accessories,58,Indiana,M,Cyan,Summer,3.5,No,Next Day Air,Yes,Yes,50,Debit Card,Annually,0,1,1,1,Boomer-Early (55-64),100.0,56.62,Loyalists,0,0,0,58,Promo Loyalists
1625,38,Male,Sweater,Clothing,32,Florida,M,White,Winter,3.6,No,Free Shipping,Yes,Yes,40,PayPal,Every 3 Months,0,1,1,4,Millennial-Late (35-44),100.0,38.56,Potential,0,0,0,128,Growth Potential
1626,34,Male,Skirt,Clothing,45,Minnesota,L,Beige,Winter,3.0,No,Next Day Air,Yes,Yes,3,PayPal,Bi-Weekly,0,1,1,26,Millennial-Early (25-34),100.0,24.83,At-Risk,0,0,0,1170,At-Risk / Dormant
1627,32,Male,Sneakers,Footwear,35,Nevada,L,Orange,Summer,2.6,No,Next Day Air,Yes,Yes,45,Credit Card,Bi-Weekly,0,1,1,26,Millennial-Early (25-34),100.0,54.74,Loyalists,0,0,0,910,Promo Loyalists
1628,69,Male,Sunglasses,Accessories,21,Maine,M,Olive,Winter,2.9,No,Next Day Air,Yes,Yes,8,Credit Card,Annually,0,1,1,1,Boomer+ (65+),100.0,6.15,At-Risk,0,0,0,21,At-Risk / Dormant
1629,45,Male,Dress,Clothing,64,Massachusetts,S,Teal,Winter,3.1,No,Next Day Air,Yes,Yes,7,Cash,Monthly,0,1,1,12,Gen X (45-54),100.0,29.54,At-Risk,0,0,0,768,At-Risk / Dormant
1630,35,Male,Blouse,Clothing,88,North Dakota,S,Silver,Spring,3.3,No,Next Day Air,Yes,Yes,13,Venmo,Quarterly,0,1,1,4,Millennial-Late (35-44),100.0,41.02,Potential,0,0,0,352,Growth Potential
1631,63,Male,Shoes,Footwear,48,New Jersey,M,Gold,Summer,2.9,No,Store Pickup,Yes,Yes,29,Venmo,Every 3 Months,0,1,1,4,Boomer-Early (55-64),100.0,36.58,Potential,0,0,0,192,Growth Potential
1632,65,Male,Sweater,Clothing,36,Indiana,L,Violet,Summer,3.9,No,2-Day Shipping,Yes,Yes,7,Bank Transfer,Fortnightly,0,1,1,26,Boomer+ (65+),100.0,24.15,At-Risk,0,0,0,936,At-Risk / Dormant
1633,35,Male,Gloves,Accessories,28,Oregon,S,White,Summer,4.7,No,2-Day Shipping,Yes,Yes,50,Debit Card,Every 3 Months,0,1,1,4,Millennial-Late (35-44),100.0,44.97,Loyalists,1,0,1,112,Promo Loyalists
1634,54,Male,Socks,Clothing,80,North Dakota,M,Peach,Spring,4.4,No,2-Day Shipping,Yes,Yes,33,Debit Card,Bi-Weekly,0,1,1,26,Gen X (45-54),100.0,64.63,Champions,1,0,1,2080,Promo Champions
1635,28,Male,Coat,Outerwear,23,South Carolina,S,Orange,Summer,3.6,No,Store Pickup,Yes,Yes,30,Cash,Every 3 Months,0,1,1,4,Millennial-Early (25-34),100.0,26.46,At-Risk,0,0,0,92,At-Risk / Dormant
1636,68,Male,Sunglasses,Accessories,24,North Carolina,L,Violet,Summer,3.2,No,Standard,Yes,Yes,40,Cash,Annually,0,1,1,1,Boomer+ (65+),100.0,33.59,Potential,0,0,0,24,Growth Potential
1637,58,Male,Boots,Footwear,22,North Dakota,L,Green,Fall,4.0,No,Free Shipping,Yes,Yes,49,Cash,Fortnightly,0,1,1,26,Boomer-Early (55-64),100.0,52.31,Loyalists,1,0,1,572,Promo Loyalists
1638,35,Male,Dress,Clothing,21,Massachusetts,M,Peach,Spring,3.5,No,Next Day Air,Yes,Yes,32,Venmo,Fortnightly,0,1,1,26,Millennial-Late (35-44),100.0,38.0,Potential,0,0,0,546,Growth Potential
1639,68,Male,Jacket,Outerwear,51,Tennessee,M,Black,Spring,4.6,No,Free Shipping,Yes,Yes,18,Venmo,Weekly,0,1,1,52,Boomer+ (65+),100.0,52.44,Loyalists,1,0,1,2652,Promo Loyalists
1640,41,Male,Gloves,Accessories,65,Missouri,L,Blue,Summer,3.3,No,Free Shipping,Yes,Yes,50,PayPal,Annually,0,1,1,1,Millennial-Late (35-44),100.0,59.69,Champions,0,0,0,65,Promo Champions
1641,65,Male,Scarf,Accessories,51,Tennessee,S,Magenta,Spring,4.0,No,2-Day Shipping,Yes,Yes,13,PayPal,Weekly,0,1,1,52,Boomer+ (65+),100.0,48.36,Loyalists,1,0,1,2652,Promo Loyalists
1642,50,Male,Hoodie,Clothing,32,Colorado,L,Violet,Summer,3.4,No,Free Shipping,Yes,Yes,1,Bank Transfer,Every 3 Months,0,1,1,4,Gen X (45-54),100.0,6.72,At-Risk,0,0,0,128,At-Risk / Dormant
1643,18,Male,Coat,Outerwear,70,Mississippi,M,Beige,Spring,4.2,No,Store Pickup,Yes,Yes,16,PayPal,Fortnightly,0,1,1,26,Gen Z (18-24),100.0,46.37,Loyalists,1,0,1,1820,Promo Loyalists
1644,38,Male,Scarf,Accessories,77,Ohio,L,Pink,Summer,3.9,No,2-Day Shipping,Yes,Yes,6,PayPal,Monthly,0,1,1,12,Millennial-Late (35-44),100.0,34.41,Potential,0,0,0,924,Growth Potential
1645,68,Male,Coat,Outerwear,90,North Carolina,S,Beige,Summer,3.9,No,Next Day Air,Yes,Yes,21,Debit Card,Monthly,0,1,1,12,Boomer+ (65+),100.0,52.34,Loyalists,0,0,0,1080,Promo Loyalists
1646,53,Male,Scarf,Accessories,36,Ohio,L,Green,Summer,2.8,No,Standard,Yes,Yes,36,Venmo,Every 3 Months,0,1,1,4,Gen X (45-54),100.0,37.04,Potential,0,0,0,144,Growth Potential
1647,58,Male,Handbag,Accessories,77,Nebraska,S,Silver,Summer,3.7,No,Standard,Yes,Yes,20,Bank Transfer,Every 3 Months,0,1,1,4,Boomer-Early (55-64),100.0,41.92,Potential,0,0,0,308,Growth Potential
1648,34,Male,Boots,Footwear,78,Hawaii,M,Purple,Summer,4.9,No,Store Pickup,Yes,Yes,8,Debit Card,Quarterly,0,1,1,4,Millennial-Early (25-34),100.0,32.56,At-Risk,1,0,0,312,At-Risk / Dormant
1649,36,Male,Pants,Clothing,69,Oklahoma,M,Gray,Summer,2.6,No,Express,Yes,Yes,22,Credit Card,Monthly,0,1,1,12,Millennial-Late (35-44),100.0,43.97,Potential,0,0,0,828,Growth Potential
1650,58,Male,T-shirt,Clothing,63,Wisconsin,M,White,Summer,4.9,No,Free Shipping,Yes,Yes,3,Credit Card,Quarterly,0,1,1,4,Boomer-Early (55-64),100.0,21.92,At-Risk,1,0,0,252,At-Risk / Dormant
1651,60,Male,Scarf,Accessories,36,Arkansas,M,Silver,Winter,3.4,No,Next Day Air,Yes,Yes,46,Credit Card,Fortnightly,0,1,1,26,Boomer-Early (55-64),100.0,55.99,Loyalists,0,0,0,936,Promo Loyalists
1652,59,Male,Coat,Outerwear,80,Texas,M,Blue,Winter,3.9,No,Standard,Yes,Yes,42,Debit Card,Monthly,0,1,1,12,Boomer-Early (55-64),100.0,65.11,Champions,0,0,0,960,Promo Champions
1653,65,Male,Sweater,Clothing,35,New Mexico,M,Orange,Summer,4.0,No,Next Day Air,Yes,Yes,1,Bank Transfer,Fortnightly,0,1,1,26,Boomer+ (65+),100.0,18.82,At-Risk,1,0,0,910,At-Risk / Dormant
1654,31,Male,Belt,Accessories,93,Colorado,L,Silver,Winter,3.0,No,2-Day Shipping,Yes,Yes,29,Debit Card,Bi-Weekly,0,1,1,26,Millennial-Early (25-34),100.0,67.05,Champions,0,0,0,2418,Promo Champions
1655,43,Male,Belt,Accessories,25,Indiana,L,Gray,Spring,2.6,No,Store Pickup,Yes,Yes,14,Credit Card,Quarterly,0,1,1,4,Millennial-Late (35-44),100.0,14.27,At-Risk,0,0,0,100,At-Risk / Dormant
1656,37,Male,Sweater,Clothing,81,Arizona,L,Gold,Spring,3.2,No,Next Day Air,Yes,Yes,4,PayPal,Monthly,0,1,1,12,Millennial-Late (35-44),100.0,34.53,Potential,0,0,0,972,Growth Potential
1657,21,Male,Blouse,Clothing,42,Indiana,L,Brown,Spring,2.6,No,2-Day Shipping,Yes,Yes,41,PayPal,Every 3 Months,0,1,1,4,Gen Z (18-24),100.0,43.75,Potential,0,0,0,168,Growth Potential
1658,69,Male,Skirt,Clothing,36,Indiana,L,Turquoise,Spring,3.2,No,Store Pickup,Yes,Yes,4,Debit Card,Bi-Weekly,0,1,1,26,Boomer+ (65+),100.0,21.7,At-Risk,0,0,0,936,At-Risk / Dormant
1659,32,Male,Jewelry,Accessories,66,Alaska,S,Pink,Spring,4.1,No,Store Pickup,Yes,Yes,47,Cash,Weekly,0,1,1,52,Millennial-Early (25-34),100.0,82.68,Champions,1,0,1,3432,Promo Champions
1660,53,Male,Gloves,Accessories,37,Utah,M,Black,Fall,3.9,No,Next Day Air,Yes,Yes,44,Venmo,Annually,0,1,1,1,Gen X (45-54),100.0,42.54,Potential,0,0,0,37,Growth Potential
1661,59,Male,T-shirt,Clothing,45,Louisiana,L,Yellow,Winter,4.1,No,Standard,Yes,Yes,37,Venmo,Monthly,0,1,1,12,Boomer-Early (55-64),100.0,45.72,Loyalists,1,0,1,540,Promo Loyalists
1662,64,Male,Gloves,Accessories,86,Iowa,S,Beige,Summer,2.7,No,2-Day Shipping,Yes,Yes,21,Debit Card,Quarterly,0,1,1,4,Boomer-Early (55-64),100.0,46.67,Loyalists,0,0,0,344,Promo Loyalists
1663,63,Male,Sunglasses,Accessories,24,New Mexico,M,Olive,Winter,4.6,No,Free Shipping,Yes,Yes,46,Debit Card,Fortnightly,0,1,1,26,Boomer-Early (55-64),100.0,50.74,Loyalists,1,0,1,624,Promo Loyalists
1664,43,Male,Shirt,Clothing,22,Maine,XL,Gold,Summer,3.5,No,Standard,Yes,Yes,1,Cash,Bi-Weekly,0,1,1,26,Millennial-Late (35-44),100.0,13.13,At-Risk,0,0,0,572,At-Risk / Dormant
1665,19,Male,Handbag,Accessories,53,Minnesota,M,Purple,Spring,5.0,No,Next Day Air,Yes,Yes,35,PayPal,Weekly,0,1,1,52,Gen Z (18-24),100.0,67.19,Champions,1,0,1,2756,Promo Champions
1666,40,Male,Jacket,Outerwear,41,New Mexico,L,Pink,Fall,3.4,No,Next Day Air,Yes,Yes,49,Venmo,Monthly,0,1,1,12,Millennial-Late (35-44),100.0,53.76,Loyalists,0,0,0,492,Promo Loyalists
1667,51,Male,Skirt,Clothing,64,Arkansas,M,Blue,Summer,3.1,No,Store Pickup,Yes,Yes,47,PayPal,Annually,0,1,1,1,Gen X (45-54),100.0,56.8,Loyalists,0,0,0,64,Promo Loyalists
1668,51,Male,Handbag,Accessories,40,Oklahoma,L,Brown,Winter,3.4,No,2-Day Shipping,Yes,Yes,24,Bank Transfer,Every 3 Months,0,1,1,4,Gen X (45-54),100.0,29.0,At-Risk,0,0,0,160,At-Risk / Dormant
1669,66,Male,Blouse,Clothing,33,Utah,L,Charcoal,Summer,4.0,No,Standard,Yes,Yes,28,Debit Card,Fortnightly,0,1,1,26,Boomer+ (65+),100.0,39.98,Potential,1,0,0,858,Growth Potential
1670,42,Male,T-shirt,Clothing,59,Wisconsin,L,Maroon,Winter,2.7,No,Store Pickup,Yes,Yes,22,Bank Transfer,Quarterly,0,1,1,4,Millennial-Late (35-44),100.0,35.68,Potential,0,0,0,236,Growth Potential
1671,22,Male,Pants,Clothing,73,Utah,L,Cyan,Fall,3.6,No,Free Shipping,Yes,Yes,20,Cash,Weekly,0,1,1,52,Gen Z (18-24),100.0,63.7,Champions,0,0,0,3796,Promo Champions
1672,31,Male,Hoodie,Clothing,22,Utah,M,Olive,Winter,4.0,No,Free Shipping,Yes,Yes,25,Bank Transfer,Weekly,0,1,1,52,Millennial-Early (25-34),100.0,45.47,Loyalists,1,0,1,1144,Promo Loyalists
1673,18,Male,Boots,Footwear,73,South Carolina,L,Gold,Fall,3.8,No,Free Shipping,Yes,Yes,15,Venmo,Quarterly,0,1,1,4,Gen Z (18-24),100.0,36.09,Potential,0,0,0,292,Growth Potential
1674,21,Male,Blouse,Clothing,62,Hawaii,M,Violet,Fall,3.4,No,Next Day Air,Yes,Yes,49,Venmo,Bi-Weekly,0,1,1,26,Gen Z (18-24),100.0,69.81,Champions,0,0,0,1612,Promo Champions
1675,35,Male,Coat,Outerwear,56,Alaska,M,Peach,Winter,3.2,No,Free Shipping,Yes,Yes,10,Debit Card,Fortnightly,0,1,1,26,Millennial-Late (35-44),100.0,35.35,Potential,0,0,0,1456,Growth Potential
1676,35,Male,Pants,Clothing,90,Colorado,M,Beige,Spring,4.7,No,Next Day Air,Yes,Yes,21,Credit Card,Annually,0,1,1,1,Millennial-Late (35-44),100.0,46.95,Loyalists,1,0,1,90,Promo Loyalists
1677,27,Male,Sunglasses,Accessories,44,West Virginia,M,Cyan,Winter,3.1,No,Next Day Air,Yes,Yes,34,Bank Transfer,Weekly,0,1,1,52,Millennial-Early (25-34),100.0,62.44,Champions,0,0,0,2288,Promo Champions
1678,65,Male,Jeans,Clothing,35,Oregon,L,Silver,Summer,3.3,No,Next Day Air,No,No,41,Debit Card,Weekly,0,0,0,52,Boomer+ (65+),0.0,64.22,Champions,0,1,0,1820,Organic Champions
1679,41,Male,Pants,Clothing,71,Ohio,S,Magenta,Summer,4.8,No,2-Day Shipping,No,No,30,Venmo,Fortnightly,0,0,0,26,Millennial-Late (35-44),0.0,58.24,Champions,1,1,1,1846,Organic Champions
1680,60,Male,Dress,Clothing,52,Massachusetts,S,Black,Fall,4.5,No,Next Day Air,No,No,24,Debit Card,Bi-Weekly,0,0,0,26,Boomer-Early (55-64),0.0,45.03,Loyalists,1,0,1,1352,Stable Loyalists
1681,61,Male,Shoes,Footwear,37,Louisiana,M,Olive,Summer,3.4,No,Store Pickup,No,No,6,Credit Card,Annually,0,0,0,1,Boomer-Early (55-64),0.0,11.52,At-Risk,0,0,0,37,At-Risk / Dormant
1682,24,Male,Sneakers,Footwear,95,Virginia,L,Green,Winter,3.7,No,2-Day Shipping,No,No,14,Credit Card,Bi-Weekly,0,0,0,26,Gen Z (18-24),0.0,55.68,Loyalists,0,0,0,2470,Stable Loyalists
1683,65,Male,Socks,Clothing,97,New York,M,Yellow,Fall,4.9,No,2-Day Shipping,No,No,37,Credit Card,Bi-Weekly,0,0,0,26,Boomer+ (65+),0.0,75.33,Champions,1,1,1,2522,Organic Champions
1684,23,Male,Coat,Outerwear,57,Arkansas,S,Lavender,Spring,3.5,No,Next Day Air,No,No,37,Venmo,Quarterly,0,0,0,4,Gen Z (18-24),0.0,47.05,Loyalists,0,0,0,228,Stable Loyalists
1685,30,Male,Shirt,Clothing,93,New Mexico,M,Indigo,Spring,4.6,No,Standard,No,No,28,PayPal,Weekly,0,0,0,52,Millennial-Early (25-34),0.0,78.98,Champions,1,1,1,4836,Organic Champions
1686,33,Male,Blouse,Clothing,48,Minnesota,M,Pink,Winter,4.6,No,Standard,No,No,43,PayPal,Bi-Weekly,0,0,0,26,Millennial-Early (25-34),0.0,58.79,Champions,1,1,1,1248,Organic Champions
1687,22,Male,Gloves,Accessories,75,Illinois,L,Red,Fall,4.2,No,Store Pickup,No,No,25,Cash,Annually,0,0,0,1,Gen Z (18-24),0.0,43.65,Potential,1,0,0,75,Growth Potential
1688,67,Male,Skirt,Clothing,70,Georgia,S,Magenta,Winter,3.7,No,Free Shipping,No,No,4,PayPal,Annually,0,0,0,1,Boomer+ (65+),0.0,24.32,At-Risk,0,0,0,70,At-Risk / Dormant
1689,28,Male,Handbag,Accessories,26,Mississippi,S,Peach,Winter,3.0,No,Next Day Air,No,No,13,Venmo,Fortnightly,0,0,0,26,Millennial-Early (25-34),0.0,24.68,At-Risk,0,0,0,676,At-Risk / Dormant
1690,32,Male,Shirt,Clothing,73,North Carolina,L,Turquoise,Winter,4.6,No,Store Pickup,No,No,32,Bank Transfer,Monthly,0,0,0,12,Millennial-Early (25-34),0.0,53.89,Loyalists,1,1,1,876,Stable Loyalists
1691,40,Male,Coat,Outerwear,30,Nevada,M,Black,Summer,3.2,No,Free Shipping,No,No,1,Cash,Annually,0,0,0,1,Millennial-Late (35-44),0.0,4.38,At-Risk,0,0,0,30,At-Risk / Dormant
1692,64,Male,Shoes,Footwear,61,Connecticut,L,Blue,Summer,3.5,No,Next Day Air,No,No,4,Cash,Annually,0,0,0,1,Boomer-Early (55-64),0.0,20.39,At-Risk,0,0,0,61,At-Risk / Dormant
1693,56,Male,Handbag,Accessories,75,Utah,M,Beige,Winter,2.6,No,Standard,No,No,33,Cash,Bi-Weekly,0,0,0,26,Boomer-Early (55-64),0.0,62.44,Champions,0,1,0,1950,Organic Champions
1694,63,Male,Jacket,Outerwear,88,Tennessee,XL,Olive,Fall,4.9,No,Standard,No,No,45,Bank Transfer,Fortnightly,0,0,0,26,Boomer-Early (55-64),0.0,77.92,Champions,1,1,1,2288,Organic Champions
1695,20,Male,Shirt,Clothing,67,Mississippi,M,Turquoise,Summer,2.7,No,Express,No,No,20,Debit Card,Fortnightly,0,0,0,26,Gen Z (18-24),0.0,48.33,Loyalists,0,0,0,1742,Stable Loyalists
1696,54,Male,Hat,Accessories,95,Nebraska,S,Yellow,Fall,4.7,No,2-Day Shipping,No,No,1,PayPal,Fortnightly,0,0,0,26,Gen X (45-54),0.0,45.07,Loyalists,1,0,1,2470,Stable Loyalists
1697,31,Male,Sunglasses,Accessories,69,West Virginia,S,Turquoise,Spring,4.0,No,Free Shipping,No,No,7,Credit Card,Bi-Weekly,0,0,0,26,Millennial-Early (25-34),0.0,38.59,Potential,1,0,0,1794,Growth Potential
1698,36,Male,Shirt,Clothing,87,South Carolina,L,Lavender,Fall,3.5,No,Next Day Air,No,No,48,Credit Card,Every 3 Months,0,0,0,4,Millennial-Late (35-44),0.0,69.15,Champions,0,0,0,348,Organic Champions
1699,25,Male,Belt,Accessories,41,Iowa,XL,Turquoise,Winter,4.8,No,Standard,No,No,46,Bank Transfer,Quarterly,0,0,0,4,Millennial-Early (25-34),0.0,47.39,Loyalists,1,0,1,164,Stable Loyalists
1700,20,Male,Sweater,Clothing,67,North Dakota,L,Teal,Spring,4.0,No,Free Shipping,No,No,34,Debit Card,Annually,0,0,0,1,Gen Z (18-24),0.0,47.5,Loyalists,1,0,1,67,Stable Loyalists
1701,62,Male,Hoodie,Clothing,70,West Virginia,L,Black,Fall,4.1,No,Express,No,No,36,Bank Transfer,Monthly,0,0,0,12,Boomer-Early (55-64),0.0,55.84,Loyalists,1,1,1,840,Stable Loyalists
1702,69,Male,Handbag,Accessories,41,Mississippi,XL,Blue,Winter,3.8,No,Next Day Air,No,No,44,Debit Card,Every 3 Months,0,0,0,4,Boomer+ (65+),0.0,45.76,Loyalists,0,0,0,164,Stable Loyalists
1703,54,Male,Jeans,Clothing,83,Alabama,XL,Yellow,Summer,5.0,No,Express,No,No,48,Bank Transfer,Weekly,0,0,0,52,Gen X (45-54),0.0,90.93,Champions,1,1,1,4316,Organic Champions
1704,39,Male,Backpack,Accessories,22,California,M,Black,Spring,4.0,No,Next Day Air,No,No,12,Bank Transfer,Annually,0,0,0,1,Millennial-Late (35-44),0.0,9.85,At-Risk,1,0,0,22,At-Risk / Dormant
1705,56,Male,Sneakers,Footwear,20,Idaho,M,Lavender,Summer,3.9,No,Store Pickup,No,No,19,Cash,Every 3 Months,0,0,0,4,Boomer-Early (55-64),0.0,16.16,At-Risk,0,0,0,80,At-Risk / Dormant
1706,39,Male,Jewelry,Accessories,29,South Dakota,L,Cyan,Summer,3.4,No,2-Day Shipping,No,No,49,Venmo,Bi-Weekly,0,0,0,26,Millennial-Late (35-44),0.0,55.38,Loyalists,0,1,0,754,Stable Loyalists
1707,37,Male,Sunglasses,Accessories,87,North Dakota,M,Brown,Spring,3.0,No,Standard,No,No,25,Venmo,Fortnightly,0,0,0,26,Millennial-Late (35-44),0.0,61.16,Champions,0,1,0,2262,Organic Champions
1708,25,Male,Shorts,Clothing,81,Nevada,L,Maroon,Fall,4.9,No,2-Day Shipping,No,No,25,Cash,Bi-Weekly,0,0,0,26,Millennial-Early (25-34),0.0,58.53,Champions,1,1,1,2106,Organic Champions
1709,35,Male,Boots,Footwear,58,Florida,L,Cyan,Spring,3.2,No,Express,No,No,1,Credit Card,Quarterly,0,0,0,4,Millennial-Late (35-44),0.0,18.1,At-Risk,0,0,0,232,At-Risk / Dormant
1710,45,Male,Skirt,Clothing,83,Indiana,M,Pink,Winter,3.8,No,Standard,No,No,19,Bank Transfer,Annually,0,0,0,1,Gen X (45-54),0.0,42.26,Potential,0,0,0,83,Growth Potential
1711,19,Male,Pants,Clothing,59,Arkansas,XL,Orange,Fall,3.8,No,Store Pickup,No,No,7,Credit Card,Quarterly,0,0,0,4,Gen Z (18-24),0.0,23.43,At-Risk,0,0,0,236,At-Risk / Dormant
1712,21,Male,T-shirt,Clothing,93,North Carolina,M,Lavender,Spring,4.7,No,Express,No,No,19,Credit Card,Monthly,0,0,0,12,Gen Z (18-24),0.0,52.02,Loyalists,1,0,1,1116,Stable Loyalists
1713,65,Male,T-shirt,Clothing,87,Illinois,S,Beige,Fall,3.8,No,2-Day Shipping,No,No,9,Cash,Fortnightly,0,0,0,26,Boomer+ (65+),0.0,48.1,Loyalists,0,0,0,2262,Stable Loyalists
1714,49,Male,Jacket,Outerwear,22,Missouri,M,Pink,Winter,4.6,No,Free Shipping,No,No,37,PayPal,Quarterly,0,0,0,4,Gen X (45-54),0.0,31.73,At-Risk,1,0,0,88,At-Risk / Dormant
1715,30,Male,Jeans,Clothing,71,South Dakota,S,Charcoal,Summer,4.4,No,Standard,No,No,15,Cash,Monthly,0,0,0,12,Millennial-Early (25-34),0.0,39.13,Potential,1,0,0,852,Growth Potential
1716,23,Male,Dress,Clothing,69,Idaho,XL,Gray,Spring,3.4,No,2-Day Shipping,No,No,30,PayPal,Bi-Weekly,0,0,0,26,Gen Z (18-24),0.0,57.37,Loyalists,0,1,0,1794,Stable Loyalists
1717,69,Male,Blouse,Clothing,47,Connecticut,M,Cyan,Winter,4.7,No,Standard,No,No,30,Cash,Every 3 Months,0,0,0,4,Boomer+ (65+),0.0,36.96,Potential,1,0,0,188,Growth Potential
1718,29,Male,Hoodie,Clothing,50,Hawaii,L,Orange,Summer,2.9,No,Express,No,No,16,Debit Card,Bi-Weekly,0,0,0,26,Millennial-Early (25-34),0.0,37.62,Potential,0,0,0,1300,Growth Potential
1719,54,Male,T-shirt,Clothing,96,Maryland,L,Pink,Winter,3.4,No,2-Day Shipping,No,No,14,PayPal,Every 3 Months,0,0,0,4,Gen X (45-54),0.0,45.33,Loyalists,0,0,0,384,Stable Loyalists
1720,45,Male,Sweater,Clothing,39,Maryland,M,White,Winter,3.2,No,Free Shipping,No,No,8,Venmo,Quarterly,0,0,0,4,Gen X (45-54),0.0,15.5,At-Risk,0,0,0,156,At-Risk / Dormant
1721,25,Male,Shorts,Clothing,84,Massachusetts,S,Beige,Winter,2.8,No,Express,No,No,40,Debit Card,Bi-Weekly,0,0,0,26,Millennial-Early (25-34),0.0,72.09,Champions,0,1,0,2184,Organic Champions
1722,34,Male,Jewelry,Accessories,28,Delaware,S,Magenta,Spring,4.3,No,Free Shipping,No,No,24,Credit Card,Monthly,0,0,0,12,Millennial-Early (25-34),0.0,27.67,At-Risk,1,0,0,336,At-Risk / Dormant
1723,46,Male,T-shirt,Clothing,51,Massachusetts,L,Violet,Summer,3.3,No,Standard,No,No,14,Cash,Fortnightly,0,0,0,26,Gen X (45-54),0.0,36.43,Potential,0,0,0,1326,Growth Potential
1724,70,Male,Scarf,Accessories,20,New York,XL,Gold,Spring,3.3,No,Standard,No,No,39,PayPal,Annually,0,0,0,1,Boomer+ (65+),0.0,31.02,At-Risk,0,0,0,20,At-Risk / Dormant
1725,42,Male,Shoes,Footwear,72,Delaware,S,Teal,Winter,3.3,No,Free Shipping,No,No,21,PayPal,Weekly,0,0,0,52,Millennial-Late (35-44),0.0,64.08,Champions,0,0,0,3744,Organic Champions
1726,45,Male,Sunglasses,Accessories,33,Massachusetts,M,Indigo,Spring,3.0,No,Next Day Air,No,No,32,Venmo,Quarterly,0,0,0,4,Gen X (45-54),0.0,32.46,At-Risk,0,0,0,132,At-Risk / Dormant
1727,57,Male,Coat,Outerwear,28,Indiana,S,Olive,Summer,2.8,No,Express,No,No,45,Debit Card,Weekly,0,0,0,52,Boomer-Early (55-64),0.0,64.42,Champions,0,1,0,1456,Organic Champions
1728,49,Male,Blouse,Clothing,53,Virginia,S,Violet,Spring,4.0,No,Express,No,No,19,PayPal,Monthly,0,0,0,12,Gen X (45-54),0.0,34.52,Potential,1,0,0,636,Growth Potential
1729,23,Male,Jeans,Clothing,48,Wyoming,L,Black,Fall,4.3,No,Express,No,No,1,Debit Card,Every 3 Months,0,0,0,4,Gen Z (18-24),0.0,13.72,At-Risk,1,0,0,192,At-Risk / Dormant
1730,47,Male,Shorts,Clothing,21,Illinois,M,Brown,Winter,3.8,No,Store Pickup,No,No,12,Venmo,Fortnightly,0,0,0,26,Gen X (45-54),0.0,21.67,At-Risk,0,0,0,546,At-Risk / Dormant
1731,23,Male,Shirt,Clothing,22,Alabama,S,Silver,Fall,4.2,No,Free Shipping,No,No,26,Credit Card,Weekly,0,0,0,52,Gen Z (18-24),0.0,46.28,Loyalists,1,1,1,1144,Stable Loyalists
1732,21,Male,Backpack,Accessories,87,Idaho,M,Gray,Fall,3.1,No,Next Day Air,No,No,12,Cash,Monthly,0,0,0,12,Gen Z (18-24),0.0,43.68,Potential,0,0,0,1044,Growth Potential
1733,45,Male,Belt,Accessories,50,Rhode Island,S,Charcoal,Winter,2.6,No,Free Shipping,No,No,36,Cash,Every 3 Months,0,0,0,4,Gen X (45-54),0.0,43.17,Potential,0,0,0,200,Growth Potential
1734,67,Male,Blouse,Clothing,85,New York,L,Black,Summer,3.4,No,Express,No,No,22,Credit Card,Annually,0,0,0,1,Boomer+ (65+),0.0,45.58,Loyalists,0,0,0,85,Stable Loyalists
1735,31,Male,Jeans,Clothing,98,Missouri,L,Brown,Spring,3.1,No,Next Day Air,No,No,16,PayPal,Quarterly,0,0,0,4,Millennial-Early (25-34),0.0,47.84,Loyalists,0,0,0,392,Stable Loyalists
1736,58,Male,Dress,Clothing,34,Texas,M,Purple,Winter,3.6,No,Express,No,No,31,Venmo,Annually,0,0,0,1,Boomer-Early (55-64),0.0,30.61,At-Risk,0,0,0,34,At-Risk / Dormant
1737,57,Male,Shorts,Clothing,61,Tennessee,M,Purple,Summer,2.6,No,2-Day Shipping,No,No,43,Cash,Quarterly,0,0,0,4,Boomer-Early (55-64),0.0,53.69,Loyalists,0,0,0,244,Stable Loyalists
1738,42,Male,Jewelry,Accessories,98,Ohio,L,Gray,Summer,4.2,No,Store Pickup,No,No,50,Venmo,Bi-Weekly,0,0,0,26,Millennial-Late (35-44),0.0,86.38,Champions,1,1,1,2548,Organic Champions
1739,60,Male,Handbag,Accessories,61,Tennessee,M,Green,Spring,2.9,No,2-Day Shipping,No,No,37,Credit Card,Weekly,0,0,0,52,Boomer-Early (55-64),0.0,72.33,Champions,0,1,0,3172,Organic Champions
1740,21,Male,Jewelry,Accessories,98,Minnesota,L,Silver,Winter,4.2,No,Express,No,No,23,Cash,Weekly,0,0,0,52,Gen Z (18-24),0.0,77.08,Champions,1,0,1,5096,Organic Champions
1741,69,Male,Pants,Clothing,21,Wisconsin,L,Charcoal,Fall,3.3,No,Next Day Air,No,No,10,Bank Transfer,Every 3 Months,0,0,0,4,Boomer+ (65+),0.0,9.26,At-Risk,0,0,0,84,At-Risk / Dormant
1742,41,Male,Pants,Clothing,51,Delaware,XL,Teal,Winter,3.6,No,Next Day Air,No,No,20,Bank Transfer,Monthly,0,0,0,12,Millennial-Late (35-44),0.0,34.46,Potential,0,0,0,612,Growth Potential
1743,51,Male,Sandals,Footwear,80,Kansas,XL,White,Spring,4.3,No,Express,No,No,18,Venmo,Every 3 Months,0,0,0,4,Gen X (45-54),0.0,41.6,Potential,1,0,0,320,Growth Potential
1744,23,Male,Skirt,Clothing,72,Missouri,XL,Brown,Winter,3.3,No,Standard,No,No,3,Bank Transfer,Weekly,0,0,0,52,Gen Z (18-24),0.0,49.38,Loyalists,0,0,0,3744,Stable Loyalists
1745,57,Male,Sunglasses,Accessories,63,Michigan,L,Teal,Winter,3.0,No,Standard,No,No,23,PayPal,Weekly,0,0,0,52,Boomer-Early (55-64),0.0,61.77,Champions,0,0,0,3276,Organic Champions
1746,40,Male,Skirt,Clothing,27,West Virginia,L,Red,Winter,3.6,No,Store Pickup,No,No,27,Cash,Weekly,0,0,0,52,Millennial-Late (35-44),0.0,49.29,Loyalists,0,1,0,1404,Stable Loyalists
1747,65,Male,Handbag,Accessories,44,Alabama,L,Brown,Summer,3.1,No,Store Pickup,No,No,44,Bank Transfer,Fortnightly,0,0,0,26,Boomer+ (65+),0.0,57.86,Champions,0,1,0,1144,Organic Champions
1748,61,Male,Coat,Outerwear,23,New Hampshire,M,Yellow,Winter,2.9,No,Express,No,No,41,Venmo,Quarterly,0,0,0,4,Boomer-Early (55-64),0.0,35.44,Potential,0,0,0,92,Growth Potential
1749,34,Male,Skirt,Clothing,93,Montana,L,Teal,Winter,3.9,No,2-Day Shipping,No,No,41,Bank Transfer,Annually,0,0,0,1,Millennial-Early (25-34),0.0,64.59,Champions,0,0,0,93,Organic Champions
1750,43,Male,Hoodie,Clothing,70,Wyoming,L,Pink,Fall,3.2,No,2-Day Shipping,No,No,36,Debit Card,Every 3 Months,0,0,0,4,Millennial-Late (35-44),0.0,51.92,Loyalists,0,0,0,280,Stable Loyalists
1751,31,Male,Sunglasses,Accessories,85,Missouri,M,White,Fall,3.1,No,Express,No,No,38,Venmo,Every 3 Months,0,0,0,4,Millennial-Early (25-34),0.0,60.11,Champions,0,0,0,340,Organic Champions
1752,57,Male,Sweater,Clothing,40,Ohio,M,Silver,Winter,3.2,No,2-Day Shipping,No,No,34,Cash,Annually,0,0,0,1,Boomer-Early (55-64),0.0,35.69,Potential,0,0,0,40,Growth Potential
1753,34,Male,Boots,Footwear,29,South Dakota,L,Blue,Winter,3.3,No,Store Pickup,No,No,14,Venmo,Quarterly,0,0,0,4,Millennial-Early (25-34),0.0,16.02,At-Risk,0,0,0,116,At-Risk / Dormant
1754,25,Male,Skirt,Clothing,27,Colorado,L,Black,Fall,4.8,No,Next Day Air,No,No,23,Credit Card,Fortnightly,0,0,0,26,Millennial-Early (25-34),0.0,33.28,Potential,1,0,0,702,Growth Potential
1755,66,Male,Dress,Clothing,93,Massachusetts,S,Beige,Fall,3.8,No,2-Day Shipping,No,No,18,Credit Card,Fortnightly,0,0,0,26,Boomer+ (65+),0.0,58.07,Champions,0,0,0,2418,Organic Champions
1756,56,Male,Belt,Accessories,20,Delaware,XL,Charcoal,Spring,4.6,No,Next Day Air,No,No,45,Cash,Monthly,0,0,0,12,Boomer-Early (55-64),0.0,41.31,Potential,1,1,0,240,Growth Potential
1757,49,Male,Jewelry,Accessories,55,New Hampshire,S,Cyan,Fall,2.8,No,Free Shipping,No,No,14,Bank Transfer,Weekly,0,0,0,52,Gen X (45-54),0.0,50.92,Loyalists,0,0,0,2860,Stable Loyalists
1758,19,Male,Dress,Clothing,94,Michigan,L,Yellow,Fall,3.6,No,Standard,No,No,48,Debit Card,Annually,0,0,0,1,Gen Z (18-24),0.0,70.74,Champions,0,0,0,94,Organic Champions
1759,27,Male,Hat,Accessories,56,Pennsylvania,M,Silver,Winter,4.3,No,Free Shipping,No,No,17,Venmo,Bi-Weekly,0,0,0,26,Millennial-Early (25-34),0.0,41.07,Potential,1,0,0,1456,Growth Potential
1760,68,Male,Sweater,Clothing,58,Louisiana,L,Green,Spring,4.0,No,Next Day Air,No,No,1,PayPal,Weekly,0,0,0,52,Boomer+ (65+),0.0,41.62,Potential,1,0,0,3016,Growth Potential
1761,20,Male,Skirt,Clothing,44,Minnesota,XL,Peach,Spring,3.5,No,Standard,No,No,39,PayPal,Weekly,0,0,0,52,Gen Z (18-24),0.0,66.52,Champions,0,1,0,2288,Organic Champions
1762,21,Male,Hoodie,Clothing,95,Hawaii,S,Green,Fall,4.9,No,2-Day Shipping,No,No,24,Cash,Weekly,0,0,0,52,Gen Z (18-24),0.0,76.59,Champions,1,0,1,4940,Organic Champions
1763,36,Male,Sandals,Footwear,42,Idaho,M,Brown,Summer,3.1,No,Express,No,No,41,Bank Transfer,Fortnightly,0,0,0,26,Millennial-Late (35-44),0.0,54.53,Loyalists,0,1,0,1092,Stable Loyalists
1764,37,Male,Jewelry,Accessories,93,Vermont,M,Lavender,Winter,3.9,No,Store Pickup,No,No,28,PayPal,Annually,0,0,0,1,Millennial-Late (35-44),0.0,53.98,Loyalists,0,0,0,93,Stable Loyalists
1765,61,Male,Dress,Clothing,56,Delaware,M,Charcoal,Summer,3.0,No,Store Pickup,No,No,34,Venmo,Quarterly,0,0,0,4,Boomer-Early (55-64),0.0,44.16,Potential,0,0,0,224,Growth Potential
1766,68,Male,Hoodie,Clothing,88,New Mexico,M,Orange,Spring,4.1,No,2-Day Shipping,No,No,41,Venmo,Quarterly,0,0,0,4,Boomer+ (65+),0.0,63.87,Champions,1,0,1,352,Organic Champions
1767,60,Male,Sweater,Clothing,54,Alaska,S,Cyan,Winter,4.3,No,2-Day Shipping,No,No,27,Cash,Bi-Weekly,0,0,0,26,Boomer-Early (55-64),0.0,48.35,Loyalists,1,1,1,1404,Stable Loyalists
1768,69,Male,Jewelry,Accessories,89,Minnesota,L,Lavender,Fall,3.8,No,2-Day Shipping,No,No,46,Debit Card,Fortnightly,0,0,0,26,Boomer+ (65+),0.0,79.18,Champions,0,1,0,2314,Organic Champions
1769,25,Male,Sandals,Footwear,45,Nebraska,M,Indigo,Summer,3.9,No,2-Day Shipping,No,No,2,PayPal,Every 3 Months,0,0,0,4,Millennial-Early (25-34),0.0,13.22,At-Risk,0,0,0,180,At-Risk / Dormant
1770,32,Male,Socks,Clothing,75,Alaska,L,Brown,Winter,4.3,No,Free Shipping,No,No,45,Cash,Monthly,0,0,0,12,Millennial-Early (25-34),0.0,65.37,Champions,1,1,1,900,Organic Champions
1771,53,Male,Backpack,Accessories,22,Michigan,M,Pink,Fall,4.3,No,Express,No,No,34,Bank Transfer,Weekly,0,0,0,52,Gen X (45-54),0.0,52.81,Loyalists,1,1,1,1144,Stable Loyalists
1772,46,Male,Shirt,Clothing,82,Indiana,XL,Turquoise,Fall,4.7,No,Store Pickup,No,No,9,Credit Card,Annually,0,0,0,1,Gen X (45-54),0.0,33.66,Potential,1,0,0,82,Growth Potential
1773,58,Male,Shoes,Footwear,34,Hawaii,M,Gold,Summer,3.1,No,2-Day Shipping,No,No,1,Bank Transfer,Annually,0,0,0,1,Boomer-Early (55-64),0.0,6.12,At-Risk,0,0,0,34,At-Risk / Dormant
1774,21,Male,Coat,Outerwear,92,West Virginia,M,Blue,Summer,2.7,No,Free Shipping,No,No,17,PayPal,Annually,0,0,0,1,Gen Z (18-24),0.0,44.56,Potential,0,0,0,92,Growth Potential
1775,46,Male,Sweater,Clothing,78,New York,M,Lavender,Spring,3.7,No,Express,No,No,6,PayPal,Weekly,0,0,0,52,Gen X (45-54),0.0,54.46,Loyalists,0,0,0,4056,Stable Loyalists
1776,18,Male,Jacket,Outerwear,47,Iowa,M,Violet,Spring,3.3,No,2-Day Shipping,No,No,12,Cash,Bi-Weekly,0,0,0,26,Gen Z (18-24),0.0,33.05,Potential,0,0,0,1222,Growth Potential
1777,56,Male,Jacket,Outerwear,64,Arizona,L,Cyan,Summer,3.4,No,Free Shipping,No,No,10,Venmo,Every 3 Months,0,0,0,4,Boomer-Early (55-64),0.0,28.07,At-Risk,0,0,0,256,At-Risk / Dormant
1778,18,Male,Sneakers,Footwear,44,Minnesota,L,Purple,Winter,4.7,No,Free Shipping,No,No,4,Cash,Fortnightly,0,0,0,26,Gen Z (18-24),0.0,25.2,At-Risk,1,0,0,1144,At-Risk / Dormant
1779,49,Male,Belt,Accessories,94,Texas,M,Red,Winter,4.9,No,Store Pickup,No,No,8,Debit Card,Bi-Weekly,0,0,0,26,Gen X (45-54),0.0,50.34,Loyalists,1,0,1,2444,Stable Loyalists
1780,29,Male,Scarf,Accessories,62,Virginia,M,Charcoal,Winter,4.3,No,Free Shipping,No,No,41,Venmo,Weekly,0,0,0,52,Millennial-Early (25-34),0.0,76.03,Champions,1,1,1,3224,Organic Champions
1781,67,Male,Jewelry,Accessories,81,North Dakota,S,Gray,Summer,4.2,No,Next Day Air,No,No,49,Credit Card,Weekly,0,0,0,52,Boomer+ (65+),0.0,90.87,Champions,1,1,1,4212,Organic Champions
1782,31,Male,T-shirt,Clothing,33,Iowa,M,Pink,Fall,3.7,No,Express,No,No,49,Bank Transfer,Quarterly,0,0,0,4,Millennial-Early (25-34),0.0,46.34,Loyalists,0,0,0,132,Stable Loyalists
1783,52,Male,Pants,Clothing,88,Utah,M,Lavender,Fall,2.7,No,Next Day Air,No,No,40,Bank Transfer,Fortnightly,0,0,0,26,Gen X (45-54),0.0,73.84,Champions,0,1,0,2288,Organic Champions
1784,42,Male,Handbag,Accessories,49,Ohio,L,Lavender,Winter,3.3,No,Free Shipping,No,No,30,Credit Card,Monthly,0,0,0,12,Millennial-Late (35-44),0.0,41.75,Potential,0,1,0,588,Growth Potential
1785,32,Male,Backpack,Accessories,31,Louisiana,L,Yellow,Summer,4.8,No,Standard,No,No,4,Debit Card,Quarterly,0,0,0,4,Millennial-Early (25-34),0.0,8.73,At-Risk,1,0,0,124,At-Risk / Dormant
1786,47,Male,Gloves,Accessories,29,Iowa,S,Peach,Fall,4.1,No,Next Day Air,No,No,22,Venmo,Monthly,0,0,0,12,Gen X (45-54),0.0,26.47,At-Risk,1,0,0,348,At-Risk / Dormant
1787,45,Male,Jacket,Outerwear,34,Maryland,M,Brown,Spring,4.6,No,2-Day Shipping,No,No,22,Venmo,Monthly,0,0,0,12,Gen X (45-54),0.0,28.66,At-Risk,1,0,0,408,At-Risk / Dormant
1788,20,Male,Sweater,Clothing,38,Montana,L,Gold,Fall,4.9,No,2-Day Shipping,No,No,10,Bank Transfer,Quarterly,0,0,0,4,Gen Z (18-24),0.0,16.69,At-Risk,1,0,0,152,At-Risk / Dormant
1789,66,Male,Blouse,Clothing,41,Illinois,L,Pink,Summer,3.1,No,Store Pickup,No,No,23,Cash,Bi-Weekly,0,0,0,26,Boomer+ (65+),0.0,39.4,Potential,0,0,0,1066,Growth Potential
1790,52,Male,Blouse,Clothing,34,Arizona,L,Peach,Spring,3.0,No,2-Day Shipping,No,No,43,Debit Card,Quarterly,0,0,0,4,Gen X (45-54),0.0,41.88,Potential,0,0,0,136,Growth Potential
1791,50,Male,Gloves,Accessories,26,North Carolina,S,Violet,Summer,3.7,No,Store Pickup,No,No,31,PayPal,Bi-Weekly,0,0,0,26,Gen X (45-54),0.0,39.37,Potential,0,1,0,676,Growth Potential
1792,62,Male,Jeans,Clothing,98,Montana,S,Purple,Winter,4.0,No,Store Pickup,No,No,38,Cash,Annually,0,0,0,1,Boomer-Early (55-64),0.0,64.33,Champions,1,0,1,98,Organic Champions
1793,38,Male,Sneakers,Footwear,59,Iowa,M,Peach,Fall,3.0,No,Express,No,No,22,Debit Card,Every 3 Months,0,0,0,4,Millennial-Late (35-44),0.0,35.68,Potential,0,0,0,236,Growth Potential
1794,65,Male,Hat,Accessories,92,Iowa,S,White,Fall,3.8,No,Store Pickup,No,No,45,Cash,Every 3 Months,0,0,0,4,Boomer+ (65+),0.0,68.89,Champions,0,0,0,368,Organic Champions
1795,60,Male,Backpack,Accessories,40,Ohio,L,Indigo,Spring,3.7,No,Express,No,No,21,Debit Card,Fortnightly,0,0,0,26,Boomer-Early (55-64),0.0,37.33,Potential,0,0,0,1040,Growth Potential
1796,68,Male,Jeans,Clothing,20,Wisconsin,S,Violet,Fall,4.0,No,2-Day Shipping,No,No,9,Debit Card,Fortnightly,0,0,0,26,Boomer+ (65+),0.0,18.79,At-Risk,1,0,0,520,At-Risk / Dormant
1797,62,Male,Skirt,Clothing,35,South Carolina,S,Brown,Spring,3.1,No,Store Pickup,No,No,34,Venmo,Weekly,0,0,0,52,Boomer-Early (55-64),0.0,58.5,Champions,0,1,0,1820,Organic Champions
1798,62,Male,Belt,Accessories,35,Oregon,L,Maroon,Spring,3.9,No,2-Day Shipping,No,No,26,Venmo,Weekly,0,0,0,52,Boomer-Early (55-64),0.0,51.97,Loyalists,0,1,0,1820,Stable Loyalists
1799,40,Male,Dress,Clothing,82,North Dakota,L,Magenta,Winter,3.7,No,Express,No,No,1,Cash,Weekly,0,0,0,52,Millennial-Late (35-44),0.0,52.12,Loyalists,0,0,0,4264,Stable Loyalists
1800,32,Male,Hoodie,Clothing,48,California,M,Charcoal,Fall,3.9,No,Express,No,No,47,Venmo,Weekly,0,0,0,52,Millennial-Early (25-34),0.0,74.8,Champions,0,1,0,2496,Organic Champions
1801,22,Male,Coat,Outerwear,58,Mississippi,XL,Indigo,Winter,2.7,No,Express,No,No,30,Credit Card,Weekly,0,0,0,52,Gen Z (18-24),0.0,65.3,Champions,0,1,0,3016,Organic Champions
1802,33,Male,Sweater,Clothing,57,New Jersey,M,Turquoise,Spring,3.9,No,Express,No,No,48,Debit Card,Fortnightly,0,0,0,26,Millennial-Early (25-34),0.0,66.81,Champions,0,1,0,1482,Organic Champions
1803,57,Male,Shorts,Clothing,96,Rhode Island,L,Turquoise,Winter,2.6,No,Store Pickup,No,No,31,Venmo,Bi-Weekly,0,0,0,26,Boomer-Early (55-64),0.0,69.99,Champions,0,1,0,2496,Organic Champions
1804,60,Male,Sneakers,Footwear,97,New Hampshire,S,Gray,Summer,3.5,No,Free Shipping,No,No,33,Venmo,Fortnightly,0,0,0,26,Boomer-Early (55-64),0.0,72.06,Champions,0,1,0,2522,Organic Champions
1805,30,Male,Sweater,Clothing,42,Louisiana,L,Peach,Winter,4.4,No,Next Day Air,No,No,39,Credit Card,Weekly,0,0,0,52,Millennial-Early (25-34),0.0,65.65,Champions,1,1,1,2184,Organic Champions
1806,41,Male,T-shirt,Clothing,62,Arizona,L,Gold,Spring,4.9,No,Store Pickup,No,No,46,Debit Card,Weekly,0,0,0,52,Millennial-Late (35-44),0.0,80.11,Champions,1,1,1,3224,Organic Champions
1807,58,Male,Handbag,Accessories,67,Rhode Island,M,Green,Fall,3.9,No,Standard,No,No,24,Venmo,Annually,0,0,0,1,Boomer-Early (55-64),0.0,39.34,Potential,0,0,0,67,Growth Potential
1808,34,Male,Sneakers,Footwear,46,Vermont,L,Gold,Summer,3.5,No,Standard,No,No,37,Venmo,Fortnightly,0,0,0,26,Millennial-Early (25-34),0.0,53.02,Loyalists,0,1,0,1196,Stable Loyalists
1809,67,Male,Jacket,Outerwear,71,Tennessee,M,Lavender,Spring,4.3,No,Next Day Air,No,No,7,Debit Card,Monthly,0,0,0,12,Boomer+ (65+),0.0,32.6,At-Risk,1,0,0,852,At-Risk / Dormant
1810,58,Male,Backpack,Accessories,99,Alaska,S,Blue,Fall,3.4,No,Free Shipping,No,No,6,Debit Card,Fortnightly,0,0,0,26,Boomer-Early (55-64),0.0,50.9,Loyalists,0,0,0,2574,Stable Loyalists
1811,41,Male,Jeans,Clothing,28,Maryland,M,Magenta,Fall,2.7,No,Standard,No,No,16,Cash,Bi-Weekly,0,0,0,26,Millennial-Late (35-44),0.0,28.0,At-Risk,0,0,0,728,At-Risk / Dormant
1812,42,Male,Belt,Accessories,77,Wisconsin,L,Blue,Summer,3.6,No,Standard,No,No,33,Bank Transfer,Annually,0,0,0,1,Millennial-Late (35-44),0.0,51.06,Loyalists,0,0,0,77,Stable Loyalists
1813,50,Male,Boots,Footwear,63,Nevada,S,Blue,Summer,4.9,No,Express,No,No,18,PayPal,Bi-Weekly,0,0,0,26,Gen X (45-54),0.0,44.94,Loyalists,1,0,1,1638,Stable Loyalists
1814,40,Male,Shorts,Clothing,62,Illinois,M,Olive,Spring,3.5,No,Free Shipping,No,No,24,PayPal,Weekly,0,0,0,52,Millennial-Late (35-44),0.0,62.15,Champions,0,0,0,3224,Organic Champions
1815,32,Male,Jeans,Clothing,92,Montana,M,White,Summer,3.8,No,Free Shipping,No,No,24,Cash,Quarterly,0,0,0,4,Millennial-Early (25-34),0.0,51.75,Loyalists,0,0,0,368,Stable Loyalists
1816,51,Male,Shoes,Footwear,72,New Mexico,L,White,Winter,4.5,No,2-Day Shipping,No,No,48,Credit Card,Every 3 Months,0,0,0,4,Gen X (45-54),0.0,62.59,Champions,1,0,1,288,Organic Champions
1817,26,Male,Hat,Accessories,79,Virginia,M,Purple,Summer,4.0,No,Express,No,No,4,Cash,Weekly,0,0,0,52,Millennial-Early (25-34),0.0,53.26,Loyalists,1,0,1,4108,Stable Loyalists
1818,32,Male,T-shirt,Clothing,27,Delaware,M,White,Summer,4.7,No,Free Shipping,No,No,20,Cash,Weekly,0,0,0,52,Millennial-Early (25-34),0.0,43.57,Potential,1,0,0,1404,Growth Potential
1819,58,Male,Sunglasses,Accessories,39,North Carolina,M,White,Fall,3.8,No,Express,No,No,47,Debit Card,Every 3 Months,0,0,0,4,Boomer-Early (55-64),0.0,47.33,Loyalists,0,0,0,156,Stable Loyalists
1820,51,Male,Socks,Clothing,86,Nevada,S,Peach,Spring,4.5,No,Next Day Air,No,No,50,Cash,Quarterly,0,0,0,4,Gen X (45-54),0.0,70.35,Champions,1,0,1,344,Organic Champions
1821,19,Male,Shirt,Clothing,94,Washington,XL,Gold,Fall,5.0,No,Express,No,No,31,PayPal,Monthly,0,0,0,12,Gen Z (18-24),0.0,62.26,Champions,1,1,1,1128,Organic Champions
1822,57,Male,Shorts,Clothing,53,Maine,M,Teal,Spring,2.8,No,Express,No,No,29,PayPal,Quarterly,0,0,0,4,Boomer-Early (55-64),0.0,38.77,Potential,0,0,0,212,Growth Potential
1823,66,Male,Shirt,Clothing,85,Connecticut,S,Cyan,Summer,4.4,No,Standard,No,No,4,Cash,Annually,0,0,0,1,Boomer+ (65+),0.0,30.89,At-Risk,1,0,0,85,At-Risk / Dormant
1824,62,Male,Socks,Clothing,50,Louisiana,L,Pink,Fall,4.7,No,Free Shipping,No,No,40,Bank Transfer,Bi-Weekly,0,0,0,26,Boomer-Early (55-64),0.0,57.22,Loyalists,1,1,1,1300,Stable Loyalists
1825,58,Male,Pants,Clothing,47,Illinois,XL,Magenta,Winter,3.8,No,Express,No,No,31,Cash,Monthly,0,0,0,12,Boomer-Early (55-64),0.0,41.69,Potential,0,1,0,564,Growth Potential
1826,23,Male,Boots,Footwear,75,South Dakota,M,Pink,Winter,4.9,No,Next Day Air,No,No,41,Credit Card,Weekly,0,0,0,52,Gen Z (18-24),0.0,81.72,Champions,1,1,1,3900,Organic Champions
1827,45,Male,T-shirt,Clothing,60,Indiana,M,Turquoise,Winter,4.2,No,Express,No,No,44,Debit Card,Annually,0,0,0,1,Gen X (45-54),0.0,52.6,Loyalists,1,0,1,60,Stable Loyalists
1828,20,Male,T-shirt,Clothing,36,Vermont,S,Pink,Spring,4.9,No,2-Day Shipping,No,No,31,Bank Transfer,Weekly,0,0,0,52,Gen Z (18-24),0.0,56.49,Loyalists,1,1,1,1872,Stable Loyalists
1829,33,Male,Coat,Outerwear,80,New Hampshire,L,Gray,Spring,3.9,No,Express,No,No,45,Cash,Every 3 Months,0,0,0,4,Millennial-Early (25-34),0.0,63.64,Champions,0,0,0,320,Organic Champions
1830,30,Male,Hat,Accessories,96,Oregon,M,White,Spring,4.9,No,2-Day Shipping,No,No,50,Credit Card,Quarterly,0,0,0,4,Millennial-Early (25-34),0.0,74.72,Champions,1,0,1,384,Organic Champions
1831,50,Male,Sunglasses,Accessories,80,Kansas,M,Blue,Winter,4.8,No,Express,No,No,7,Venmo,Annually,0,0,0,1,Gen X (45-54),0.0,31.15,At-Risk,1,0,0,80,At-Risk / Dormant
1832,62,Male,Blouse,Clothing,71,Maine,M,Cyan,Summer,3.3,No,Free Shipping,No,No,5,Bank Transfer,Every 3 Months,0,0,0,4,Boomer-Early (55-64),0.0,27.05,At-Risk,0,0,0,284,At-Risk / Dormant
1833,69,Male,Jewelry,Accessories,29,Louisiana,M,Blue,Fall,4.6,No,Free Shipping,No,No,48,Cash,Monthly,0,0,0,12,Boomer+ (65+),0.0,47.7,Loyalists,1,1,1,348,Stable Loyalists
1834,34,Male,Jewelry,Accessories,53,Louisiana,M,Yellow,Spring,4.5,No,2-Day Shipping,No,No,19,PayPal,Fortnightly,0,0,0,26,Millennial-Early (25-34),0.0,41.39,Potential,1,0,0,1378,Growth Potential
1835,49,Male,Skirt,Clothing,35,Indiana,M,Charcoal,Summer,4.1,No,2-Day Shipping,No,No,39,Venmo,Fortnightly,0,0,0,26,Gen X (45-54),0.0,49.84,Loyalists,1,1,1,910,Stable Loyalists
1836,65,Male,Scarf,Accessories,75,Kentucky,M,Lavender,Fall,3.2,No,2-Day Shipping,No,No,45,Credit Card,Quarterly,0,0,0,4,Boomer+ (65+),0.0,61.45,Champions,0,0,0,300,Organic Champions
1837,66,Male,Pants,Clothing,52,South Carolina,M,Teal,Fall,4.2,No,2-Day Shipping,No,No,35,Credit Card,Monthly,0,0,0,12,Boomer+ (65+),0.0,47.15,Loyalists,1,1,1,624,Stable Loyalists
1838,41,Male,Hat,Accessories,77,Montana,M,Beige,Winter,4.8,No,Free Shipping,No,No,8,Venmo,Monthly,0,0,0,12,Millennial-Late (35-44),0.0,36.04,Potential,1,0,0,924,Growth Potential
1839,37,Male,Gloves,Accessories,24,Vermont,L,Blue,Fall,4.1,No,Next Day Air,No,No,11,Credit Card,Quarterly,0,0,0,4,Millennial-Late (35-44),0.0,11.38,At-Risk,1,0,0,96,At-Risk / Dormant
1840,32,Male,Shirt,Clothing,78,Mississippi,XL,Purple,Winter,3.7,No,Store Pickup,No,No,32,Cash,Annually,0,0,0,1,Millennial-Early (25-34),0.0,50.68,Loyalists,0,0,0,78,Stable Loyalists
1841,42,Male,Sandals,Footwear,98,Wyoming,M,Gold,Winter,2.6,No,Store Pickup,No,No,46,Bank Transfer,Every 3 Months,0,0,0,4,Millennial-Late (35-44),0.0,72.33,Champions,0,0,0,392,Organic Champions
1842,31,Male,Socks,Clothing,57,Vermont,L,Blue,Winter,3.0,No,Standard,No,No,7,PayPal,Every 3 Months,0,0,0,4,Millennial-Early (25-34),0.0,22.56,At-Risk,0,0,0,228,At-Risk / Dormant
1843,61,Male,Handbag,Accessories,78,Alabama,M,Black,Summer,4.4,No,Express,No,No,1,Debit Card,Annually,0,0,0,1,Boomer-Early (55-64),0.0,25.37,At-Risk,1,0,0,78,At-Risk / Dormant
1844,36,Male,Jacket,Outerwear,76,Kentucky,M,Charcoal,Fall,4.7,No,Next Day Air,No,No,32,Credit Card,Monthly,0,0,0,12,Millennial-Late (35-44),0.0,55.2,Loyalists,1,1,1,912,Stable Loyalists
1845,60,Male,Shorts,Clothing,26,South Dakota,M,Purple,Spring,2.7,No,2-Day Shipping,No,No,31,Credit Card,Annually,0,0,0,1,Boomer-Early (55-64),0.0,27.11,At-Risk,0,0,0,26,At-Risk / Dormant
1846,51,Male,Sandals,Footwear,78,Delaware,M,Orange,Winter,2.8,No,2-Day Shipping,No,No,39,Bank Transfer,Quarterly,0,0,0,4,Gen X (45-54),0.0,57.87,Champions,0,0,0,312,Organic Champions
1847,68,Male,Scarf,Accessories,53,Wisconsin,M,Yellow,Summer,2.9,No,Standard,No,No,9,Venmo,Quarterly,0,0,0,4,Boomer+ (65+),0.0,22.44,At-Risk,0,0,0,212,At-Risk / Dormant
1848,46,Male,Sandals,Footwear,100,Arizona,XL,Cyan,Summer,4.4,No,Free Shipping,No,No,49,Credit Card,Weekly,0,0,0,52,Gen X (45-54),0.0,99.18,Champions,1,1,1,5200,Organic Champions
1849,19,Male,Jeans,Clothing,73,Maine,XL,Yellow,Winter,2.7,No,Express,No,No,34,Cash,Every 3 Months,0,0,0,4,Gen Z (18-24),0.0,51.6,Loyalists,0,0,0,292,Stable Loyalists
1850,30,Male,Skirt,Clothing,40,New Mexico,M,Maroon,Winter,4.5,No,Store Pickup,No,No,35,Bank Transfer,Monthly,0,0,0,12,Millennial-Early (25-34),0.0,41.9,Potential,1,1,0,480,Growth Potential
1851,51,Male,Gloves,Accessories,76,Wyoming,S,Black,Winter,2.8,No,Store Pickup,No,No,50,Debit Card,Weekly,0,0,0,52,Gen X (45-54),0.0,89.5,Champions,0,1,0,3952,Organic Champions
1852,28,Male,Skirt,Clothing,80,Delaware,S,Lavender,Fall,3.1,No,Free Shipping,No,No,4,Bank Transfer,Fortnightly,0,0,0,26,Millennial-Early (25-34),0.0,40.95,Potential,0,0,0,2080,Growth Potential
1853,41,Male,Sweater,Clothing,80,Pennsylvania,XL,Violet,Winter,3.8,No,Store Pickup,No,No,32,Cash,Weekly,0,0,0,52,Millennial-Late (35-44),0.0,76.56,Champions,0,1,0,4160,Organic Champions
1854,29,Male,Blouse,Clothing,67,North Dakota,XL,Olive,Spring,2.9,No,Express,No,No,11,PayPal,Fortnightly,0,0,0,26,Millennial-Early (25-34),0.0,40.98,Potential,0,0,0,1742,Growth Potential
1855,25,Male,Sweater,Clothing,61,Kentucky,M,Teal,Spring,3.8,No,Express,No,No,49,Credit Card,Annually,0,0,0,1,Millennial-Early (25-34),0.0,57.12,Loyalists,0,0,0,61,Stable Loyalists
1856,60,Male,Shirt,Clothing,76,Rhode Island,XL,Teal,Spring,4.7,No,Standard,No,No,9,Cash,Annually,0,0,0,1,Boomer-Early (55-64),0.0,31.03,At-Risk,1,0,0,76,At-Risk / Dormant
1857,63,Male,Jewelry,Accessories,55,Arizona,XL,Beige,Summer,3.2,No,Free Shipping,No,No,30,PayPal,Bi-Weekly,0,0,0,26,Boomer-Early (55-64),0.0,51.24,Loyalists,0,1,0,1430,Stable Loyalists
1858,51,Male,T-shirt,Clothing,85,Colorado,L,Maroon,Summer,4.0,No,Next Day Air,No,No,33,Cash,Monthly,0,0,0,12,Gen X (45-54),0.0,59.95,Champions,1,1,1,1020,Organic Champions
1859,22,Male,Scarf,Accessories,69,Maine,S,Peach,Spring,4.9,No,2-Day Shipping,No,No,8,Debit Card,Annually,0,0,0,1,Gen Z (18-24),0.0,27.15,At-Risk,1,0,0,69,At-Risk / Dormant
1860,54,Male,Belt,Accessories,26,New Jersey,L,Beige,Summer,3.7,No,Store Pickup,No,No,29,Debit Card,Fortnightly,0,0,0,26,Gen X (45-54),0.0,37.74,Potential,0,1,0,676,Growth Potential
1861,18,Male,T-shirt,Clothing,64,Kansas,M,Silver,Summer,4.8,No,Next Day Air,No,No,4,Credit Card,Monthly,0,0,0,12,Gen Z (18-24),0.0,27.09,At-Risk,1,0,0,768,At-Risk / Dormant
1862,29,Male,Sneakers,Footwear,60,South Dakota,S,Peach,Fall,3.6,No,Standard,No,No,19,Debit Card,Monthly,0,0,0,12,Millennial-Early (25-34),0.0,37.59,Potential,0,0,0,720,Growth Potential
1863,59,Male,Gloves,Accessories,36,New Hampshire,M,Turquoise,Winter,4.6,No,Express,No,No,10,PayPal,Fortnightly,0,0,0,26,Boomer-Early (55-64),0.0,26.6,At-Risk,1,0,0,936,At-Risk / Dormant
1864,25,Male,Sandals,Footwear,21,Connecticut,L,Orange,Spring,4.3,No,2-Day Shipping,No,No,39,Debit Card,Monthly,0,0,0,12,Millennial-Early (25-34),0.0,36.85,Potential,1,1,0,252,Growth Potential
1865,19,Male,Backpack,Accessories,72,Wyoming,S,Cyan,Fall,3.2,No,2-Day Shipping,No,No,21,Venmo,Quarterly,0,0,0,4,Gen Z (18-24),0.0,40.55,Potential,0,0,0,288,Growth Potential
1866,56,Male,Pants,Clothing,62,Missouri,S,Silver,Summer,3.8,No,Store Pickup,No,No,12,Bank Transfer,Monthly,0,0,0,12,Boomer-Early (55-64),0.0,32.75,At-Risk,0,0,0,744,At-Risk / Dormant
1867,31,Male,T-shirt,Clothing,44,Alaska,XL,Gold,Winter,4.2,No,Standard,No,No,9,Credit Card,Fortnightly,0,0,0,26,Millennial-Early (25-34),0.0,29.29,At-Risk,1,0,0,1144,At-Risk / Dormant
1868,45,Male,Skirt,Clothing,52,Delaware,M,Brown,Fall,3.4,No,2-Day Shipping,No,No,20,Venmo,Quarterly,0,0,0,4,Gen X (45-54),0.0,30.98,At-Risk,0,0,0,208,At-Risk / Dormant
1869,23,Male,Gloves,Accessories,58,Indiana,M,Silver,Spring,4.7,No,Next Day Air,No,No,44,Cash,Fortnightly,0,0,0,26,Gen Z (18-24),0.0,63.98,Champions,1,1,1,1508,Organic Champions
1870,18,Male,Blouse,Clothing,77,West Virginia,S,Beige,Spring,3.9,No,2-Day Shipping,No,No,16,Debit Card,Every 3 Months,0,0,0,4,Gen Z (18-24),0.0,38.65,Potential,0,0,0,308,Growth Potential
1871,43,Male,Blouse,Clothing,99,Wyoming,L,Violet,Spring,4.3,No,Store Pickup,No,No,27,Debit Card,Fortnightly,0,0,0,26,Millennial-Late (35-44),0.0,68.04,Champions,1,1,1,2574,Organic Champions
1872,56,Male,Jeans,Clothing,96,Illinois,XL,Violet,Fall,2.7,No,Standard,No,No,14,Cash,Every 3 Months,0,0,0,4,Boomer-Early (55-64),0.0,45.33,Loyalists,0,0,0,384,Stable Loyalists
1873,43,Male,T-shirt,Clothing,64,Alaska,M,Lavender,Summer,4.6,No,Standard,No,No,24,Credit Card,Monthly,0,0,0,12,Millennial-Late (35-44),0.0,43.42,Potential,1,0,0,768,Growth Potential
1874,64,Male,Sweater,Clothing,44,Wisconsin,XL,Red,Fall,2.9,No,Express,No,No,49,Bank Transfer,Weekly,0,0,0,52,Boomer-Early (55-64),0.0,74.68,Champions,0,1,0,2288,Organic Champions
1875,67,Male,Pants,Clothing,33,Indiana,L,Purple,Fall,3.6,No,Free Shipping,No,No,14,Cash,Weekly,0,0,0,52,Boomer+ (65+),0.0,41.3,Potential,0,0,0,1716,Growth Potential
1876,63,Male,Boots,Footwear,71,Tennessee,M,Brown,Winter,3.9,No,Next Day Air,No,No,6,Credit Card,Quarterly,0,0,0,4,Boomer-Early (55-64),0.0,27.86,At-Risk,0,0,0,284,At-Risk / Dormant
1877,54,Male,Skirt,Clothing,36,Illinois,M,Gray,Fall,2.6,No,Standard,No,No,20,Venmo,Quarterly,0,0,0,4,Gen X (45-54),0.0,23.98,At-Risk,0,0,0,144,At-Risk / Dormant
1878,69,Male,Gloves,Accessories,62,Pennsylvania,L,Pink,Fall,3.6,No,Express,No,No,3,Credit Card,Annually,0,0,0,1,Boomer+ (65+),0.0,20.01,At-Risk,0,0,0,62,At-Risk / Dormant
1879,34,Male,Socks,Clothing,29,Oklahoma,L,Magenta,Summer,3.4,No,Store Pickup,No,No,5,Credit Card,Monthly,0,0,0,12,Millennial-Early (25-34),0.0,12.59,At-Risk,0,0,0,348,At-Risk / Dormant
1880,56,Male,T-shirt,Clothing,33,Tennessee,L,Charcoal,Spring,3.5,No,Express,No,No,46,Cash,Bi-Weekly,0,0,0,26,Boomer-Early (55-64),0.0,54.68,Loyalists,0,1,0,858,Stable Loyalists
1881,34,Male,Blouse,Clothing,33,New Jersey,L,Yellow,Fall,3.1,No,2-Day Shipping,No,No,8,Debit Card,Monthly,0,0,0,12,Millennial-Early (25-34),0.0,16.79,At-Risk,0,0,0,396,At-Risk / Dormant
1882,58,Male,Blouse,Clothing,41,New Jersey,M,Red,Winter,4.3,No,Standard,No,No,13,Cash,Bi-Weekly,0,0,0,26,Boomer-Early (55-64),0.0,31.24,At-Risk,1,0,0,1066,At-Risk / Dormant
1883,44,Male,Scarf,Accessories,54,Tennessee,L,Blue,Winter,5.0,No,Store Pickup,No,No,25,Bank Transfer,Quarterly,0,0,0,4,Millennial-Late (35-44),0.0,35.94,Potential,1,0,0,216,Growth Potential
1884,25,Male,Backpack,Accessories,58,Georgia,M,Cyan,Spring,4.9,No,Store Pickup,No,No,39,Debit Card,Fortnightly,0,0,0,26,Millennial-Early (25-34),0.0,59.9,Champions,1,1,1,1508,Organic Champions
1885,27,Male,Shorts,Clothing,30,Arizona,S,Pink,Summer,4.3,No,Next Day Air,No,No,15,Bank Transfer,Bi-Weekly,0,0,0,26,Millennial-Early (25-34),0.0,28.06,At-Risk,1,0,0,780,At-Risk / Dormant
1886,26,Male,Jewelry,Accessories,53,Nevada,S,Maroon,Winter,4.4,No,Standard,No,No,35,Cash,Monthly,0,0,0,12,Millennial-Early (25-34),0.0,47.58,Loyalists,1,1,1,636,Stable Loyalists
1887,18,Male,Gloves,Accessories,91,Arkansas,L,Beige,Spring,4.4,No,Next Day Air,No,No,46,Cash,Bi-Weekly,0,0,0,26,Gen Z (18-24),0.0,80.05,Champions,1,1,1,2366,Organic Champions
1888,64,Male,Hoodie,Clothing,44,North Dakota,XL,Gold,Fall,3.5,No,Express,No,No,3,PayPal,Monthly,0,0,0,12,Boomer-Early (55-64),0.0,17.52,At-Risk,0,0,0,528,At-Risk / Dormant
1889,62,Male,Hoodie,Clothing,89,South Dakota,XL,Turquoise,Winter,3.4,No,Free Shipping,No,No,48,Credit Card,Weekly,0,0,0,52,Boomer-Early (55-64),0.0,93.55,Champions,0,1,0,4628,Organic Champions
1890,59,Male,Skirt,Clothing,57,North Carolina,L,Peach,Spring,2.5,No,Next Day Air,No,No,27,Bank Transfer,Weekly,0,0,0,52,Boomer-Early (55-64),0.0,62.41,Champions,0,1,0,2964,Organic Champions
1891,36,Male,Sunglasses,Accessories,57,Hawaii,M,Lavender,Spring,3.4,No,Store Pickup,No,No,5,Credit Card,Weekly,0,0,0,52,Millennial-Late (35-44),0.0,44.45,Potential,0,0,0,2964,Growth Potential
1892,69,Male,Jewelry,Accessories,74,New Hampshire,M,Gray,Summer,2.6,No,Next Day Air,No,No,48,Debit Card,Quarterly,0,0,0,4,Boomer+ (65+),0.0,63.46,Champions,0,0,0,296,Organic Champions
1893,39,Male,Jacket,Outerwear,30,California,M,Blue,Fall,4.6,No,2-Day Shipping,No,No,12,Venmo,Weekly,0,0,0,52,Millennial-Late (35-44),0.0,38.35,Potential,1,0,0,1560,Growth Potential
1894,28,Male,Dress,Clothing,20,Delaware,L,Red,Summer,3.7,No,Express,No,No,10,PayPal,Fortnightly,0,0,0,26,Millennial-Early (25-34),0.0,19.6,At-Risk,0,0,0,520,At-Risk / Dormant
1895,42,Male,Hoodie,Clothing,90,Arizona,M,Purple,Fall,2.5,No,Free Shipping,No,No,48,Debit Card,Bi-Weekly,0,0,0,26,Millennial-Late (35-44),0.0,81.25,Champions,0,1,0,2340,Organic Champions
1896,31,Male,Jeans,Clothing,61,Washington,L,Indigo,Fall,4.5,No,Express,No,No,3,Debit Card,Monthly,0,0,0,12,Millennial-Early (25-34),0.0,24.96,At-Risk,1,0,0,732,At-Risk / Dormant
1897,57,Male,Sandals,Footwear,51,Nevada,M,Gold,Fall,2.9,No,Standard,No,No,19,Venmo,Monthly,0,0,0,12,Boomer-Early (55-64),0.0,33.65,Potential,0,0,0,612,Growth Potential
1898,53,Male,Sunglasses,Accessories,97,Alaska,L,Teal,Winter,2.9,No,Free Shipping,No,No,11,Debit Card,Fortnightly,0,0,0,26,Gen X (45-54),0.0,54.11,Loyalists,0,0,0,2522,Stable Loyalists
1899,59,Male,Pants,Clothing,97,Texas,L,Magenta,Fall,3.5,No,Next Day Air,No,No,25,Venmo,Monthly,0,0,0,12,Boomer-Early (55-64),0.0,58.67,Champions,0,1,0,1164,Organic Champions
1900,32,Male,Shorts,Clothing,40,New York,L,Maroon,Winter,4.2,No,Store Pickup,No,No,42,PayPal,Weekly,0,0,0,52,Millennial-Early (25-34),0.0,67.22,Champions,1,1,1,2080,Organic Champions
1901,65,Male,Jewelry,Accessories,85,Iowa,S,Blue,Summer,3.3,No,Free Shipping,No,No,34,Cash,Quarterly,0,0,0,4,Boomer+ (65+),0.0,56.85,Loyalists,0,0,0,340,Stable Loyalists
1902,56,Male,Socks,Clothing,76,Arizona,S,Beige,Winter,3.9,No,Store Pickup,No,No,50,Cash,Quarterly,0,0,0,4,Boomer-Early (55-64),0.0,65.97,Champions,0,0,0,304,Organic Champions
1903,31,Male,Sandals,Footwear,22,New Mexico,S,Olive,Spring,5.0,No,Store Pickup,No,No,21,Venmo,Monthly,0,0,0,12,Millennial-Early (25-34),0.0,22.59,At-Risk,1,0,0,264,At-Risk / Dormant
1904,59,Male,Pants,Clothing,63,North Carolina,M,Gold,Summer,3.3,No,Standard,No,No,37,Bank Transfer,Weekly,0,0,0,52,Boomer-Early (55-64),0.0,73.2,Champions,0,1,0,3276,Organic Champions
1905,22,Male,T-shirt,Clothing,71,Nevada,S,Silver,Spring,4.2,No,Free Shipping,No,No,46,Cash,Monthly,0,0,0,12,Gen Z (18-24),0.0,64.44,Champions,1,1,1,852,Organic Champions
1906,47,Male,Boots,Footwear,35,Idaho,M,Teal,Summer,4.9,No,2-Day Shipping,No,No,14,Bank Transfer,Fortnightly,0,0,0,26,Gen X (45-54),0.0,29.43,At-Risk,1,0,0,910,At-Risk / Dormant
1907,23,Male,Backpack,Accessories,30,Vermont,M,Green,Spring,4.6,No,2-Day Shipping,No,No,24,PayPal,Fortnightly,0,0,0,26,Gen Z (18-24),0.0,35.41,Potential,1,0,0,780,Growth Potential
1908,69,Male,Skirt,Clothing,74,New Mexico,L,Orange,Fall,4.8,No,Store Pickup,No,No,36,Credit Card,Every 3 Months,0,0,0,4,Boomer+ (65+),0.0,53.67,Loyalists,1,0,1,296,Stable Loyalists
1909,18,Male,Scarf,Accessories,71,Georgia,XL,Charcoal,Winter,2.7,No,Next Day Air,No,No,19,Debit Card,Bi-Weekly,0,0,0,26,Gen Z (18-24),0.0,49.26,Loyalists,0,0,0,1846,Stable Loyalists
1910,50,Male,Sweater,Clothing,84,Kentucky,S,Black,Spring,4.3,No,Store Pickup,No,No,12,Credit Card,Monthly,0,0,0,12,Gen X (45-54),0.0,42.37,Potential,1,0,0,1008,Growth Potential
1911,29,Male,Sandals,Footwear,38,New York,S,Yellow,Fall,3.8,No,Express,No,No,13,Debit Card,Quarterly,0,0,0,4,Millennial-Early (25-34),0.0,19.14,At-Risk,0,0,0,152,At-Risk / Dormant
1912,65,Male,Jewelry,Accessories,81,Arizona,M,Gray,Spring,4.9,No,Express,No,No,32,Debit Card,Bi-Weekly,0,0,0,26,Boomer+ (65+),0.0,64.25,Champions,1,1,1,2106,Organic Champions
1913,29,Male,Sweater,Clothing,56,Colorado,S,Charcoal,Winter,3.4,No,2-Day Shipping,No,No,5,Credit Card,Bi-Weekly,0,0,0,26,Millennial-Early (25-34),0.0,31.27,At-Risk,0,0,0,1456,At-Risk / Dormant
1914,49,Male,Skirt,Clothing,48,Kentucky,M,Peach,Winter,3.6,No,Express,No,No,29,Cash,Annually,0,0,0,1,Gen X (45-54),0.0,35.11,Potential,0,0,0,48,Growth Potential
1915,28,Male,Shorts,Clothing,97,Alaska,L,Green,Fall,3.4,No,Standard,No,No,40,Credit Card,Fortnightly,0,0,0,26,Millennial-Early (25-34),0.0,77.78,Champions,0,1,0,2522,Organic Champions
1916,51,Male,Backpack,Accessories,74,Alabama,M,Magenta,Fall,4.7,No,2-Day Shipping,No,No,44,Cash,Weekly,0,0,0,52,Gen X (45-54),0.0,83.73,Champions,1,1,1,3848,Organic Champions
1917,26,Male,Hoodie,Clothing,50,Connecticut,S,Beige,Winter,3.0,No,Next Day Air,No,No,3,Debit Card,Bi-Weekly,0,0,0,26,Millennial-Early (25-34),0.0,27.01,At-Risk,0,0,0,1300,At-Risk / Dormant
1918,38,Male,Skirt,Clothing,71,Hawaii,L,Black,Winter,3.4,No,Free Shipping,No,No,35,PayPal,Bi-Weekly,0,0,0,26,Millennial-Late (35-44),0.0,62.32,Champions,0,1,0,1846,Organic Champions
1919,35,Male,Skirt,Clothing,33,Idaho,S,Purple,Summer,4.6,No,Standard,No,No,33,Debit Card,Monthly,0,0,0,12,Millennial-Late (35-44),0.0,37.2,Potential,1,1,0,396,Growth Potential
1920,34,Male,Backpack,Accessories,56,Virginia,M,Olive,Summer,3.1,No,Express,No,No,20,PayPal,Bi-Weekly,0,0,0,26,Millennial-Early (25-34),0.0,43.52,Potential,0,0,0,1456,Growth Potential
1921,51,Male,Blouse,Clothing,84,Connecticut,M,Purple,Spring,2.8,No,Standard,No,No,40,Cash,Every 3 Months,0,0,0,4,Gen X (45-54),0.0,61.31,Champions,0,0,0,336,Organic Champions
1922,47,Male,Shirt,Clothing,36,Michigan,M,Green,Fall,3.5,No,Store Pickup,No,No,13,Venmo,Annually,0,0,0,1,Gen X (45-54),0.0,16.8,At-Risk,0,0,0,36,At-Risk / Dormant
1923,18,Male,Gloves,Accessories,63,Kentucky,S,Peach,Summer,4.6,No,Standard,No,No,9,PayPal,Monthly,0,0,0,12,Gen Z (18-24),0.0,30.74,At-Risk,1,0,0,756,At-Risk / Dormant
1924,64,Male,Sandals,Footwear,36,Nebraska,XL,Blue,Summer,4.3,No,Standard,No,No,7,Cash,Annually,0,0,0,1,Boomer-Early (55-64),0.0,11.9,At-Risk,1,0,0,36,At-Risk / Dormant
1925,30,Male,Jacket,Outerwear,63,Michigan,M,Gray,Fall,4.8,No,Free Shipping,No,No,42,PayPal,Quarterly,0,0,0,4,Millennial-Early (25-34),0.0,53.75,Loyalists,1,0,1,252,Stable Loyalists
1926,59,Male,Sneakers,Footwear,32,Utah,L,Black,Winter,2.9,No,Express,No,No,44,Credit Card,Fortnightly,0,0,0,26,Boomer-Early (55-64),0.0,52.61,Loyalists,0,1,0,832,Stable Loyalists
1927,66,Male,Backpack,Accessories,93,New Mexico,M,Silver,Spring,3.0,No,Express,No,No,6,PayPal,Annually,0,0,0,1,Boomer+ (65+),0.0,36.02,Potential,0,0,0,93,Growth Potential
1928,40,Male,Pants,Clothing,29,Florida,M,Pink,Summer,2.9,No,Standard,No,No,8,Cash,Every 3 Months,0,0,0,4,Millennial-Late (35-44),0.0,11.12,At-Risk,0,0,0,116,At-Risk / Dormant
1929,25,Male,Sunglasses,Accessories,92,Mississippi,S,Lavender,Summer,3.7,No,Standard,No,No,10,PayPal,Weekly,0,0,0,52,Millennial-Early (25-34),0.0,63.85,Champions,0,0,0,4784,Organic Champions
1930,59,Male,Jeans,Clothing,33,Hawaii,L,Brown,Fall,4.7,No,Standard,No,No,46,Venmo,Quarterly,0,0,0,4,Boomer-Early (55-64),0.0,43.89,Potential,1,0,0,132,Growth Potential
1931,66,Male,Pants,Clothing,52,North Carolina,L,Turquoise,Spring,3.5,No,Store Pickup,No,No,26,Cash,Weekly,0,0,0,52,Boomer+ (65+),0.0,59.41,Champions,0,1,0,2704,Organic Champions
1932,54,Male,Jewelry,Accessories,42,Illinois,S,Olive,Spring,2.7,No,Store Pickup,No,No,6,Debit Card,Every 3 Months,0,0,0,4,Gen X (45-54),0.0,15.18,At-Risk,0,0,0,168,At-Risk / Dormant
1933,42,Male,Hoodie,Clothing,36,Maryland,M,White,Spring,5.0,No,Free Shipping,No,No,47,Credit Card,Every 3 Months,0,0,0,4,Millennial-Late (35-44),0.0,46.02,Loyalists,1,0,1,144,Stable Loyalists
1934,48,Male,Sandals,Footwear,67,Montana,L,Violet,Summer,4.1,No,Next Day Air,No,No,28,Venmo,Annually,0,0,0,1,Gen X (45-54),0.0,42.6,Potential,1,0,0,67,Growth Potential
1935,34,Male,Jacket,Outerwear,43,Michigan,L,Gold,Winter,2.7,No,Free Shipping,No,No,23,Bank Transfer,Annually,0,0,0,1,Millennial-Early (25-34),0.0,28.02,At-Risk,0,0,0,43,At-Risk / Dormant
1936,19,Male,Blouse,Clothing,68,North Carolina,XL,Violet,Spring,4.8,No,Free Shipping,No,No,45,Cash,Fortnightly,0,0,0,26,Gen Z (18-24),0.0,69.17,Champions,1,1,1,1768,Organic Champions
1937,70,Male,Jewelry,Accessories,60,Minnesota,S,Teal,Summer,4.3,No,2-Day Shipping,No,No,44,PayPal,Every 3 Months,0,0,0,4,Boomer+ (65+),0.0,54.07,Loyalists,1,0,1,240,Stable Loyalists
1938,43,Male,Socks,Clothing,53,Delaware,M,Olive,Summer,4.5,No,2-Day Shipping,No,No,11,Bank Transfer,Monthly,0,0,0,12,Millennial-Late (35-44),0.0,27.99,At-Risk,1,0,0,636,At-Risk / Dormant
1939,46,Male,Jeans,Clothing,23,Kentucky,L,Blue,Spring,3.8,No,Standard,No,No,39,Debit Card,Bi-Weekly,0,0,0,26,Gen X (45-54),0.0,44.59,Potential,0,1,0,598,Growth Potential
1940,66,Male,Gloves,Accessories,57,Ohio,L,Magenta,Winter,3.7,No,Store Pickup,No,No,20,PayPal,Every 3 Months,0,0,0,4,Boomer+ (65+),0.0,33.17,Potential,0,0,0,228,Growth Potential
1941,50,Male,Hat,Accessories,89,Alaska,L,Gray,Fall,3.9,No,2-Day Shipping,No,No,48,PayPal,Fortnightly,0,0,0,26,Gen X (45-54),0.0,80.81,Champions,0,1,0,2314,Organic Champions
1942,55,Male,Shoes,Footwear,99,Vermont,XL,Peach,Winter,3.3,No,Standard,No,No,46,Credit Card,Quarterly,0,0,0,4,Boomer-Early (55-64),0.0,72.77,Champions,0,0,0,396,Organic Champions
1943,63,Male,Pants,Clothing,28,Alabama,M,Cyan,Fall,3.4,No,Express,No,No,22,PayPal,Monthly,0,0,0,12,Boomer-Early (55-64),0.0,26.04,At-Risk,0,0,0,336,At-Risk / Dormant
1944,32,Male,Socks,Clothing,53,Wisconsin,L,Violet,Summer,3.8,No,Next Day Air,No,No,45,Cash,Annually,0,0,0,1,Millennial-Early (25-34),0.0,50.36,Loyalists,0,0,0,53,Stable Loyalists
1945,30,Male,Hoodie,Clothing,45,Arkansas,M,Gold,Winter,2.7,No,Free Shipping,No,No,49,Cash,Every 3 Months,0,0,0,4,Millennial-Early (25-34),0.0,51.59,Loyalists,0,0,0,180,Stable Loyalists
1946,35,Male,Hoodie,Clothing,38,Georgia,M,Gold,Winter,2.9,No,2-Day Shipping,No,No,9,Credit Card,Every 3 Months,0,0,0,4,Millennial-Late (35-44),0.0,15.88,At-Risk,0,0,0,152,At-Risk / Dormant
1947,59,Male,Pants,Clothing,49,Louisiana,M,White,Summer,4.5,No,Standard,No,No,41,Credit Card,Quarterly,0,0,0,4,Boomer-Early (55-64),0.0,46.81,Loyalists,1,0,1,196,Stable Loyalists
1948,59,Male,Shirt,Clothing,32,New York,M,Gray,Summer,2.6,No,Store Pickup,No,No,2,PayPal,Monthly,0,0,0,12,Boomer-Early (55-64),0.0,11.46,At-Risk,0,0,0,384,At-Risk / Dormant
1949,54,Male,T-shirt,Clothing,37,Connecticut,L,Brown,Winter,3.1,No,Next Day Air,No,No,39,PayPal,Bi-Weekly,0,0,0,26,Gen X (45-54),0.0,50.71,Loyalists,0,1,0,962,Stable Loyalists
1950,63,Male,Dress,Clothing,80,Nebraska,L,Gray,Winter,4.7,No,Store Pickup,No,No,12,PayPal,Quarterly,0,0,0,4,Boomer-Early (55-64),0.0,36.7,Potential,1,0,0,320,Growth Potential
1951,43,Male,Backpack,Accessories,78,Arkansas,L,Blue,Summer,4.6,No,Free Shipping,No,No,26,PayPal,Every 3 Months,0,0,0,4,Millennial-Late (35-44),0.0,47.25,Loyalists,1,0,1,312,Stable Loyalists
1952,33,Male,Gloves,Accessories,53,Connecticut,L,Gold,Summer,2.7,No,Next Day Air,No,No,32,Bank Transfer,Bi-Weekly,0,0,0,26,Millennial-Early (25-34),0.0,52.0,Loyalists,0,1,0,1378,Stable Loyalists
1953,57,Male,Shoes,Footwear,82,Maryland,L,Yellow,Summer,4.6,No,2-Day Shipping,No,No,50,Cash,Bi-Weekly,0,0,0,26,Boomer-Early (55-64),0.0,79.38,Champions,1,1,1,2132,Organic Champions
1954,25,Male,Skirt,Clothing,33,Colorado,XL,Green,Spring,4.8,No,Standard,No,No,3,PayPal,Fortnightly,0,0,0,26,Millennial-Early (25-34),0.0,19.58,At-Risk,1,0,0,858,At-Risk / Dormant
1955,26,Male,Gloves,Accessories,77,Colorado,M,Pink,Winter,4.2,No,Free Shipping,No,No,3,Venmo,Quarterly,0,0,0,4,Millennial-Early (25-34),0.0,28.04,At-Risk,1,0,0,308,At-Risk / Dormant
1956,50,Male,Hoodie,Clothing,56,Maine,M,Pink,Winter,4.9,No,Express,No,No,37,Cash,Monthly,0,0,0,12,Gen X (45-54),0.0,50.53,Loyalists,1,1,1,672,Stable Loyalists
1957,70,Male,Socks,Clothing,37,Oklahoma,M,Pink,Winter,4.9,No,Express,No,No,20,Credit Card,Fortnightly,0,0,0,26,Boomer+ (65+),0.0,35.2,Potential,1,0,0,962,Growth Potential
1958,68,Male,Gloves,Accessories,54,South Carolina,M,Cyan,Spring,4.5,No,Store Pickup,No,No,26,Cash,Bi-Weekly,0,0,0,26,Boomer+ (65+),0.0,47.54,Loyalists,1,1,1,1404,Stable Loyalists
1959,39,Male,Shorts,Clothing,67,Nevada,M,Gray,Winter,2.7,No,Store Pickup,No,No,47,Cash,Quarterly,0,0,0,4,Millennial-Late (35-44),0.0,59.58,Champions,0,0,0,268,Organic Champions
1960,46,Male,Shoes,Footwear,90,Colorado,M,White,Fall,3.1,No,Store Pickup,No,No,7,Credit Card,Every 3 Months,0,0,0,4,Gen X (45-54),0.0,36.99,Potential,0,0,0,360,Growth Potential
1961,57,Male,Jeans,Clothing,72,Massachusetts,L,Red,Summer,3.3,No,2-Day Shipping,No,No,40,Credit Card,Annually,0,0,0,1,Boomer-Early (55-64),0.0,54.59,Loyalists,0,0,0,72,Stable Loyalists
1962,47,Male,Boots,Footwear,59,Nevada,L,Black,Summer,2.6,No,Free Shipping,No,No,45,Debit Card,Quarterly,0,0,0,4,Gen X (45-54),0.0,54.45,Loyalists,0,0,0,236,Stable Loyalists
1963,40,Male,Hat,Accessories,45,Iowa,M,Silver,Fall,4.4,No,Standard,No,No,20,PayPal,Fortnightly,0,0,0,26,Millennial-Late (35-44),0.0,38.7,Potential,1,0,0,1170,Growth Potential
1964,52,Male,Shorts,Clothing,30,Michigan,L,Pink,Spring,3.9,No,Standard,No,No,11,Credit Card,Weekly,0,0,0,52,Gen X (45-54),0.0,37.54,Potential,0,0,0,1560,Growth Potential
1965,40,Male,Pants,Clothing,51,West Virginia,S,Cyan,Summer,4.6,No,Express,No,No,50,Debit Card,Monthly,0,0,0,12,Millennial-Late (35-44),0.0,58.95,Champions,1,1,1,612,Organic Champions
1966,67,Male,Sweater,Clothing,90,Indiana,M,White,Fall,4.9,No,Express,No,No,25,Debit Card,Quarterly,0,0,0,4,Boomer+ (65+),0.0,51.69,Loyalists,1,0,1,360,Stable Loyalists
1967,67,Male,Jacket,Outerwear,95,Indiana,XL,Purple,Winter,3.7,No,Express,No,No,5,Credit Card,Fortnightly,0,0,0,26,Boomer+ (65+),0.0,48.33,Loyalists,0,0,0,2470,Stable Loyalists
1968,37,Male,Dress,Clothing,81,Georgia,L,Yellow,Fall,3.7,No,Standard,No,No,4,Venmo,Annually,0,0,0,1,Millennial-Late (35-44),0.0,29.14,At-Risk,0,0,0,81,At-Risk / Dormant
1969,67,Male,Shirt,Clothing,70,Minnesota,S,Blue,Spring,4.2,No,Standard,No,No,25,Credit Card,Weekly,0,0,0,52,Boomer+ (65+),0.0,66.47,Champions,1,1,1,3640,Organic Champions
1970,64,Male,Dress,Clothing,32,Louisiana,S,Cyan,Winter,3.5,No,Next Day Air,No,No,11,Bank Transfer,Fortnightly,0,0,0,26,Boomer-Early (55-64),0.0,25.67,At-Risk,0,0,0,832,At-Risk / Dormant
1971,28,Male,Belt,Accessories,94,Maryland,M,Indigo,Spring,2.9,No,Next Day Air,No,No,4,Credit Card,Bi-Weekly,0,0,0,26,Millennial-Early (25-34),0.0,47.08,Loyalists,0,0,0,2444,Stable Loyalists
1972,54,Male,Hat,Accessories,29,Pennsylvania,XL,Indigo,Spring,3.4,No,Next Day Air,No,No,1,Venmo,Monthly,0,0,0,12,Gen X (45-54),0.0,9.33,At-Risk,0,0,0,348,At-Risk / Dormant
1973,54,Male,Backpack,Accessories,31,Louisiana,M,Silver,Summer,3.3,No,Express,No,No,48,PayPal,Every 3 Months,0,0,0,4,Gen X (45-54),0.0,44.65,Potential,0,0,0,124,Growth Potential
1974,24,Male,Skirt,Clothing,20,Maryland,XL,Red,Fall,4.5,No,Standard,No,No,9,Venmo,Every 3 Months,0,0,0,4,Gen Z (18-24),0.0,8.0,At-Risk,1,0,0,80,At-Risk / Dormant
1975,27,Male,Gloves,Accessories,44,Tennessee,M,Peach,Winter,4.6,No,2-Day Shipping,No,No,2,PayPal,Fortnightly,0,0,0,26,Millennial-Early (25-34),0.0,23.57,At-Risk,1,0,0,1144,At-Risk / Dormant
1976,53,Male,Jacket,Outerwear,77,Illinois,L,Turquoise,Fall,2.9,No,Express,No,No,4,Cash,Quarterly,0,0,0,4,Gen X (45-54),0.0,28.86,At-Risk,0,0,0,308,At-Risk / Dormant
1977,32,Male,Handbag,Accessories,51,Wyoming,M,Pink,Spring,3.2,No,Next Day Air,No,No,43,PayPal,Fortnightly,0,0,0,26,Millennial-Early (25-34),0.0,60.1,Champions,0,1,0,1326,Organic Champions
1978,24,Male,Sandals,Footwear,49,Florida,M,Teal,Summer,2.6,No,Free Shipping,No,No,32,Bank Transfer,Annually,0,0,0,1,Gen Z (18-24),0.0,37.99,Potential,0,0,0,49,Growth Potential
1979,45,Male,Sunglasses,Accessories,78,Massachusetts,L,Magenta,Spring,3.8,No,Store Pickup,No,No,1,Cash,Quarterly,0,0,0,4,Gen X (45-54),0.0,26.85,At-Risk,0,0,0,312,At-Risk / Dormant
1980,49,Male,Jeans,Clothing,98,Tennessee,L,Blue,Spring,2.8,No,Store Pickup,No,No,38,Debit Card,Fortnightly,0,0,0,26,Gen X (45-54),0.0,76.58,Champions,0,1,0,2548,Organic Champions
1981,51,Male,Sandals,Footwear,94,Iowa,M,Green,Winter,4.4,No,Store Pickup,No,No,25,PayPal,Fortnightly,0,0,0,26,Gen X (45-54),0.0,64.22,Champions,1,1,1,2444,Organic Champions
1982,69,Male,Shoes,Footwear,91,Michigan,L,Violet,Summer,4.7,No,Express,No,No,42,PayPal,Quarterly,0,0,0,4,Boomer+ (65+),0.0,66.0,Champions,1,0,1,364,Organic Champions
1983,41,Male,Sunglasses,Accessories,77,Kansas,M,Turquoise,Summer,2.7,No,2-Day Shipping,No,No,32,PayPal,Monthly,0,0,0,12,Millennial-Late (35-44),0.0,55.64,Loyalists,0,1,0,924,Stable Loyalists
1984,59,Male,Scarf,Accessories,97,Georgia,M,Pink,Summer,2.6,No,Next Day Air,No,No,21,Debit Card,Quarterly,0,0,0,4,Boomer-Early (55-64),0.0,51.48,Loyalists,0,0,0,388,Stable Loyalists
1985,26,Male,Skirt,Clothing,58,West Virginia,M,Black,Summer,3.4,No,2-Day Shipping,No,No,26,PayPal,Fortnightly,0,0,0,26,Millennial-Early (25-34),0.0,49.29,Loyalists,0,1,0,1508,Stable Loyalists
1986,23,Male,Gloves,Accessories,97,Tennessee,M,Gold,Spring,3.9,No,2-Day Shipping,No,No,6,Credit Card,Fortnightly,0,0,0,26,Gen Z (18-24),0.0,50.02,Loyalists,0,0,0,2522,Stable Loyalists
1987,62,Male,Coat,Outerwear,48,Arkansas,L,Green,Summer,3.4,No,2-Day Shipping,No,No,14,Venmo,Quarterly,0,0,0,4,Boomer-Early (55-64),0.0,24.33,At-Risk,0,0,0,192,At-Risk / Dormant
1988,69,Male,Belt,Accessories,23,Vermont,XL,White,Summer,3.4,No,Express,No,No,4,Cash,Quarterly,0,0,0,4,Boomer+ (65+),0.0,5.23,At-Risk,0,0,0,92,At-Risk / Dormant
1989,46,Male,Pants,Clothing,79,Virginia,M,Gold,Winter,3.9,No,Free Shipping,No,No,26,Bank Transfer,Weekly,0,0,0,52,Gen X (45-54),0.0,71.22,Champions,0,1,0,4108,Organic Champions
1990,35,Male,Jewelry,Accessories,42,Maryland,S,Charcoal,Spring,4.0,No,Express,No,No,39,PayPal,Bi-Weekly,0,0,0,26,Millennial-Late (35-44),0.0,52.9,Loyalists,1,1,1,1092,Stable Loyalists
1991,32,Male,Backpack,Accessories,95,Connecticut,L,White,Spring,3.4,No,2-Day Shipping,No,No,15,PayPal,Annually,0,0,0,1,Millennial-Early (25-34),0.0,44.24,Potential,0,0,0,95,Growth Potential
1992,46,Male,Sneakers,Footwear,29,Missouri,M,Brown,Summer,3.7,No,Next Day Air,No,No,1,Venmo,Every 3 Months,0,0,0,4,Gen X (45-54),0.0,5.41,At-Risk,0,0,0,116,At-Risk / Dormant
1993,33,Male,Hoodie,Clothing,98,New Jersey,L,Gold,Winter,4.9,No,2-Day Shipping,No,No,28,Venmo,Monthly,0,0,0,12,Millennial-Early (25-34),0.0,61.56,Champions,1,1,1,1176,Organic Champions
1994,32,Male,Blouse,Clothing,96,Arkansas,S,Purple,Spring,5.0,No,Express,No,No,17,Cash,Weekly,0,0,0,52,Millennial-Early (25-34),0.0,71.31,Champions,1,0,1,4992,Organic Champions
1995,33,Male,Sunglasses,Accessories,66,Nevada,M,Brown,Fall,2.9,No,Next Day Air,No,No,24,Credit Card,Weekly,0,0,0,52,Millennial-Early (25-34),0.0,63.9,Champions,0,0,0,3432,Organic Champions
1996,67,Male,Boots,Footwear,80,Missouri,S,Teal,Spring,3.0,No,Standard,No,No,29,Debit Card,Quarterly,0,0,0,4,Boomer+ (65+),0.0,50.58,Loyalists,0,0,0,320,Stable Loyalists
1997,67,Male,Sneakers,Footwear,27,South Dakota,L,Indigo,Summer,3.3,No,Next Day Air,No,No,18,Cash,Every 3 Months,0,0,0,4,Boomer+ (65+),0.0,18.41,At-Risk,0,0,0,108,At-Risk / Dormant
1998,42,Male,Backpack,Accessories,25,Connecticut,M,Purple,Fall,4.7,No,Express,No,No,10,Debit Card,Bi-Weekly,0,0,0,26,Millennial-Late (35-44),0.0,21.79,At-Risk,1,0,0,650,At-Risk / Dormant
1999,20,Male,Pants,Clothing,45,Vermont,M,Orange,Fall,3.4,No,2-Day Shipping,No,No,19,Cash,Quarterly,0,0,0,4,Gen Z (18-24),0.0,27.1,At-Risk,0,0,0,180,At-Risk / Dormant
2000,39,Male,Socks,Clothing,89,Tennessee,L,Indigo,Winter,4.6,No,2-Day Shipping,No,No,26,Debit Card,Monthly,0,0,0,12,Millennial-Late (35-44),0.0,55.99,Loyalists,1,1,1,1068,Stable Loyalists
2001,26,Male,Belt,Accessories,27,California,M,Lavender,Winter,3.6,No,2-Day Shipping,No,No,25,Cash,Bi-Weekly,0,0,0,26,Millennial-Early (25-34),0.0,34.91,Potential,0,1,0,702,Growth Potential
2002,51,Male,Sunglasses,Accessories,90,Wyoming,S,Purple,Winter,2.6,No,Free Shipping,No,No,2,Debit Card,Fortnightly,0,0,0,26,Gen X (45-54),0.0,43.7,Potential,0,0,0,2340,Growth Potential
2003,31,Male,Shirt,Clothing,65,New York,M,Red,Summer,2.7,No,Express,No,No,19,PayPal,Every 3 Months,0,0,0,4,Millennial-Early (25-34),0.0,35.85,Potential,0,0,0,260,Growth Potential
2004,68,Male,Sneakers,Footwear,72,Maine,S,Blue,Spring,3.1,No,Express,No,No,32,Cash,Quarterly,0,0,0,4,Boomer+ (65+),0.0,49.53,Loyalists,0,0,0,288,Stable Loyalists
2005,44,Male,Shoes,Footwear,70,Georgia,L,Blue,Fall,3.2,No,2-Day Shipping,No,No,13,Cash,Bi-Weekly,0,0,0,26,Millennial-Late (35-44),0.0,43.93,Potential,0,0,0,1820,Growth Potential
2006,18,Male,Sandals,Footwear,82,Tennessee,M,Cyan,Winter,3.4,No,Store Pickup,No,No,30,PayPal,Fortnightly,0,0,0,26,Gen Z (18-24),0.0,63.05,Champions,0,1,0,2132,Organic Champions
2007,58,Male,Scarf,Accessories,97,New Mexico,S,Pink,Fall,4.4,No,Express,No,No,2,Credit Card,Annually,0,0,0,1,Boomer-Early (55-64),0.0,34.5,Potential,1,0,0,97,Growth Potential
2008,26,Male,Shirt,Clothing,25,Virginia,M,Silver,Summer,3.2,No,2-Day Shipping,No,No,8,PayPal,Quarterly,0,0,0,4,Millennial-Early (25-34),0.0,9.37,At-Risk,0,0,0,100,At-Risk / Dormant
2009,57,Male,Skirt,Clothing,48,Florida,M,Gray,Spring,2.5,No,Free Shipping,No,No,27,PayPal,Every 3 Months,0,0,0,4,Boomer-Early (55-64),0.0,34.95,Potential,0,0,0,192,Growth Potential
2010,37,Male,Boots,Footwear,99,Alabama,M,Indigo,Summer,3.8,No,Next Day Air,No,No,26,Venmo,Bi-Weekly,0,0,0,26,Millennial-Late (35-44),0.0,67.23,Champions,0,1,0,2574,Organic Champions
2011,24,Male,Sweater,Clothing,21,Texas,M,Maroon,Summer,4.4,No,2-Day Shipping,No,No,3,Debit Card,Bi-Weekly,0,0,0,26,Gen Z (18-24),0.0,14.33,At-Risk,1,0,0,546,At-Risk / Dormant
2012,57,Male,Sandals,Footwear,94,West Virginia,M,Beige,Spring,3.7,No,Express,No,No,4,Bank Transfer,Monthly,0,0,0,12,Boomer-Early (55-64),0.0,40.22,Potential,0,0,0,1128,Growth Potential
2013,48,Male,Jeans,Clothing,53,Nevada,L,Green,Fall,3.2,No,Store Pickup,No,No,5,Cash,Fortnightly,0,0,0,26,Gen X (45-54),0.0,29.96,At-Risk,0,0,0,1378,At-Risk / Dormant
2014,39,Male,Backpack,Accessories,70,Virginia,M,Peach,Winter,4.9,No,Standard,No,No,25,Debit Card,Quarterly,0,0,0,4,Millennial-Late (35-44),0.0,42.94,Potential,1,0,0,280,Growth Potential
2015,51,Male,Skirt,Clothing,26,Wisconsin,L,Black,Summer,3.9,No,Standard,No,No,47,PayPal,Bi-Weekly,0,0,0,26,Gen X (45-54),0.0,52.43,Loyalists,0,1,0,676,Stable Loyalists
2016,57,Male,Belt,Accessories,82,Virginia,S,Pink,Summer,4.5,No,Next Day Air,No,No,8,Credit Card,Fortnightly,0,0,0,26,Boomer-Early (55-64),0.0,45.09,Loyalists,1,0,1,2132,Stable Loyalists
2017,53,Male,Shoes,Footwear,47,Maine,S,Violet,Winter,3.4,No,Standard,No,No,20,Debit Card,Fortnightly,0,0,0,26,Gen X (45-54),0.0,39.58,Potential,0,0,0,1222,Growth Potential
2018,70,Male,Socks,Clothing,32,Massachusetts,S,Green,Winter,4.1,No,Next Day Air,No,No,42,Bank Transfer,Every 3 Months,0,0,0,4,Boomer+ (65+),0.0,40.19,Potential,1,0,0,128,Growth Potential
2019,60,Male,Backpack,Accessories,97,Arkansas,S,Gold,Fall,4.5,No,Store Pickup,No,No,20,Bank Transfer,Weekly,0,0,0,52,Boomer-Early (55-64),0.0,74.2,Champions,1,0,1,5044,Organic Champions
2020,31,Male,Shirt,Clothing,68,Idaho,S,Red,Winter,4.7,No,Store Pickup,No,No,23,Cash,Fortnightly,0,0,0,26,Millennial-Early (25-34),0.0,51.21,Loyalists,1,0,1,1768,Stable Loyalists
2021,41,Male,Sweater,Clothing,23,Pennsylvania,M,Beige,Winter,4.8,No,Next Day Air,No,No,26,Cash,Quarterly,0,0,0,4,Millennial-Late (35-44),0.0,23.19,At-Risk,1,0,0,92,At-Risk / Dormant
2022,62,Male,Handbag,Accessories,33,Maine,M,Green,Winter,4.4,No,Standard,No,No,48,Venmo,Quarterly,0,0,0,4,Boomer-Early (55-64),0.0,45.53,Loyalists,1,0,1,132,Stable Loyalists
2023,59,Male,Jewelry,Accessories,38,Alabama,S,Black,Winter,4.0,No,Store Pickup,No,No,16,Cash,Bi-Weekly,0,0,0,26,Boomer-Early (55-64),0.0,32.37,At-Risk,1,0,0,988,At-Risk / Dormant
2024,46,Male,Socks,Clothing,68,Idaho,S,Teal,Winter,4.1,No,Store Pickup,No,No,28,Cash,Bi-Weekly,0,0,0,26,Gen X (45-54),0.0,55.3,Loyalists,1,1,1,1768,Stable Loyalists
2025,62,Male,Socks,Clothing,23,Arkansas,L,Silver,Fall,3.7,No,Express,No,No,39,PayPal,Weekly,0,0,0,52,Boomer-Early (55-64),0.0,57.33,Loyalists,0,1,0,1196,Stable Loyalists
2026,42,Male,Shirt,Clothing,29,Delaware,M,Turquoise,Summer,3.0,No,Express,No,No,43,Debit Card,Fortnightly,0,0,0,26,Millennial-Late (35-44),0.0,50.48,Loyalists,0,1,0,754,Stable Loyalists
2027,37,Male,Scarf,Accessories,35,Maine,M,Orange,Winter,3.6,No,Express,No,No,45,Bank Transfer,Every 3 Months,0,0,0,4,Millennial-Late (35-44),0.0,43.95,Potential,0,0,0,140,Growth Potential
2028,50,Male,Shoes,Footwear,73,Nebraska,S,Gold,Fall,4.8,No,Standard,No,No,50,Credit Card,Every 3 Months,0,0,0,4,Gen X (45-54),0.0,64.66,Champions,1,0,1,292,Organic Champions
2029,29,Male,Shoes,Footwear,84,Ohio,XL,Purple,Fall,3.7,No,2-Day Shipping,No,No,10,Venmo,Bi-Weekly,0,0,0,26,Millennial-Early (25-34),0.0,47.6,Loyalists,0,0,0,2184,Stable Loyalists
2030,25,Male,Scarf,Accessories,23,Montana,M,Pink,Spring,4.6,No,Next Day Air,No,No,40,PayPal,Quarterly,0,0,0,4,Millennial-Early (25-34),0.0,34.62,Potential,1,0,0,92,Growth Potential
2031,66,Male,Sunglasses,Accessories,67,New Mexico,S,Green,Summer,2.8,No,Standard,No,No,38,Credit Card,Monthly,0,0,0,12,Boomer+ (65+),0.0,56.16,Loyalists,0,1,0,804,Stable Loyalists
2032,21,Male,Socks,Clothing,51,North Carolina,L,Charcoal,Spring,4.0,No,Standard,No,No,2,Credit Card,Monthly,0,0,0,12,Gen Z (18-24),0.0,19.77,At-Risk,1,0,0,612,At-Risk / Dormant
2033,46,Male,Blouse,Clothing,36,South Carolina,M,Maroon,Winter,4.2,No,Next Day Air,No,No,13,Cash,Annually,0,0,0,1,Gen X (45-54),0.0,16.8,At-Risk,1,0,0,36,At-Risk / Dormant
2034,57,Male,Jeans,Clothing,55,Illinois,L,Olive,Summer,3.6,No,Express,No,No,33,Venmo,Annually,0,0,0,1,Boomer-Early (55-64),0.0,41.43,Potential,0,0,0,55,Growth Potential
2035,61,Male,Shorts,Clothing,30,Alabama,M,Peach,Spring,2.9,No,Store Pickup,No,No,27,PayPal,Monthly,0,0,0,12,Boomer-Early (55-64),0.0,30.99,At-Risk,0,1,0,360,At-Risk / Dormant
2036,53,Male,T-shirt,Clothing,70,Oklahoma,S,Yellow,Summer,4.1,No,Express,No,No,43,Bank Transfer,Weekly,0,0,0,52,Gen X (45-54),0.0,81.16,Champions,1,1,1,3640,Organic Champions
2037,37,Male,Blouse,Clothing,63,Minnesota,S,Lavender,Winter,3.1,No,Next Day Air,No,No,46,Cash,Weekly,0,0,0,52,Millennial-Late (35-44),0.0,80.55,Champions,0,1,0,3276,Organic Champions
2038,39,Male,Belt,Accessories,87,Illinois,S,Green,Summer,4.3,No,Express,No,No,7,Venmo,Bi-Weekly,0,0,0,26,Millennial-Late (35-44),0.0,46.47,Loyalists,1,0,1,2262,Stable Loyalists
2039,53,Male,Blouse,Clothing,70,Arkansas,L,Orange,Spring,4.4,No,Next Day Air,No,No,35,Credit Card,Fortnightly,0,0,0,26,Gen X (45-54),0.0,61.89,Champions,1,1,1,1820,Organic Champions
2040,35,Male,T-shirt,Clothing,51,Minnesota,M,Olive,Spring,3.1,No,Next Day Air,No,No,31,Debit Card,Bi-Weekly,0,0,0,26,Millennial-Late (35-44),0.0,50.31,Loyalists,0,1,0,1326,Stable Loyalists
2041,69,Male,Jewelry,Accessories,25,South Carolina,XL,Gray,Spring,2.9,No,Free Shipping,No,No,42,Venmo,Quarterly,0,0,0,4,Boomer+ (65+),0.0,37.13,Potential,0,0,0,100,Growth Potential
2042,66,Male,Jacket,Outerwear,32,New York,S,Lavender,Winter,3.2,No,Next Day Air,No,No,14,PayPal,Bi-Weekly,0,0,0,26,Boomer+ (65+),0.0,28.12,At-Risk,0,0,0,832,At-Risk / Dormant
2043,19,Male,Shoes,Footwear,52,Alabama,M,Red,Spring,4.0,No,2-Day Shipping,No,No,35,Venmo,Monthly,0,0,0,12,Gen Z (18-24),0.0,47.15,Loyalists,1,1,1,624,Stable Loyalists
2044,47,Male,Gloves,Accessories,33,New York,M,Charcoal,Summer,2.7,No,Standard,No,No,49,PayPal,Weekly,0,0,0,52,Gen X (45-54),0.0,69.87,Champions,0,1,0,1716,Organic Champions
2045,49,Male,Jeans,Clothing,68,Missouri,L,Orange,Spring,3.0,No,Free Shipping,No,No,17,PayPal,Fortnightly,0,0,0,26,Gen X (45-54),0.0,46.32,Loyalists,0,0,0,1768,Stable Loyalists
2046,31,Male,Jewelry,Accessories,20,Georgia,M,Red,Fall,4.4,No,Express,No,No,26,PayPal,Quarterly,0,0,0,4,Millennial-Early (25-34),0.0,21.88,At-Risk,1,0,0,80,At-Risk / Dormant
2047,39,Male,Pants,Clothing,32,Oklahoma,M,Maroon,Winter,2.8,No,Free Shipping,No,No,30,Cash,Every 3 Months,0,0,0,4,Millennial-Late (35-44),0.0,30.39,At-Risk,0,0,0,128,At-Risk / Dormant
2048,58,Male,Jewelry,Accessories,82,Connecticut,M,Silver,Summer,3.1,No,Store Pickup,No,No,32,Cash,Annually,0,0,0,1,Boomer-Early (55-64),0.0,52.43,Loyalists,0,0,0,82,Stable Loyalists
2049,45,Male,Sneakers,Footwear,64,Michigan,XL,Pink,Winter,3.9,No,Express,No,No,35,Bank Transfer,Quarterly,0,0,0,4,Gen X (45-54),0.0,48.48,Loyalists,0,0,0,256,Stable Loyalists
2050,68,Male,Boots,Footwear,24,Rhode Island,L,Blue,Fall,2.7,No,Standard,No,No,15,Venmo,Annually,0,0,0,1,Boomer+ (65+),0.0,13.18,At-Risk,0,0,0,24,At-Risk / Dormant
2051,35,Male,Hat,Accessories,96,Mississippi,M,Teal,Summer,3.4,No,Store Pickup,No,No,10,Debit Card,Annually,0,0,0,1,Millennial-Late (35-44),0.0,40.6,Potential,0,0,0,96,Growth Potential
2052,65,Male,T-shirt,Clothing,94,Massachusetts,L,Black,Spring,3.8,No,Free Shipping,No,No,14,Credit Card,Monthly,0,0,0,12,Boomer+ (65+),0.0,48.38,Loyalists,0,0,0,1128,Stable Loyalists
2053,45,Male,Backpack,Accessories,48,New Hampshire,M,Gray,Winter,3.7,No,2-Day Shipping,No,No,30,Bank Transfer,Annually,0,0,0,1,Gen X (45-54),0.0,35.92,Potential,0,0,0,48,Growth Potential
2054,19,Male,Sunglasses,Accessories,60,Wyoming,S,Purple,Spring,4.5,No,2-Day Shipping,No,No,16,Credit Card,Fortnightly,0,0,0,26,Gen Z (18-24),0.0,42.0,Potential,1,0,0,1560,Growth Potential
2055,65,Male,Sweater,Clothing,56,New Jersey,XL,Gold,Spring,2.9,No,Express,No,No,14,PayPal,Annually,0,0,0,1,Boomer+ (65+),0.0,26.36,At-Risk,0,0,0,56,At-Risk / Dormant
2056,28,Male,Handbag,Accessories,33,Texas,M,Silver,Fall,3.4,No,2-Day Shipping,No,No,28,Bank Transfer,Weekly,0,0,0,52,Millennial-Early (25-34),0.0,52.73,Loyalists,0,1,0,1716,Stable Loyalists
2057,55,Male,Backpack,Accessories,46,Minnesota,L,Blue,Spring,4.4,No,2-Day Shipping,No,No,29,PayPal,Monthly,0,0,0,12,Boomer-Early (55-64),0.0,39.62,Potential,1,1,0,552,Growth Potential
2058,66,Male,Socks,Clothing,37,South Dakota,L,Yellow,Spring,4.2,No,Standard,No,No,5,PayPal,Every 3 Months,0,0,0,4,Boomer+ (65+),0.0,12.17,At-Risk,1,0,0,148,At-Risk / Dormant
2059,29,Male,Shirt,Clothing,98,Washington,M,Brown,Winter,3.3,No,Store Pickup,No,No,17,Bank Transfer,Quarterly,0,0,0,4,Millennial-Early (25-34),0.0,48.66,Loyalists,0,0,0,392,Stable Loyalists
2060,56,Male,Shorts,Clothing,50,California,XL,Beige,Spring,3.7,No,Express,No,No,50,PayPal,Weekly,0,0,0,52,Boomer-Early (55-64),0.0,78.12,Champions,0,1,0,2600,Organic Champions
2061,21,Male,Belt,Accessories,63,Wisconsin,M,Blue,Fall,3.2,No,Next Day Air,No,No,23,Bank Transfer,Quarterly,0,0,0,4,Gen Z (18-24),0.0,38.24,Potential,0,0,0,252,Growth Potential
2062,32,Male,Sweater,Clothing,70,Michigan,S,Magenta,Summer,2.6,No,Store Pickup,No,No,22,Debit Card,Annually,0,0,0,1,Millennial-Early (25-34),0.0,39.02,Potential,0,0,0,70,Growth Potential
2063,54,Male,Coat,Outerwear,63,South Carolina,L,Silver,Fall,2.8,No,Standard,No,No,15,Cash,Quarterly,0,0,0,4,Gen X (45-54),0.0,31.71,At-Risk,0,0,0,252,At-Risk / Dormant
2064,61,Male,Shorts,Clothing,86,Indiana,M,Cyan,Fall,2.9,No,Standard,No,No,32,Cash,Monthly,0,0,0,12,Boomer-Early (55-64),0.0,59.57,Champions,0,1,0,1032,Organic Champions
2065,31,Male,Shoes,Footwear,99,Arkansas,M,Green,Summer,4.0,No,2-Day Shipping,No,No,5,Bank Transfer,Monthly,0,0,0,12,Millennial-Early (25-34),0.0,43.22,Potential,1,0,0,1188,Growth Potential
2066,27,Male,Sneakers,Footwear,40,Oregon,M,Blue,Spring,2.9,No,Free Shipping,No,No,6,Bank Transfer,Bi-Weekly,0,0,0,26,Millennial-Early (25-34),0.0,25.09,At-Risk,0,0,0,1040,At-Risk / Dormant
2067,64,Male,Sneakers,Footwear,92,Illinois,M,Olive,Fall,4.7,No,Store Pickup,No,No,44,Debit Card,Fortnightly,0,0,0,26,Boomer-Early (55-64),0.0,78.86,Champions,1,1,1,2392,Organic Champions
2068,60,Male,Pants,Clothing,21,Maryland,XL,Beige,Fall,3.1,No,2-Day Shipping,No,No,23,Cash,Fortnightly,0,0,0,26,Boomer-Early (55-64),0.0,30.65,At-Risk,0,0,0,546,At-Risk / Dormant
2069,70,Male,Jewelry,Accessories,81,Vermont,XL,Black,Summer,3.9,No,Store Pickup,No,No,44,Venmo,Monthly,0,0,0,12,Boomer+ (65+),0.0,67.18,Champions,0,1,0,972,Organic Champions
2070,36,Male,T-shirt,Clothing,82,Texas,M,Indigo,Fall,3.4,No,Free Shipping,No,No,3,Debit Card,Quarterly,0,0,0,4,Millennial-Late (35-44),0.0,30.23,At-Risk,0,0,0,328,At-Risk / Dormant
2071,56,Male,Jewelry,Accessories,88,Nebraska,XL,Red,Spring,3.1,No,Express,No,No,14,Cash,Monthly,0,0,0,12,Boomer-Early (55-64),0.0,45.75,Loyalists,0,0,0,1056,Stable Loyalists
2072,69,Male,Jacket,Outerwear,100,South Carolina,S,Yellow,Fall,4.8,No,Store Pickup,No,No,37,PayPal,Quarterly,0,0,0,4,Boomer+ (65+),0.0,65.86,Champions,1,0,1,400,Organic Champions
2073,39,Male,Backpack,Accessories,66,Massachusetts,M,Beige,Winter,3.9,No,Next Day Air,No,No,22,Bank Transfer,Weekly,0,0,0,52,Millennial-Late (35-44),0.0,62.27,Champions,0,0,0,3432,Organic Champions
2074,38,Male,Belt,Accessories,25,Texas,S,Green,Winter,3.5,No,Next Day Air,No,No,2,PayPal,Every 3 Months,0,0,0,4,Millennial-Late (35-44),0.0,4.47,At-Risk,0,0,0,100,At-Risk / Dormant
2075,36,Male,Scarf,Accessories,53,Florida,M,White,Summer,3.1,No,Free Shipping,No,No,44,Debit Card,Fortnightly,0,0,0,26,Millennial-Late (35-44),0.0,61.79,Champions,0,1,0,1378,Organic Champions
2076,46,Male,Sweater,Clothing,28,South Carolina,S,Turquoise,Fall,4.7,No,Express,No,No,49,Debit Card,Monthly,0,0,0,12,Gen X (45-54),0.0,48.08,Loyalists,1,1,1,336,Stable Loyalists
2077,59,Male,Gloves,Accessories,23,Florida,S,Indigo,Fall,4.6,No,Free Shipping,No,No,22,Debit Card,Bi-Weekly,0,0,0,26,Boomer-Early (55-64),0.0,30.71,At-Risk,1,0,0,598,At-Risk / Dormant
2078,64,Male,Scarf,Accessories,34,Nebraska,L,Orange,Fall,3.3,No,Free Shipping,No,No,26,Bank Transfer,Annually,0,0,0,1,Boomer-Early (55-64),0.0,26.53,At-Risk,0,0,0,34,At-Risk / Dormant
2079,49,Male,Dress,Clothing,42,Hawaii,M,Blue,Spring,3.2,No,Next Day Air,No,No,40,Debit Card,Weekly,0,0,0,52,Gen X (45-54),0.0,66.46,Champions,0,1,0,2184,Organic Champions
2080,32,Male,Jeans,Clothing,24,Montana,L,Violet,Summer,3.1,No,Next Day Air,No,No,16,PayPal,Quarterly,0,0,0,4,Millennial-Early (25-34),0.0,15.47,At-Risk,0,0,0,96,At-Risk / Dormant
2081,29,Male,Sunglasses,Accessories,47,South Dakota,S,Gray,Fall,3.5,No,Free Shipping,No,No,17,Debit Card,Bi-Weekly,0,0,0,26,Millennial-Early (25-34),0.0,37.13,Potential,0,0,0,1222,Growth Potential
2082,24,Male,Coat,Outerwear,78,Alabama,S,Cyan,Spring,4.3,No,Standard,No,No,48,Bank Transfer,Bi-Weekly,0,0,0,26,Gen Z (18-24),0.0,76.0,Champions,1,1,1,2028,Organic Champions
2083,41,Male,Jeans,Clothing,89,Arkansas,M,Yellow,Summer,2.9,No,Free Shipping,No,No,28,Venmo,Every 3 Months,0,0,0,4,Millennial-Late (35-44),0.0,53.7,Loyalists,0,0,0,356,Stable Loyalists
2084,41,Male,Scarf,Accessories,59,Mississippi,L,Orange,Fall,2.7,No,Store Pickup,No,No,26,Credit Card,Fortnightly,0,0,0,26,Millennial-Late (35-44),0.0,49.73,Loyalists,0,1,0,1534,Stable Loyalists
2085,32,Male,Blouse,Clothing,94,Vermont,S,Brown,Summer,4.0,No,Standard,No,No,43,Bank Transfer,Quarterly,0,0,0,4,Millennial-Early (25-34),0.0,68.13,Champions,1,0,1,376,Organic Champions
2086,69,Male,Jeans,Clothing,49,New York,M,Teal,Fall,4.6,No,Free Shipping,No,No,38,Debit Card,Weekly,0,0,0,52,Boomer+ (65+),0.0,67.89,Champions,1,1,1,2548,Organic Champions
2087,65,Male,Dress,Clothing,89,North Dakota,L,Beige,Summer,4.7,No,2-Day Shipping,No,No,36,Cash,Every 3 Months,0,0,0,4,Boomer+ (65+),0.0,60.23,Champions,1,0,1,356,Organic Champions
2088,54,Male,Hat,Accessories,91,Wisconsin,M,Blue,Summer,4.7,No,Standard,No,No,1,Credit Card,Weekly,0,0,0,52,Gen X (45-54),0.0,56.06,Loyalists,1,0,1,4732,Stable Loyalists
2089,39,Male,Sandals,Footwear,89,California,L,Orange,Spring,4.0,No,Standard,No,No,49,Debit Card,Annually,0,0,0,1,Millennial-Late (35-44),0.0,69.37,Champions,1,0,1,89,Organic Champions
2090,37,Male,Jacket,Outerwear,57,Maryland,L,Gold,Spring,3.6,No,Free Shipping,No,No,41,Credit Card,Every 3 Months,0,0,0,4,Millennial-Late (35-44),0.0,50.31,Loyalists,0,0,0,228,Stable Loyalists
2091,51,Male,Socks,Clothing,71,Massachusetts,S,Teal,Winter,3.4,No,Free Shipping,No,No,21,Debit Card,Monthly,0,0,0,12,Gen X (45-54),0.0,44.03,Potential,0,0,0,852,Growth Potential
2092,26,Male,Jeans,Clothing,97,Washington,XL,Beige,Fall,3.0,No,Next Day Air,No,No,24,Bank Transfer,Quarterly,0,0,0,4,Millennial-Early (25-34),0.0,53.93,Loyalists,0,0,0,388,Stable Loyalists
2093,42,Male,Sandals,Footwear,45,Minnesota,M,Silver,Fall,2.6,No,Next Day Air,No,No,27,Bank Transfer,Weekly,0,0,0,52,Millennial-Late (35-44),0.0,57.16,Loyalists,0,1,0,2340,Stable Loyalists
2094,21,Male,Dress,Clothing,91,Washington,M,Maroon,Spring,4.2,No,Store Pickup,No,No,4,Debit Card,Annually,0,0,0,1,Gen Z (18-24),0.0,33.51,Potential,1,0,0,91,Growth Potential
2095,53,Male,Socks,Clothing,25,South Carolina,M,Indigo,Spring,3.4,No,Standard,No,No,19,Venmo,Annually,0,0,0,1,Gen X (45-54),0.0,16.88,At-Risk,0,0,0,25,At-Risk / Dormant
2096,36,Male,Hoodie,Clothing,63,New Mexico,M,Gray,Fall,4.0,No,Store Pickup,No,No,1,Bank Transfer,Fortnightly,0,0,0,26,Millennial-Late (35-44),0.0,31.07,At-Risk,1,0,0,1638,At-Risk / Dormant
2097,21,Male,Dress,Clothing,52,North Carolina,L,Blue,Summer,4.7,No,Free Shipping,No,No,27,Debit Card,Annually,0,0,0,1,Gen Z (18-24),0.0,35.22,Potential,1,0,0,52,Growth Potential
2098,33,Male,Sneakers,Footwear,43,Iowa,S,Cyan,Winter,3.9,No,Next Day Air,No,No,5,Credit Card,Weekly,0,0,0,52,Millennial-Early (25-34),0.0,38.33,Potential,0,0,0,2236,Growth Potential
2099,49,Male,T-shirt,Clothing,28,Louisiana,M,White,Summer,3.3,No,2-Day Shipping,No,No,20,Venmo,Quarterly,0,0,0,4,Gen X (45-54),0.0,20.48,At-Risk,0,0,0,112,At-Risk / Dormant
2100,31,Male,T-shirt,Clothing,78,Oklahoma,L,Green,Summer,2.9,No,Express,No,No,50,PayPal,Annually,0,0,0,1,Millennial-Early (25-34),0.0,65.38,Champions,0,0,0,78,Organic Champions
2101,68,Male,Sweater,Clothing,31,Michigan,M,Silver,Spring,4.4,No,Free Shipping,No,No,36,Cash,Fortnightly,0,0,0,26,Boomer+ (65+),0.0,45.64,Loyalists,1,1,1,806,Stable Loyalists
2102,49,Male,Shirt,Clothing,23,Oregon,M,Blue,Winter,3.6,No,Next Day Air,No,No,12,Bank Transfer,Bi-Weekly,0,0,0,26,Gen X (45-54),0.0,22.55,At-Risk,0,0,0,598,At-Risk / Dormant
2103,23,Male,Hat,Accessories,25,Idaho,M,Brown,Spring,4.5,No,Store Pickup,No,No,23,Cash,Monthly,0,0,0,12,Gen Z (18-24),0.0,25.54,At-Risk,1,0,0,300,At-Risk / Dormant
2104,30,Male,Pants,Clothing,86,Indiana,S,Red,Summer,3.7,No,Store Pickup,No,No,21,Venmo,Weekly,0,0,0,52,Millennial-Early (25-34),0.0,70.2,Champions,0,0,0,4472,Organic Champions
2105,53,Male,Shoes,Footwear,88,New Mexico,M,Gold,Spring,2.8,No,Free Shipping,No,No,47,Venmo,Weekly,0,0,0,52,Gen X (45-54),0.0,92.3,Champions,0,1,0,4576,Organic Champions
2106,65,Male,Gloves,Accessories,35,South Carolina,M,Silver,Spring,4.5,No,Free Shipping,No,No,38,Venmo,Bi-Weekly,0,0,0,26,Boomer+ (65+),0.0,49.02,Loyalists,1,1,1,910,Stable Loyalists
2107,60,Male,Jewelry,Accessories,34,Vermont,M,Gray,Fall,4.4,No,Standard,No,No,40,Credit Card,Every 3 Months,0,0,0,4,Boomer-Early (55-64),0.0,39.43,Potential,1,0,0,136,Growth Potential
2108,46,Male,Pants,Clothing,75,Delaware,M,Black,Winter,3.3,No,Standard,No,No,35,PayPal,Quarterly,0,0,0,4,Gen X (45-54),0.0,53.29,Loyalists,0,0,0,300,Stable Loyalists
2109,54,Male,Hoodie,Clothing,46,North Dakota,XL,Beige,Winter,4.2,No,Express,No,No,4,Credit Card,Quarterly,0,0,0,4,Gen X (45-54),0.0,15.29,At-Risk,1,0,0,184,At-Risk / Dormant
2110,59,Male,Jewelry,Accessories,31,California,L,Peach,Fall,2.7,No,Free Shipping,No,No,28,Venmo,Every 3 Months,0,0,0,4,Boomer-Early (55-64),0.0,28.32,At-Risk,0,0,0,124,At-Risk / Dormant
2111,52,Male,Socks,Clothing,93,Montana,L,Cyan,Spring,3.9,No,Store Pickup,No,No,36,Debit Card,Every 3 Months,0,0,0,4,Gen X (45-54),0.0,61.98,Champions,0,0,0,372,Organic Champions
2112,41,Male,Sunglasses,Accessories,85,Missouri,XL,Pink,Spring,2.6,No,Free Shipping,No,No,15,Bank Transfer,Annually,0,0,0,1,Millennial-Late (35-44),0.0,39.87,Potential,0,0,0,85,Growth Potential
2113,43,Male,Belt,Accessories,68,Tennessee,M,Lavender,Fall,4.5,No,2-Day Shipping,No,No,7,Cash,Fortnightly,0,0,0,26,Millennial-Late (35-44),0.0,38.15,Potential,1,0,0,1768,Growth Potential
2114,63,Male,Dress,Clothing,40,Virginia,M,Brown,Spring,2.7,No,Store Pickup,No,No,29,PayPal,Every 3 Months,0,0,0,4,Boomer-Early (55-64),0.0,33.08,Potential,0,0,0,160,Growth Potential
2115,37,Male,Shirt,Clothing,51,Vermont,M,Magenta,Winter,2.9,No,Standard,No,No,12,Debit Card,Annually,0,0,0,1,Millennial-Late (35-44),0.0,22.54,At-Risk,0,0,0,51,At-Risk / Dormant
2116,44,Male,Scarf,Accessories,85,Rhode Island,M,Violet,Winter,3.4,No,Store Pickup,No,No,16,Bank Transfer,Bi-Weekly,0,0,0,26,Millennial-Late (35-44),0.0,52.94,Loyalists,0,0,0,2210,Stable Loyalists
2117,67,Male,Jacket,Outerwear,23,Kansas,M,Teal,Summer,2.9,No,Express,No,No,50,Debit Card,Bi-Weekly,0,0,0,26,Boomer+ (65+),0.0,53.57,Loyalists,0,1,0,598,Stable Loyalists
2118,27,Male,Dress,Clothing,28,Colorado,L,Brown,Summer,3.8,No,Free Shipping,No,No,11,Debit Card,Annually,0,0,0,1,Millennial-Early (25-34),0.0,11.66,At-Risk,0,0,0,28,At-Risk / Dormant
2119,60,Male,Socks,Clothing,44,Georgia,M,Olive,Fall,4.2,No,2-Day Shipping,No,No,28,Debit Card,Quarterly,0,0,0,4,Boomer-Early (55-64),0.0,34.01,Potential,1,0,0,176,Growth Potential
2120,58,Male,Jewelry,Accessories,57,Nebraska,M,Indigo,Spring,3.5,No,Store Pickup,No,No,36,Venmo,Bi-Weekly,0,0,0,26,Boomer-Early (55-64),0.0,57.01,Loyalists,0,1,0,1482,Stable Loyalists
2121,53,Male,Scarf,Accessories,98,Missouri,S,Red,Fall,3.1,No,Next Day Air,No,No,38,PayPal,Quarterly,0,0,0,4,Gen X (45-54),0.0,65.8,Champions,0,0,0,392,Organic Champions
2122,43,Male,Backpack,Accessories,68,Alaska,M,Olive,Winter,3.5,No,2-Day Shipping,No,No,32,Bank Transfer,Monthly,0,0,0,12,Millennial-Late (35-44),0.0,51.7,Loyalists,0,1,0,816,Stable Loyalists
2123,32,Male,Jacket,Outerwear,36,Virginia,L,Teal,Fall,4.0,No,Express,No,No,42,Debit Card,Weekly,0,0,0,52,Millennial-Early (25-34),0.0,65.47,Champions,1,1,1,1872,Organic Champions
2124,54,Male,Coat,Outerwear,71,Nebraska,L,Cyan,Spring,3.7,No,Express,No,No,22,Debit Card,Bi-Weekly,0,0,0,26,Gen X (45-54),0.0,51.71,Loyalists,0,0,0,1846,Stable Loyalists
2125,47,Male,Skirt,Clothing,60,Rhode Island,M,Teal,Fall,4.2,No,Next Day Air,No,No,22,Venmo,Quarterly,0,0,0,4,Gen X (45-54),0.0,36.11,Potential,1,0,0,240,Growth Potential
2126,57,Male,Coat,Outerwear,87,New Hampshire,M,Beige,Fall,4.8,No,Store Pickup,No,No,31,PayPal,Quarterly,0,0,0,4,Boomer-Early (55-64),0.0,55.27,Loyalists,1,0,1,348,Stable Loyalists
2127,63,Male,Shoes,Footwear,38,Alabama,XL,Magenta,Winter,4.1,No,Express,No,No,28,Credit Card,Monthly,0,0,0,12,Boomer-Early (55-64),0.0,35.31,Potential,1,1,0,456,Growth Potential
2128,70,Male,Boots,Footwear,45,North Carolina,M,Indigo,Spring,4.5,No,2-Day Shipping,No,No,40,Debit Card,Weekly,0,0,0,52,Boomer+ (65+),0.0,67.77,Champions,1,1,1,2340,Organic Champions
2129,62,Male,Coat,Outerwear,47,New Mexico,L,Cyan,Fall,2.7,No,2-Day Shipping,No,No,21,PayPal,Weekly,0,0,0,52,Boomer-Early (55-64),0.0,53.14,Loyalists,0,0,0,2444,Stable Loyalists
2130,40,Male,Skirt,Clothing,57,Minnesota,L,Orange,Fall,2.8,No,Store Pickup,No,No,12,PayPal,Every 3 Months,0,0,0,4,Millennial-Late (35-44),0.0,26.64,At-Risk,0,0,0,228,At-Risk / Dormant
2131,25,Male,Backpack,Accessories,68,Arizona,L,Violet,Summer,3.7,No,Free Shipping,No,No,33,Credit Card,Annually,0,0,0,1,Millennial-Early (25-34),0.0,47.12,Loyalists,0,0,0,68,Stable Loyalists
2132,19,Male,Shorts,Clothing,52,Montana,M,Red,Fall,3.6,No,Express,No,No,9,Bank Transfer,Fortnightly,0,0,0,26,Gen Z (18-24),0.0,32.79,At-Risk,0,0,0,1352,At-Risk / Dormant
2133,25,Male,Skirt,Clothing,87,Vermont,M,Magenta,Fall,4.7,No,2-Day Shipping,No,No,15,Debit Card,Weekly,0,0,0,52,Millennial-Early (25-34),0.0,65.74,Champions,1,0,1,4524,Organic Champions
2134,21,Male,Hat,Accessories,34,Maine,M,Olive,Summer,3.8,No,Standard,No,No,13,Bank Transfer,Annually,0,0,0,1,Gen Z (18-24),0.0,15.92,At-Risk,0,0,0,34,At-Risk / Dormant
2135,55,Male,Sandals,Footwear,41,Virginia,XL,Maroon,Winter,2.9,No,Standard,No,No,35,Credit Card,Fortnightly,0,0,0,26,Boomer-Early (55-64),0.0,49.2,Loyalists,0,1,0,1066,Stable Loyalists
2136,34,Male,Sunglasses,Accessories,94,California,S,Yellow,Winter,4.6,No,Next Day Air,No,No,1,Debit Card,Every 3 Months,0,0,0,4,Millennial-Early (25-34),0.0,33.85,Potential,1,0,0,376,Growth Potential
2137,47,Male,Sunglasses,Accessories,93,New York,M,Red,Summer,2.8,No,Standard,No,No,25,Bank Transfer,Fortnightly,0,0,0,26,Gen X (45-54),0.0,63.78,Champions,0,1,0,2418,Organic Champions
2138,27,Male,Socks,Clothing,51,Indiana,XL,Purple,Winter,4.6,No,2-Day Shipping,No,No,20,Credit Card,Every 3 Months,0,0,0,4,Millennial-Early (25-34),0.0,30.54,At-Risk,1,0,0,204,At-Risk / Dormant
2139,67,Male,Sweater,Clothing,42,Mississippi,M,Teal,Fall,2.8,No,Next Day Air,No,No,36,Venmo,Quarterly,0,0,0,4,Boomer+ (65+),0.0,39.67,Potential,0,0,0,168,Growth Potential
2140,40,Male,Boots,Footwear,95,New York,M,Red,Winter,3.0,No,Free Shipping,No,No,33,Cash,Weekly,0,0,0,52,Millennial-Late (35-44),0.0,83.93,Champions,0,1,0,4940,Organic Champions
2141,53,Male,Handbag,Accessories,90,New Mexico,M,Brown,Fall,3.7,No,Standard,No,No,36,Cash,Fortnightly,0,0,0,26,Gen X (45-54),0.0,71.45,Champions,0,1,0,2340,Organic Champions
2142,24,Male,Dress,Clothing,98,Kentucky,M,Peach,Winter,4.1,No,2-Day Shipping,No,No,32,PayPal,Annually,0,0,0,1,Gen Z (18-24),0.0,59.43,Champions,1,0,1,98,Organic Champions
2143,47,Male,Hat,Accessories,39,North Dakota,M,Maroon,Winter,4.3,No,Next Day Air,No,No,21,Venmo,Quarterly,0,0,0,4,Gen X (45-54),0.0,26.11,At-Risk,1,0,0,156,At-Risk / Dormant
2144,53,Male,Sandals,Footwear,66,Arkansas,L,Red,Fall,3.8,No,Next Day Air,No,No,48,Venmo,Bi-Weekly,0,0,0,26,Gen X (45-54),0.0,70.75,Champions,0,1,0,1716,Organic Champions
2145,47,Male,Shoes,Footwear,23,Maryland,L,Orange,Winter,3.7,No,Free Shipping,No,No,25,PayPal,Quarterly,0,0,0,4,Gen X (45-54),0.0,22.37,At-Risk,0,0,0,92,At-Risk / Dormant
2146,38,Male,Skirt,Clothing,73,Connecticut,S,White,Winter,4.8,No,Standard,No,No,32,PayPal,Annually,0,0,0,1,Millennial-Late (35-44),0.0,48.49,Loyalists,1,0,1,73,Stable Loyalists
2147,48,Male,Sunglasses,Accessories,23,Utah,XL,White,Summer,4.6,No,Standard,No,No,45,PayPal,Every 3 Months,0,0,0,4,Gen X (45-54),0.0,38.7,Potential,1,0,0,92,Growth Potential
2148,47,Male,Skirt,Clothing,43,Missouri,S,Charcoal,Fall,4.8,No,Standard,No,No,4,Cash,Fortnightly,0,0,0,26,Gen X (45-54),0.0,24.77,At-Risk,1,0,0,1118,At-Risk / Dormant
2149,19,Male,T-shirt,Clothing,45,Nebraska,XL,Turquoise,Winter,4.6,No,2-Day Shipping,No,No,19,PayPal,Bi-Weekly,0,0,0,26,Gen Z (18-24),0.0,37.89,Potential,1,0,0,1170,Growth Potential
2150,38,Male,Sandals,Footwear,21,Hawaii,L,Orange,Winter,4.0,No,Standard,No,No,1,Bank Transfer,Weekly,0,0,0,52,Millennial-Late (35-44),0.0,25.44,At-Risk,1,0,0,1092,At-Risk / Dormant
2151,57,Male,Shirt,Clothing,40,Illinois,M,Orange,Spring,2.6,No,2-Day Shipping,No,No,12,Cash,Weekly,0,0,0,52,Boomer-Early (55-64),0.0,42.73,Potential,0,0,0,2080,Growth Potential
2152,70,Male,Jeans,Clothing,58,Vermont,L,Brown,Fall,2.6,No,2-Day Shipping,No,No,18,Venmo,Monthly,0,0,0,12,Boomer+ (65+),0.0,35.89,Potential,0,0,0,696,Growth Potential
2153,38,Male,Shorts,Clothing,48,New Jersey,L,Magenta,Summer,4.5,No,Next Day Air,No,No,43,Bank Transfer,Bi-Weekly,0,0,0,26,Millennial-Late (35-44),0.0,58.79,Champions,1,1,1,1248,Organic Champions
2154,35,Male,Shirt,Clothing,94,Kentucky,M,Violet,Fall,4.2,No,Free Shipping,No,No,31,PayPal,Annually,0,0,0,1,Millennial-Late (35-44),0.0,56.86,Loyalists,1,0,1,94,Stable Loyalists
2155,46,Male,Scarf,Accessories,74,Wyoming,M,Violet,Spring,3.4,No,Store Pickup,No,No,33,Cash,Every 3 Months,0,0,0,4,Gen X (45-54),0.0,51.22,Loyalists,0,0,0,296,Stable Loyalists
2156,32,Male,Handbag,Accessories,51,Hawaii,L,Yellow,Fall,3.7,No,Store Pickup,No,No,46,PayPal,Monthly,0,0,0,12,Millennial-Early (25-34),0.0,55.69,Loyalists,0,1,0,612,Stable Loyalists
2157,38,Male,Skirt,Clothing,83,Missouri,M,Maroon,Winter,3.6,No,Next Day Air,No,No,41,Debit Card,Bi-Weekly,0,0,0,26,Millennial-Late (35-44),0.0,72.47,Champions,0,1,0,2158,Organic Champions
2158,41,Male,Handbag,Accessories,68,Mississippi,L,Turquoise,Winter,4.0,No,Next Day Air,No,No,41,Venmo,Fortnightly,0,0,0,26,Millennial-Late (35-44),0.0,65.91,Champions,1,1,1,1768,Organic Champions
2159,19,Male,Gloves,Accessories,84,Massachusetts,XL,Olive,Spring,4.6,No,Standard,No,No,9,Bank Transfer,Fortnightly,0,0,0,26,Gen Z (18-24),0.0,46.79,Loyalists,1,0,1,2184,Stable Loyalists
2160,18,Male,Shirt,Clothing,58,Louisiana,M,Peach,Fall,3.0,No,Free Shipping,No,No,34,Cash,Annually,0,0,0,1,Gen Z (18-24),0.0,43.56,Potential,0,0,0,58,Growth Potential
2161,45,Male,Blouse,Clothing,92,West Virginia,L,Charcoal,Winter,3.3,No,Express,No,No,21,PayPal,Annually,0,0,0,1,Gen X (45-54),0.0,47.83,Loyalists,0,0,0,92,Stable Loyalists
2162,23,Male,Dress,Clothing,69,Washington,S,Peach,Summer,3.8,No,Express,No,No,5,Debit Card,Fortnightly,0,0,0,26,Gen Z (18-24),0.0,36.96,Potential,0,0,0,1794,Growth Potential
2163,60,Male,Shorts,Clothing,48,Oregon,S,Black,Summer,2.7,No,Free Shipping,No,No,32,PayPal,Weekly,0,0,0,52,Boomer-Early (55-64),0.0,62.56,Champions,0,1,0,2496,Organic Champions
2164,52,Male,Shoes,Footwear,60,New York,L,Gray,Spring,4.5,No,Express,No,No,44,Bank Transfer,Monthly,0,0,0,12,Gen X (45-54),0.0,57.99,Champions,1,1,1,720,Organic Champions
2165,42,Male,Sandals,Footwear,20,Iowa,S,Olive,Winter,4.8,No,Next Day Air,No,No,46,PayPal,Bi-Weekly,0,0,0,26,Millennial-Late (35-44),0.0,48.99,Loyalists,1,1,1,520,Stable Loyalists
2166,29,Male,Pants,Clothing,55,Idaho,M,Turquoise,Summer,4.2,No,Express,No,No,42,Credit Card,Every 3 Months,0,0,0,4,Millennial-Early (25-34),0.0,50.25,Loyalists,1,0,1,220,Stable Loyalists
2167,31,Male,Jacket,Outerwear,88,New Jersey,S,Purple,Spring,3.5,No,Express,No,No,50,Credit Card,Bi-Weekly,0,0,0,26,Millennial-Early (25-34),0.0,82.0,Champions,0,1,0,2288,Organic Champions
2168,30,Male,Skirt,Clothing,48,Ohio,L,Green,Winter,4.9,No,Standard,No,No,33,Venmo,Fortnightly,0,0,0,26,Millennial-Early (25-34),0.0,50.63,Loyalists,1,1,1,1248,Stable Loyalists
2169,23,Male,Handbag,Accessories,74,Connecticut,M,Beige,Spring,4.1,No,Next Day Air,No,No,32,Cash,Quarterly,0,0,0,4,Gen Z (18-24),0.0,50.4,Loyalists,1,0,1,296,Stable Loyalists
2170,31,Male,Coat,Outerwear,42,Florida,M,Brown,Fall,2.9,No,Next Day Air,No,No,32,Bank Transfer,Bi-Weekly,0,0,0,26,Millennial-Early (25-34),0.0,47.19,Loyalists,0,1,0,1092,Stable Loyalists
2171,40,Male,Sweater,Clothing,32,South Carolina,M,Turquoise,Fall,4.0,No,Next Day Air,No,No,37,Venmo,Every 3 Months,0,0,0,4,Millennial-Late (35-44),0.0,36.11,Potential,1,0,0,128,Growth Potential
2172,39,Male,Shorts,Clothing,98,Missouri,M,Yellow,Summer,4.6,No,Store Pickup,No,No,9,Cash,Fortnightly,0,0,0,26,Millennial-Late (35-44),0.0,52.91,Loyalists,1,0,1,2548,Stable Loyalists
2173,28,Male,Skirt,Clothing,89,Rhode Island,S,Lavender,Fall,2.8,No,Store Pickup,No,No,6,PayPal,Fortnightly,0,0,0,26,Millennial-Early (25-34),0.0,46.52,Loyalists,0,0,0,2314,Stable Loyalists
2174,23,Male,Gloves,Accessories,97,Delaware,S,Cyan,Summer,5.0,No,2-Day Shipping,No,No,36,Venmo,Quarterly,0,0,0,4,Gen Z (18-24),0.0,63.73,Champions,1,0,1,388,Organic Champions
2175,42,Male,Backpack,Accessories,49,Colorado,S,Olive,Spring,2.9,No,Store Pickup,No,No,1,Cash,Annually,0,0,0,1,Millennial-Late (35-44),0.0,12.69,At-Risk,0,0,0,49,At-Risk / Dormant
2176,68,Male,Dress,Clothing,50,Nebraska,M,Silver,Spring,3.3,No,Free Shipping,No,No,48,Credit Card,Fortnightly,0,0,0,26,Boomer+ (65+),0.0,63.75,Champions,0,1,0,1300,Organic Champions
2177,24,Male,Belt,Accessories,91,Vermont,S,Red,Winter,3.4,No,2-Day Shipping,No,No,44,Debit Card,Quarterly,0,0,0,4,Gen Z (18-24),0.0,67.64,Champions,0,0,0,364,Organic Champions
2178,24,Male,Gloves,Accessories,93,Montana,XL,Green,Winter,3.0,No,Express,No,No,9,PayPal,Bi-Weekly,0,0,0,26,Gen Z (18-24),0.0,50.72,Loyalists,0,0,0,2418,Stable Loyalists
2179,21,Male,Jewelry,Accessories,98,Florida,M,Gold,Summer,4.7,No,Standard,No,No,32,Venmo,Annually,0,0,0,1,Gen Z (18-24),0.0,59.43,Champions,1,0,1,98,Organic Champions
2180,49,Male,Socks,Clothing,82,Delaware,L,Lavender,Fall,2.9,No,Next Day Air,No,No,14,PayPal,Monthly,0,0,0,12,Gen X (45-54),0.0,43.13,Potential,0,0,0,984,Growth Potential
2181,41,Male,Coat,Outerwear,37,Connecticut,M,Yellow,Summer,4.1,No,Store Pickup,No,No,43,Cash,Quarterly,0,0,0,4,Millennial-Late (35-44),0.0,43.19,Potential,1,0,0,148,Growth Potential
2182,22,Male,Handbag,Accessories,63,Hawaii,M,Black,Fall,3.2,No,Free Shipping,No,No,32,Bank Transfer,Bi-Weekly,0,0,0,26,Gen Z (18-24),0.0,56.37,Loyalists,0,1,0,1638,Stable Loyalists
2183,42,Male,Blouse,Clothing,99,New Mexico,M,Maroon,Winter,2.7,No,Store Pickup,No,No,26,Venmo,Bi-Weekly,0,0,0,26,Millennial-Late (35-44),0.0,67.23,Champions,0,1,0,2574,Organic Champions
2184,30,Male,Shorts,Clothing,37,Kansas,M,Maroon,Spring,4.7,No,Store Pickup,No,No,2,Cash,Monthly,0,0,0,12,Millennial-Early (25-34),0.0,13.65,At-Risk,1,0,0,444,At-Risk / Dormant
2185,38,Male,Shoes,Footwear,34,Nevada,S,Gold,Spring,3.2,No,Free Shipping,No,No,16,PayPal,Every 3 Months,0,0,0,4,Millennial-Late (35-44),0.0,19.84,At-Risk,0,0,0,136,At-Risk / Dormant
2186,40,Male,Shorts,Clothing,32,North Carolina,M,Violet,Winter,2.5,No,Express,No,No,50,Debit Card,Every 3 Months,0,0,0,4,Millennial-Late (35-44),0.0,46.72,Loyalists,0,0,0,128,Stable Loyalists
2187,55,Male,Sandals,Footwear,23,New Mexico,XL,Teal,Winter,4.3,No,Next Day Air,No,No,6,PayPal,Every 3 Months,0,0,0,4,Boomer-Early (55-64),0.0,6.86,At-Risk,1,0,0,92,At-Risk / Dormant
2188,37,Male,Blouse,Clothing,78,Idaho,M,Violet,Spring,4.4,No,Free Shipping,No,No,20,PayPal,Annually,0,0,0,1,Millennial-Late (35-44),0.0,40.89,Potential,1,0,0,78,Growth Potential
2189,41,Male,Coat,Outerwear,54,California,M,Brown,Winter,4.7,No,Next Day Air,No,No,9,Credit Card,Weekly,0,0,0,52,Millennial-Late (35-44),0.0,46.41,Loyalists,1,0,1,2808,Stable Loyalists
2190,38,Male,Blouse,Clothing,94,Wisconsin,XL,Brown,Fall,4.0,No,Express,No,No,47,Credit Card,Bi-Weekly,0,0,0,26,Millennial-Late (35-44),0.0,82.18,Champions,1,1,1,2444,Organic Champions
2191,42,Male,Belt,Accessories,75,Alaska,S,Maroon,Spring,4.6,No,Express,No,No,33,Credit Card,Annually,0,0,0,1,Millennial-Late (35-44),0.0,50.18,Loyalists,1,0,1,75,Stable Loyalists
2192,26,Male,Blouse,Clothing,69,Pennsylvania,S,Maroon,Summer,3.8,No,Next Day Air,No,No,46,Cash,Bi-Weekly,0,0,0,26,Millennial-Early (25-34),0.0,70.43,Champions,0,1,0,1794,Organic Champions
2193,41,Male,Scarf,Accessories,35,Virginia,L,Yellow,Winter,3.2,No,Next Day Air,No,No,9,Credit Card,Monthly,0,0,0,12,Millennial-Late (35-44),0.0,18.49,At-Risk,0,0,0,420,At-Risk / Dormant
2194,27,Male,Shirt,Clothing,78,California,L,Turquoise,Spring,5.0,No,Express,No,No,8,PayPal,Monthly,0,0,0,12,Millennial-Early (25-34),0.0,36.48,Potential,1,0,0,936,Growth Potential
2195,61,Male,Socks,Clothing,29,Kentucky,M,Silver,Summer,3.5,No,Standard,No,No,48,Bank Transfer,Quarterly,0,0,0,4,Boomer-Early (55-64),0.0,43.78,Potential,0,0,0,116,Growth Potential
2196,58,Male,Jeans,Clothing,62,New York,M,Brown,Fall,3.7,No,Next Day Air,No,No,2,Cash,Monthly,0,0,0,12,Boomer-Early (55-64),0.0,24.58,At-Risk,0,0,0,744,At-Risk / Dormant
2197,25,Male,Dress,Clothing,58,Vermont,M,Gray,Spring,4.8,No,Next Day Air,No,No,31,PayPal,Weekly,0,0,0,52,Millennial-Early (25-34),0.0,66.11,Champions,1,1,1,3016,Organic Champions
2198,33,Male,Boots,Footwear,88,Pennsylvania,M,Indigo,Summer,3.7,No,2-Day Shipping,No,No,40,Venmo,Monthly,0,0,0,12,Millennial-Early (25-34),0.0,66.98,Champions,0,1,0,1056,Organic Champions
2199,57,Male,Scarf,Accessories,80,New York,L,Turquoise,Summer,3.5,No,Free Shipping,No,No,35,Venmo,Monthly,0,0,0,12,Boomer-Early (55-64),0.0,59.4,Champions,0,1,0,960,Organic Champions
2200,39,Male,Scarf,Accessories,47,North Carolina,M,Maroon,Summer,4.9,No,Store Pickup,No,No,40,Debit Card,Monthly,0,0,0,12,Millennial-Late (35-44),0.0,49.04,Loyalists,1,1,1,564,Stable Loyalists
2201,60,Male,Gloves,Accessories,51,Wyoming,L,Charcoal,Summer,4.7,No,Next Day Air,No,No,27,Debit Card,Every 3 Months,0,0,0,4,Boomer-Early (55-64),0.0,36.26,Potential,1,0,0,204,Growth Potential
2202,39,Male,Pants,Clothing,25,Ohio,L,Peach,Spring,4.9,No,2-Day Shipping,No,No,10,Venmo,Annually,0,0,0,1,Millennial-Late (35-44),0.0,9.53,At-Risk,1,0,0,25,At-Risk / Dormant
2203,42,Male,Dress,Clothing,36,Alabama,M,Red,Summer,4.3,No,Next Day Air,No,No,23,Credit Card,Weekly,0,0,0,52,Millennial-Late (35-44),0.0,49.96,Loyalists,1,0,1,1872,Stable Loyalists
2204,53,Male,Dress,Clothing,79,Rhode Island,M,Indigo,Winter,3.1,No,Free Shipping,No,No,32,Cash,Quarterly,0,0,0,4,Gen X (45-54),0.0,52.59,Loyalists,0,0,0,316,Stable Loyalists
2205,20,Male,Jeans,Clothing,41,Oregon,S,Lavender,Winter,3.4,No,2-Day Shipping,No,No,6,Debit Card,Monthly,0,0,0,12,Gen Z (18-24),0.0,18.66,At-Risk,0,0,0,492,At-Risk / Dormant
2206,46,Male,Sweater,Clothing,68,North Dakota,XL,Red,Fall,2.7,No,Express,No,No,27,PayPal,Weekly,0,0,0,52,Gen X (45-54),0.0,67.22,Champions,0,1,0,3536,Organic Champions
2207,46,Male,Sandals,Footwear,51,Illinois,L,Green,Spring,2.6,No,Store Pickup,No,No,25,Bank Transfer,Fortnightly,0,0,0,26,Gen X (45-54),0.0,45.41,Loyalists,0,1,0,1326,Stable Loyalists
2208,69,Male,Handbag,Accessories,38,New Mexico,M,Gray,Fall,2.9,No,Next Day Air,No,No,11,Credit Card,Annually,0,0,0,1,Boomer+ (65+),0.0,16.04,At-Risk,0,0,0,38,At-Risk / Dormant
2209,28,Male,Scarf,Accessories,46,Colorado,XL,Violet,Summer,2.7,No,2-Day Shipping,No,No,23,PayPal,Monthly,0,0,0,12,Millennial-Early (25-34),0.0,34.73,Potential,0,0,0,552,Growth Potential
2210,42,Male,Sandals,Footwear,20,Utah,XL,Beige,Summer,4.5,No,2-Day Shipping,No,No,44,Bank Transfer,Quarterly,0,0,0,4,Millennial-Late (35-44),0.0,36.57,Potential,1,0,0,80,Growth Potential
2211,30,Male,Sunglasses,Accessories,25,Virginia,M,Orange,Summer,3.1,No,Store Pickup,No,No,35,PayPal,Fortnightly,0,0,0,26,Millennial-Early (25-34),0.0,42.2,Potential,0,1,0,650,Growth Potential
2212,50,Male,Sweater,Clothing,89,Maine,L,Purple,Winter,3.2,No,Free Shipping,No,No,45,Debit Card,Every 3 Months,0,0,0,4,Gen X (45-54),0.0,67.58,Champions,0,0,0,356,Organic Champions
2213,59,Male,Pants,Clothing,77,Nebraska,M,Brown,Winter,3.3,No,Next Day Air,No,No,22,Bank Transfer,Quarterly,0,0,0,4,Boomer-Early (55-64),0.0,43.55,Potential,0,0,0,308,Growth Potential
2214,54,Male,Hat,Accessories,94,Hawaii,M,Maroon,Fall,2.9,No,Express,No,No,18,Debit Card,Quarterly,0,0,0,4,Gen X (45-54),0.0,47.72,Loyalists,0,0,0,376,Stable Loyalists
2215,50,Male,Belt,Accessories,100,Idaho,L,Gold,Fall,4.1,No,Standard,No,No,20,Debit Card,Weekly,0,0,0,52,Gen X (45-54),0.0,75.51,Champions,1,0,1,5200,Organic Champions
2216,25,Male,Sandals,Footwear,96,West Virginia,M,Indigo,Winter,2.7,No,Express,No,No,28,Credit Card,Fortnightly,0,0,0,26,Millennial-Early (25-34),0.0,67.55,Champions,0,1,0,2496,Organic Champions
2217,41,Male,Pants,Clothing,36,Vermont,XL,Silver,Winter,4.0,No,Store Pickup,No,No,15,Venmo,Bi-Weekly,0,0,0,26,Millennial-Late (35-44),0.0,30.68,At-Risk,1,0,0,936,At-Risk / Dormant
2218,35,Male,Jewelry,Accessories,27,Indiana,XL,Red,Fall,2.6,No,Store Pickup,No,No,42,Bank Transfer,Fortnightly,0,0,0,26,Millennial-Late (35-44),0.0,48.79,Loyalists,0,1,0,702,Stable Loyalists
2219,67,Male,Sunglasses,Accessories,67,Idaho,M,Magenta,Winter,3.5,No,Store Pickup,No,No,20,Debit Card,Quarterly,0,0,0,4,Boomer+ (65+),0.0,37.54,Potential,0,0,0,268,Growth Potential
2220,33,Male,Blouse,Clothing,91,Minnesota,S,Purple,Fall,2.8,No,Store Pickup,No,No,16,Bank Transfer,Fortnightly,0,0,0,26,Millennial-Early (25-34),0.0,55.56,Loyalists,0,0,0,2366,Stable Loyalists
2221,19,Male,Belt,Accessories,62,Wyoming,XL,Beige,Fall,4.5,No,Store Pickup,No,No,47,Cash,Annually,0,0,0,1,Gen Z (18-24),0.0,55.93,Loyalists,1,0,1,62,Stable Loyalists
2222,25,Male,Shorts,Clothing,88,Kansas,XL,White,Fall,3.0,No,Free Shipping,No,No,34,Credit Card,Annually,0,0,0,1,Millennial-Early (25-34),0.0,56.69,Loyalists,0,0,0,88,Stable Loyalists
2223,32,Male,Pants,Clothing,66,Georgia,M,Teal,Summer,4.4,No,Store Pickup,No,No,30,Credit Card,Weekly,0,0,0,52,Millennial-Early (25-34),0.0,68.8,Champions,1,1,1,3432,Organic Champions
2224,30,Male,Sandals,Footwear,65,Kansas,M,Gray,Fall,4.7,No,Next Day Air,No,No,5,PayPal,Quarterly,0,0,0,4,Millennial-Early (25-34),0.0,24.42,At-Risk,1,0,0,260,At-Risk / Dormant
2225,18,Male,Gloves,Accessories,25,Nebraska,L,Charcoal,Winter,4.3,No,Standard,No,No,38,Cash,Quarterly,0,0,0,4,Gen Z (18-24),0.0,33.86,Potential,1,0,0,100,Growth Potential
2226,38,Male,Belt,Accessories,64,Washington,S,Olive,Spring,4.8,No,Free Shipping,No,No,18,Credit Card,Annually,0,0,0,1,Millennial-Late (35-44),0.0,33.13,Potential,1,0,0,64,Growth Potential
2227,22,Male,Shirt,Clothing,72,Missouri,L,Blue,Spring,4.8,No,Store Pickup,No,No,28,Cash,Annually,0,0,0,1,Gen Z (18-24),0.0,44.79,Loyalists,1,0,1,72,Stable Loyalists
2228,40,Male,Scarf,Accessories,74,Washington,S,Gray,Summer,4.4,No,Next Day Air,No,No,42,Credit Card,Fortnightly,0,0,0,26,Millennial-Late (35-44),0.0,69.35,Champions,1,1,1,1924,Organic Champions
2229,54,Male,Gloves,Accessories,50,Kansas,M,Green,Fall,3.7,No,Free Shipping,No,No,5,Credit Card,Weekly,0,0,0,52,Gen X (45-54),0.0,41.39,Potential,0,0,0,2600,Growth Potential
2230,70,Male,Pants,Clothing,97,Minnesota,M,Silver,Fall,3.9,No,Express,No,No,50,Venmo,Monthly,0,0,0,12,Boomer+ (65+),0.0,79.08,Champions,0,1,0,1164,Organic Champions
2231,52,Male,Sneakers,Footwear,36,Colorado,S,Teal,Spring,3.8,No,Express,No,No,33,Venmo,Fortnightly,0,0,0,26,Gen X (45-54),0.0,45.38,Loyalists,0,1,0,936,Stable Loyalists
2232,34,Male,Jacket,Outerwear,49,Utah,M,Beige,Fall,4.1,No,Store Pickup,No,No,1,Credit Card,Weekly,0,0,0,52,Millennial-Early (25-34),0.0,37.69,Potential,1,0,0,2548,Growth Potential
2233,65,Male,Shoes,Footwear,64,North Carolina,L,Lavender,Spring,4.0,No,Store Pickup,No,No,14,Cash,Fortnightly,0,0,0,26,Boomer+ (65+),0.0,42.12,Potential,1,0,0,1664,Growth Potential
2234,38,Male,Blouse,Clothing,31,Florida,XL,Gray,Summer,4.5,No,Express,No,No,48,Credit Card,Monthly,0,0,0,12,Millennial-Late (35-44),0.0,48.57,Loyalists,1,1,1,372,Stable Loyalists
2235,35,Male,Boots,Footwear,66,New Hampshire,S,Yellow,Winter,4.0,No,Express,No,No,26,Cash,Weekly,0,0,0,52,Millennial-Late (35-44),0.0,65.53,Champions,1,1,1,3432,Organic Champions
2236,40,Male,Socks,Clothing,82,Illinois,M,Gray,Spring,4.5,No,2-Day Shipping,No,No,44,Credit Card,Annually,0,0,0,1,Millennial-Late (35-44),0.0,62.23,Champions,1,0,1,82,Organic Champions
2237,23,Male,T-shirt,Clothing,88,Louisiana,M,Yellow,Winter,2.7,No,Standard,No,No,18,Debit Card,Fortnightly,0,0,0,26,Gen Z (18-24),0.0,55.88,Loyalists,0,0,0,2288,Stable Loyalists
2238,45,Male,Sandals,Footwear,34,Alabama,S,Black,Summer,3.8,No,Next Day Air,No,No,31,Venmo,Every 3 Months,0,0,0,4,Gen X (45-54),0.0,32.09,At-Risk,0,0,0,136,At-Risk / Dormant
2239,40,Male,Sneakers,Footwear,84,Florida,L,Beige,Winter,3.8,No,Standard,No,No,18,Debit Card,Weekly,0,0,0,52,Millennial-Late (35-44),0.0,66.88,Champions,0,0,0,4368,Organic Champions
2240,42,Male,Jewelry,Accessories,96,Alabama,L,Indigo,Summer,3.8,No,2-Day Shipping,No,No,41,Credit Card,Every 3 Months,0,0,0,4,Millennial-Late (35-44),0.0,67.37,Champions,0,0,0,384,Organic Champions
2241,57,Male,Sandals,Footwear,71,California,L,Green,Winter,4.3,No,Next Day Air,No,No,18,Debit Card,Every 3 Months,0,0,0,4,Boomer-Early (55-64),0.0,37.66,Potential,1,0,0,284,Growth Potential
2242,18,Male,Jacket,Outerwear,77,Maryland,M,Purple,Summer,3.5,No,Free Shipping,No,No,3,Bank Transfer,Bi-Weekly,0,0,0,26,Gen Z (18-24),0.0,38.83,Potential,0,0,0,2002,Growth Potential
2243,18,Male,Skirt,Clothing,66,Nevada,M,Orange,Spring,3.8,No,Next Day Air,No,No,5,Credit Card,Bi-Weekly,0,0,0,26,Gen Z (18-24),0.0,35.65,Potential,0,0,0,1716,Growth Potential
2244,56,Male,Shirt,Clothing,21,Massachusetts,M,Teal,Winter,3.7,No,2-Day Shipping,No,No,13,Debit Card,Annually,0,0,0,1,Boomer-Early (55-64),0.0,10.23,At-Risk,0,0,0,21,At-Risk / Dormant
2245,35,Male,Shorts,Clothing,37,South Carolina,M,Gold,Summer,4.8,No,2-Day Shipping,No,No,22,PayPal,Annually,0,0,0,1,Millennial-Late (35-44),0.0,24.58,At-Risk,1,0,0,37,At-Risk / Dormant
2246,49,Male,Socks,Clothing,90,Delaware,L,Gray,Fall,4.9,No,Free Shipping,No,No,45,PayPal,Fortnightly,0,0,0,26,Gen X (45-54),0.0,78.8,Champions,1,1,1,2340,Organic Champions
2247,49,Male,Jacket,Outerwear,96,Hawaii,M,Cyan,Fall,4.3,No,Store Pickup,No,No,39,PayPal,Every 3 Months,0,0,0,4,Gen X (45-54),0.0,65.74,Champions,1,0,1,384,Organic Champions
2248,34,Male,Jewelry,Accessories,37,Florida,L,Teal,Summer,4.4,No,Next Day Air,No,No,18,Venmo,Annually,0,0,0,1,Millennial-Early (25-34),0.0,21.32,At-Risk,1,0,0,37,At-Risk / Dormant
2249,63,Male,T-shirt,Clothing,66,Rhode Island,M,Violet,Winter,3.4,No,Free Shipping,No,No,19,PayPal,Fortnightly,0,0,0,26,Boomer-Early (55-64),0.0,47.07,Loyalists,0,0,0,1716,Stable Loyalists
2250,42,Male,Gloves,Accessories,45,Wyoming,XL,Indigo,Spring,4.3,No,Next Day Air,No,No,29,Debit Card,Weekly,0,0,0,52,Millennial-Late (35-44),0.0,58.79,Champions,1,1,1,2340,Organic Champions
2251,41,Male,Shoes,Footwear,89,Colorado,L,Pink,Summer,4.6,No,Store Pickup,No,No,19,Credit Card,Weekly,0,0,0,52,Millennial-Late (35-44),0.0,69.88,Champions,1,0,1,4628,Organic Champions
2252,26,Male,Shoes,Footwear,94,Virginia,L,Gold,Fall,3.8,No,Free Shipping,No,No,22,Debit Card,Monthly,0,0,0,12,Millennial-Early (25-34),0.0,54.91,Loyalists,0,0,0,1128,Stable Loyalists
2253,48,Male,Shoes,Footwear,96,Nebraska,S,Maroon,Summer,3.9,No,Express,No,No,21,Bank Transfer,Annually,0,0,0,1,Gen X (45-54),0.0,49.58,Loyalists,0,0,0,96,Stable Loyalists
2254,62,Male,Hoodie,Clothing,31,Oklahoma,M,Brown,Spring,2.6,No,Store Pickup,No,No,22,PayPal,Monthly,0,0,0,12,Boomer-Early (55-64),0.0,27.35,At-Risk,0,0,0,372,At-Risk / Dormant
2255,24,Male,Belt,Accessories,79,North Dakota,M,Gold,Winter,4.2,No,Store Pickup,No,No,44,PayPal,Every 3 Months,0,0,0,4,Gen Z (18-24),0.0,62.39,Champions,1,0,1,316,Organic Champions
2256,48,Male,Coat,Outerwear,39,Michigan,L,Teal,Spring,4.6,No,Store Pickup,No,No,42,Bank Transfer,Quarterly,0,0,0,4,Gen X (45-54),0.0,43.25,Potential,1,0,0,156,Growth Potential
2257,31,Male,Blouse,Clothing,22,California,M,Turquoise,Fall,5.0,No,Standard,No,No,33,Credit Card,Quarterly,0,0,0,4,Millennial-Early (25-34),0.0,28.47,At-Risk,1,0,0,88,At-Risk / Dormant
2258,41,Male,Skirt,Clothing,32,Tennessee,L,Olive,Fall,4.2,No,Standard,No,No,6,Bank Transfer,Annually,0,0,0,1,Millennial-Late (35-44),0.0,9.33,At-Risk,1,0,0,32,At-Risk / Dormant
2259,24,Male,T-shirt,Clothing,71,Ohio,L,Cyan,Winter,4.3,No,Store Pickup,No,No,44,Credit Card,Every 3 Months,0,0,0,4,Gen Z (18-24),0.0,58.89,Champions,1,0,1,284,Organic Champions
2260,60,Male,Jeans,Clothing,96,Florida,XL,Beige,Spring,3.3,No,Free Shipping,No,No,24,Cash,Annually,0,0,0,1,Boomer-Early (55-64),0.0,52.03,Loyalists,0,0,0,96,Stable Loyalists
2261,38,Male,Scarf,Accessories,82,Missouri,M,Blue,Fall,4.9,No,Express,No,No,16,PayPal,Quarterly,0,0,0,4,Millennial-Late (35-44),0.0,40.84,Potential,1,0,0,328,Growth Potential
2262,58,Male,Backpack,Accessories,76,South Carolina,L,Gold,Spring,4.4,No,Standard,No,No,12,Bank Transfer,Fortnightly,0,0,0,26,Boomer-Early (55-64),0.0,45.73,Loyalists,1,0,1,1976,Stable Loyalists
2263,53,Male,Backpack,Accessories,22,Arizona,M,Green,Winter,3.1,No,2-Day Shipping,No,No,50,PayPal,Monthly,0,0,0,12,Gen X (45-54),0.0,46.27,Loyalists,0,1,0,264,Stable Loyalists
2264,44,Male,Scarf,Accessories,40,Indiana,XL,Green,Winter,3.5,No,Store Pickup,No,No,42,Cash,Quarterly,0,0,0,4,Millennial-Late (35-44),0.0,43.69,Potential,0,0,0,160,Growth Potential
2265,51,Male,Hat,Accessories,92,North Dakota,M,Turquoise,Summer,3.9,No,2-Day Shipping,No,No,50,PayPal,Monthly,0,0,0,12,Gen X (45-54),0.0,76.89,Champions,0,1,0,1104,Organic Champions
2266,36,Male,Coat,Outerwear,94,Montana,XL,Yellow,Fall,3.9,No,Store Pickup,No,No,10,PayPal,Quarterly,0,0,0,4,Millennial-Late (35-44),0.0,41.19,Potential,0,0,0,376,Growth Potential
2267,20,Male,Dress,Clothing,44,Missouri,M,Yellow,Fall,4.3,No,Store Pickup,No,No,32,Debit Card,Weekly,0,0,0,52,Gen Z (18-24),0.0,60.81,Champions,1,1,1,2288,Organic Champions
2268,32,Male,Gloves,Accessories,49,Kentucky,S,Blue,Spring,3.8,No,Express,No,No,37,Venmo,Weekly,0,0,0,52,Millennial-Early (25-34),0.0,67.08,Champions,0,1,0,2548,Organic Champions
2269,66,Male,Sweater,Clothing,26,Georgia,L,Charcoal,Spring,2.7,No,2-Day Shipping,No,No,15,Bank Transfer,Monthly,0,0,0,12,Boomer+ (65+),0.0,19.45,At-Risk,0,0,0,312,At-Risk / Dormant
2270,49,Male,Skirt,Clothing,38,Kentucky,M,Yellow,Fall,4.4,No,Store Pickup,No,No,27,Credit Card,Annually,0,0,0,1,Gen X (45-54),0.0,29.1,At-Risk,1,0,0,38,At-Risk / Dormant
2271,27,Male,Blouse,Clothing,72,Georgia,L,Purple,Spring,3.5,No,Express,No,No,7,Venmo,Weekly,0,0,0,52,Millennial-Early (25-34),0.0,52.65,Loyalists,0,0,0,3744,Stable Loyalists
2272,29,Male,Dress,Clothing,99,Alaska,M,Green,Summer,3.4,No,Free Shipping,No,No,49,PayPal,Quarterly,0,0,0,4,Millennial-Early (25-34),0.0,75.22,Champions,0,0,0,396,Organic Champions
2273,29,Male,Jacket,Outerwear,38,Maine,L,Charcoal,Spring,4.0,No,Standard,No,No,44,PayPal,Monthly,0,0,0,12,Millennial-Early (25-34),0.0,48.37,Loyalists,1,1,1,456,Stable Loyalists
2274,55,Male,Coat,Outerwear,96,New Mexico,L,Silver,Winter,4.8,No,Express,No,No,13,PayPal,Bi-Weekly,0,0,0,26,Boomer-Early (55-64),0.0,55.3,Loyalists,1,0,1,2496,Stable Loyalists
2275,57,Male,Dress,Clothing,27,New York,L,Turquoise,Spring,4.5,No,Next Day Air,No,No,38,PayPal,Fortnightly,0,0,0,26,Boomer-Early (55-64),0.0,45.52,Loyalists,1,1,1,702,Stable Loyalists
2276,29,Male,Shorts,Clothing,24,Oklahoma,M,Gray,Winter,4.4,No,Standard,No,No,10,Debit Card,Weekly,0,0,0,52,Millennial-Early (25-34),0.0,34.1,Potential,1,0,0,1248,Growth Potential
2277,31,Male,Jeans,Clothing,82,Wyoming,L,Red,Summer,4.1,No,2-Day Shipping,No,No,25,Debit Card,Weekly,0,0,0,52,Millennial-Early (25-34),0.0,71.72,Champions,1,1,1,4264,Organic Champions
2278,25,Male,Hat,Accessories,56,Alabama,M,Beige,Summer,4.6,No,Next Day Air,No,No,18,Credit Card,Quarterly,0,0,0,4,Millennial-Early (25-34),0.0,31.1,At-Risk,1,0,0,224,At-Risk / Dormant
2279,61,Male,Gloves,Accessories,25,Maryland,M,Maroon,Fall,3.8,No,Store Pickup,No,No,6,Cash,Every 3 Months,0,0,0,4,Boomer-Early (55-64),0.0,7.74,At-Risk,0,0,0,100,At-Risk / Dormant
2280,53,Male,Sneakers,Footwear,67,West Virginia,L,Indigo,Spring,2.9,No,Free Shipping,No,No,35,Bank Transfer,Quarterly,0,0,0,4,Gen X (45-54),0.0,49.79,Loyalists,0,0,0,268,Stable Loyalists
2281,22,Male,Shoes,Footwear,21,Kentucky,M,Red,Summer,2.8,No,Standard,No,No,31,Credit Card,Fortnightly,0,0,0,26,Gen Z (18-24),0.0,37.18,Potential,0,1,0,546,Growth Potential
2282,28,Male,Hoodie,Clothing,27,Kansas,XL,Maroon,Summer,3.0,No,Store Pickup,No,No,41,Bank Transfer,Annually,0,0,0,1,Millennial-Early (25-34),0.0,35.72,Potential,0,0,0,27,Growth Potential
2283,18,Male,Sneakers,Footwear,97,Idaho,S,Red,Fall,4.2,No,2-Day Shipping,No,No,8,Credit Card,Annually,0,0,0,1,Gen Z (18-24),0.0,39.4,Potential,1,0,0,97,Growth Potential
2284,44,Male,Handbag,Accessories,45,Ohio,S,Black,Winter,4.1,No,Free Shipping,No,No,34,Credit Card,Fortnightly,0,0,0,26,Millennial-Late (35-44),0.0,50.13,Loyalists,1,1,1,1170,Stable Loyalists
2285,32,Male,Blouse,Clothing,63,Iowa,XL,Black,Fall,4.1,No,Express,No,No,20,Venmo,Annually,0,0,0,1,Millennial-Early (25-34),0.0,34.32,Potential,1,0,0,63,Growth Potential
2286,34,Male,Belt,Accessories,100,Michigan,L,Pink,Summer,4.6,No,2-Day Shipping,No,No,38,PayPal,Every 3 Months,0,0,0,4,Millennial-Early (25-34),0.0,66.67,Champions,1,0,1,400,Organic Champions
2287,67,Male,Socks,Clothing,38,South Dakota,L,Blue,Spring,2.5,No,Store Pickup,No,No,35,Venmo,Quarterly,0,0,0,4,Boomer+ (65+),0.0,37.1,Potential,0,0,0,152,Growth Potential
2288,66,Male,Blouse,Clothing,45,Nebraska,L,Green,Summer,3.0,No,Store Pickup,No,No,6,Debit Card,Annually,0,0,0,1,Boomer+ (65+),0.0,15.02,At-Risk,0,0,0,45,At-Risk / Dormant
2289,28,Male,Jewelry,Accessories,91,California,M,Orange,Fall,3.8,No,Next Day Air,No,No,50,PayPal,Weekly,0,0,0,52,Millennial-Early (25-34),0.0,96.06,Champions,0,1,0,4732,Organic Champions
2290,70,Male,Shorts,Clothing,82,Nevada,M,Orange,Fall,4.1,No,Free Shipping,No,No,47,Venmo,Weekly,0,0,0,52,Boomer+ (65+),0.0,89.68,Champions,1,1,1,4264,Organic Champions
2291,37,Male,Boots,Footwear,48,Kansas,L,Magenta,Winter,3.3,No,Standard,No,No,23,PayPal,Quarterly,0,0,0,4,Millennial-Late (35-44),0.0,31.68,At-Risk,0,0,0,192,At-Risk / Dormant
2292,28,Male,Coat,Outerwear,30,Ohio,M,Indigo,Spring,5.0,No,2-Day Shipping,No,No,13,Credit Card,Quarterly,0,0,0,4,Millennial-Early (25-34),0.0,15.64,At-Risk,1,0,0,120,At-Risk / Dormant
2293,43,Male,T-shirt,Clothing,34,Vermont,S,Beige,Spring,3.8,No,Next Day Air,No,No,31,Debit Card,Monthly,0,0,0,12,Millennial-Late (35-44),0.0,36.01,Potential,0,1,0,408,Growth Potential
2294,37,Male,Sweater,Clothing,68,Georgia,L,Green,Fall,3.3,No,Express,No,No,16,Debit Card,Every 3 Months,0,0,0,4,Millennial-Late (35-44),0.0,34.72,Potential,0,0,0,272,Growth Potential
2295,54,Male,Sunglasses,Accessories,95,Maryland,M,Red,Winter,5.0,No,Express,No,No,40,Debit Card,Annually,0,0,0,1,Gen X (45-54),0.0,64.65,Champions,1,0,1,95,Organic Champions
2296,50,Male,Hat,Accessories,22,Connecticut,L,Beige,Spring,2.9,No,2-Day Shipping,No,No,45,PayPal,Quarterly,0,0,0,4,Gen X (45-54),0.0,38.26,Potential,0,0,0,88,Growth Potential
2297,46,Male,Gloves,Accessories,88,Washington,M,Green,Fall,2.5,No,Next Day Air,No,No,50,Venmo,Every 3 Months,0,0,0,4,Gen X (45-54),0.0,71.22,Champions,0,0,0,352,Organic Champions
2298,60,Male,Socks,Clothing,83,California,M,Orange,Summer,4.7,No,Standard,No,No,1,Bank Transfer,Quarterly,0,0,0,4,Boomer-Early (55-64),0.0,29.03,At-Risk,1,0,0,332,At-Risk / Dormant
2299,40,Male,Handbag,Accessories,87,Montana,L,Cyan,Spring,2.9,No,2-Day Shipping,No,No,10,Cash,Every 3 Months,0,0,0,4,Millennial-Late (35-44),0.0,38.13,Potential,0,0,0,348,Growth Potential
2300,64,Male,Coat,Outerwear,57,Idaho,M,Violet,Summer,3.7,No,Store Pickup,No,No,48,Credit Card,Every 3 Months,0,0,0,4,Boomer-Early (55-64),0.0,56.03,Loyalists,0,0,0,228,Stable Loyalists
2301,18,Male,Coat,Outerwear,88,Pennsylvania,XL,Lavender,Summer,4.4,No,2-Day Shipping,No,No,38,Credit Card,Monthly,0,0,0,12,Gen Z (18-24),0.0,65.35,Champions,1,1,1,1056,Organic Champions
2302,37,Male,Pants,Clothing,20,Maine,L,Turquoise,Winter,2.9,No,Next Day Air,No,No,21,Debit Card,Annually,0,0,0,1,Millennial-Late (35-44),0.0,16.33,At-Risk,0,0,0,20,At-Risk / Dormant
2303,36,Male,Belt,Accessories,39,Montana,L,Pink,Summer,3.6,No,Store Pickup,No,No,38,Venmo,Monthly,0,0,0,12,Millennial-Late (35-44),0.0,43.91,Potential,0,1,0,468,Growth Potential
2304,51,Male,Sunglasses,Accessories,71,New Jersey,S,Beige,Spring,4.8,No,2-Day Shipping,No,No,31,Credit Card,Fortnightly,0,0,0,26,Gen X (45-54),0.0,59.06,Champions,1,1,1,1846,Organic Champions
2305,26,Male,Hoodie,Clothing,73,Louisiana,L,Silver,Winter,4.7,No,Free Shipping,No,No,9,Debit Card,Fortnightly,0,0,0,26,Millennial-Early (25-34),0.0,41.97,Potential,1,0,0,1898,Growth Potential
2306,68,Male,Handbag,Accessories,63,Maine,M,Gold,Summer,2.6,No,Free Shipping,No,No,47,Cash,Weekly,0,0,0,52,Boomer+ (65+),0.0,81.36,Champions,0,1,0,3276,Organic Champions
2307,27,Male,Gloves,Accessories,78,Florida,L,Silver,Winter,3.4,No,Standard,No,No,8,Cash,Bi-Weekly,0,0,0,26,Millennial-Early (25-34),0.0,43.34,Potential,0,0,0,2028,Growth Potential
2308,28,Male,Skirt,Clothing,96,Missouri,L,Green,Fall,3.5,No,Next Day Air,No,No,30,Debit Card,Annually,0,0,0,1,Millennial-Early (25-34),0.0,56.92,Loyalists,0,0,0,96,Stable Loyalists
2309,49,Male,Sunglasses,Accessories,81,North Dakota,M,Teal,Winter,3.4,No,2-Day Shipping,No,No,22,Bank Transfer,Quarterly,0,0,0,4,Gen X (45-54),0.0,45.3,Loyalists,0,0,0,324,Stable Loyalists
2310,70,Male,Dress,Clothing,95,Connecticut,S,Gold,Fall,5.0,No,2-Day Shipping,No,No,3,Bank Transfer,Quarterly,0,0,0,4,Boomer+ (65+),0.0,35.92,Potential,1,0,0,380,Growth Potential
2311,30,Male,Gloves,Accessories,68,Virginia,M,Cyan,Spring,4.6,No,Standard,No,No,15,PayPal,Monthly,0,0,0,12,Millennial-Early (25-34),0.0,37.82,Potential,1,0,0,816,Growth Potential
2312,27,Male,Sneakers,Footwear,28,Montana,L,Gold,Spring,4.8,No,2-Day Shipping,No,No,10,Bank Transfer,Every 3 Months,0,0,0,4,Millennial-Early (25-34),0.0,12.32,At-Risk,1,0,0,112,At-Risk / Dormant
2313,19,Male,T-shirt,Clothing,30,Vermont,L,Violet,Summer,3.7,No,Free Shipping,No,No,19,Cash,Every 3 Months,0,0,0,4,Gen Z (18-24),0.0,20.54,At-Risk,0,0,0,120,At-Risk / Dormant
2314,64,Male,Dress,Clothing,31,Georgia,M,Black,Summer,4.7,No,Next Day Air,No,No,36,Bank Transfer,Fortnightly,0,0,0,26,Boomer-Early (55-64),0.0,45.64,Loyalists,1,1,1,806,Stable Loyalists
2315,42,Male,Handbag,Accessories,95,Virginia,XL,Brown,Winter,4.4,No,Express,No,No,12,Bank Transfer,Every 3 Months,0,0,0,4,Millennial-Late (35-44),0.0,43.26,Potential,1,0,0,380,Growth Potential
2316,69,Male,Socks,Clothing,79,Vermont,M,Indigo,Winter,3.5,No,2-Day Shipping,No,No,49,Debit Card,Quarterly,0,0,0,4,Boomer+ (65+),0.0,66.47,Champions,0,0,0,316,Organic Champions
2317,28,Male,Sneakers,Footwear,39,Montana,L,Yellow,Winter,3.8,No,Standard,No,No,7,Debit Card,Annually,0,0,0,1,Millennial-Early (25-34),0.0,13.21,At-Risk,0,0,0,39,At-Risk / Dormant
2318,47,Male,Jacket,Outerwear,34,New Jersey,M,Purple,Summer,4.7,No,Next Day Air,No,No,28,Bank Transfer,Monthly,0,0,0,12,Gen X (45-54),0.0,33.56,Potential,1,1,0,408,Growth Potential
2319,69,Male,Hoodie,Clothing,28,Wyoming,L,White,Spring,3.1,No,Store Pickup,No,No,30,Credit Card,Annually,0,0,0,1,Boomer+ (65+),0.0,27.17,At-Risk,0,0,0,28,At-Risk / Dormant
2320,56,Male,Sandals,Footwear,38,Maine,XL,Turquoise,Winter,5.0,No,Free Shipping,No,No,29,PayPal,Monthly,0,0,0,12,Boomer-Early (55-64),0.0,36.12,Potential,1,1,0,456,Growth Potential
2321,28,Male,Shoes,Footwear,55,New Mexico,M,Olive,Spring,3.7,No,Free Shipping,No,No,9,Debit Card,Every 3 Months,0,0,0,4,Millennial-Early (25-34),0.0,23.31,At-Risk,0,0,0,220,At-Risk / Dormant
2322,50,Male,Sandals,Footwear,31,Colorado,M,Beige,Winter,3.0,No,Next Day Air,No,No,27,Debit Card,Fortnightly,0,0,0,26,Gen X (45-54),0.0,38.29,Potential,0,1,0,806,Growth Potential
2323,39,Male,Coat,Outerwear,84,Connecticut,S,Lavender,Spring,4.5,No,Store Pickup,No,No,21,Venmo,Fortnightly,0,0,0,26,Millennial-Late (35-44),0.0,56.58,Loyalists,1,0,1,2184,Stable Loyalists
2324,35,Male,Gloves,Accessories,93,Maryland,L,White,Winter,4.7,No,Express,No,No,36,Credit Card,Monthly,0,0,0,12,Millennial-Late (35-44),0.0,65.9,Champions,1,1,1,1116,Organic Champions
2325,59,Male,Coat,Outerwear,28,Oregon,L,Brown,Winter,3.5,No,Free Shipping,No,No,19,Debit Card,Annually,0,0,0,1,Boomer-Early (55-64),0.0,18.19,At-Risk,0,0,0,28,At-Risk / Dormant
2326,44,Male,Boots,Footwear,55,New York,M,Charcoal,Summer,4.4,No,2-Day Shipping,No,No,47,Cash,Weekly,0,0,0,52,Millennial-Late (35-44),0.0,77.86,Champions,1,1,1,2860,Organic Champions
2327,66,Male,Skirt,Clothing,63,Oklahoma,L,Maroon,Winter,2.6,No,Standard,No,No,38,Bank Transfer,Annually,0,0,0,1,Boomer+ (65+),0.0,49.02,Loyalists,0,0,0,63,Stable Loyalists
2328,20,Male,Skirt,Clothing,94,Alabama,M,Red,Winter,4.2,No,2-Day Shipping,No,No,22,Venmo,Bi-Weekly,0,0,0,26,Gen Z (18-24),0.0,61.77,Champions,1,0,1,2444,Organic Champions
2329,45,Male,Pants,Clothing,36,North Dakota,M,Maroon,Fall,2.6,No,Express,No,No,29,Venmo,Bi-Weekly,0,0,0,26,Gen X (45-54),0.0,42.11,Potential,0,1,0,936,Growth Potential
2330,49,Male,Hat,Accessories,97,Nebraska,S,Teal,Spring,4.8,No,Free Shipping,No,No,42,Bank Transfer,Annually,0,0,0,1,Gen X (45-54),0.0,67.16,Champions,1,0,1,97,Organic Champions
2331,60,Male,Backpack,Accessories,63,Arizona,L,Orange,Summer,2.9,No,Store Pickup,No,No,47,PayPal,Every 3 Months,0,0,0,4,Boomer-Early (55-64),0.0,57.83,Champions,0,0,0,252,Organic Champions
2332,61,Male,Scarf,Accessories,77,Illinois,S,Olive,Spring,4.3,No,2-Day Shipping,No,No,10,Credit Card,Bi-Weekly,0,0,0,26,Boomer-Early (55-64),0.0,44.54,Potential,1,0,0,2002,Growth Potential
2333,36,Male,Scarf,Accessories,53,South Carolina,XL,Olive,Fall,2.6,No,Store Pickup,No,No,10,Venmo,Monthly,0,0,0,12,Millennial-Late (35-44),0.0,27.18,At-Risk,0,0,0,636,At-Risk / Dormant
2334,33,Male,Shirt,Clothing,77,Kansas,M,Beige,Spring,3.8,No,Next Day Air,No,No,1,PayPal,Every 3 Months,0,0,0,4,Millennial-Early (25-34),0.0,26.41,At-Risk,0,0,0,308,At-Risk / Dormant
2335,49,Male,Boots,Footwear,79,Kansas,L,Green,Summer,4.2,No,Standard,No,No,7,Credit Card,Monthly,0,0,0,12,Gen X (45-54),0.0,36.1,Potential,1,0,0,948,Growth Potential
2336,31,Male,Coat,Outerwear,37,Idaho,M,Black,Summer,3.9,No,Store Pickup,No,No,10,Venmo,Fortnightly,0,0,0,26,Millennial-Early (25-34),0.0,27.04,At-Risk,0,0,0,962,At-Risk / Dormant
2337,19,Male,Belt,Accessories,94,California,M,Green,Winter,3.1,No,Free Shipping,No,No,11,Credit Card,Weekly,0,0,0,52,Gen Z (18-24),0.0,65.54,Champions,0,0,0,4888,Organic Champions
2338,39,Male,Boots,Footwear,76,North Dakota,S,Violet,Fall,3.6,No,Store Pickup,No,No,5,Cash,Annually,0,0,0,1,Millennial-Late (35-44),0.0,27.77,At-Risk,0,0,0,76,At-Risk / Dormant
2339,66,Male,Sneakers,Footwear,68,Georgia,S,Silver,Fall,4.0,No,Express,No,No,21,PayPal,Quarterly,0,0,0,4,Boomer+ (65+),0.0,38.8,Potential,1,0,0,272,Growth Potential
2340,25,Male,Shirt,Clothing,65,Illinois,L,Maroon,Spring,3.4,No,Next Day Air,No,No,24,Bank Transfer,Quarterly,0,0,0,4,Millennial-Early (25-34),0.0,39.93,Potential,0,0,0,260,Growth Potential
2341,63,Male,Blouse,Clothing,24,Delaware,M,Cyan,Summer,2.6,No,Standard,No,No,37,Credit Card,Fortnightly,0,0,0,26,Boomer-Early (55-64),0.0,43.39,Potential,0,1,0,624,Growth Potential
2342,56,Male,Jacket,Outerwear,31,Connecticut,L,Teal,Summer,4.5,No,Express,No,No,22,Venmo,Every 3 Months,0,0,0,4,Boomer-Early (55-64),0.0,23.43,At-Risk,1,0,0,124,At-Risk / Dormant
2343,20,Male,Skirt,Clothing,89,Tennessee,M,Olive,Fall,4.9,No,Standard,No,No,16,Debit Card,Fortnightly,0,0,0,26,Gen Z (18-24),0.0,54.69,Loyalists,1,0,1,2314,Stable Loyalists
2344,58,Male,Socks,Clothing,49,Maryland,M,Red,Summer,4.4,No,2-Day Shipping,No,No,44,PayPal,Monthly,0,0,0,12,Boomer-Early (55-64),0.0,53.18,Loyalists,1,1,1,588,Stable Loyalists
2345,34,Male,Sandals,Footwear,92,Rhode Island,XL,Lavender,Fall,3.5,No,Express,No,No,14,Venmo,Bi-Weekly,0,0,0,26,Millennial-Early (25-34),0.0,54.37,Loyalists,0,0,0,2392,Stable Loyalists
2346,28,Male,T-shirt,Clothing,32,New York,S,Orange,Winter,3.3,No,Express,No,No,23,Bank Transfer,Every 3 Months,0,0,0,4,Millennial-Early (25-34),0.0,24.68,At-Risk,0,0,0,128,At-Risk / Dormant
2347,22,Male,Jacket,Outerwear,67,New Mexico,L,Brown,Winter,3.1,No,Standard,No,No,46,Debit Card,Fortnightly,0,0,0,26,Gen Z (18-24),0.0,69.55,Champions,0,1,0,1742,Organic Champions
2348,37,Male,Belt,Accessories,64,California,S,Gray,Fall,4.2,No,Express,No,No,46,Cash,Every 3 Months,0,0,0,4,Millennial-Late (35-44),0.0,57.46,Loyalists,1,0,1,256,Stable Loyalists
2349,54,Male,Shoes,Footwear,84,Maine,M,Orange,Spring,4.9,No,Next Day Air,No,No,16,PayPal,Every 3 Months,0,0,0,4,Gen X (45-54),0.0,41.72,Potential,1,0,0,336,Growth Potential
2350,65,Male,Blouse,Clothing,34,New York,M,Orange,Fall,3.9,No,Standard,No,No,40,Credit Card,Every 3 Months,0,0,0,4,Boomer+ (65+),0.0,39.43,Potential,0,0,0,136,Growth Potential
2351,57,Male,Shoes,Footwear,26,Hawaii,M,Turquoise,Winter,4.2,No,Free Shipping,No,No,21,Cash,Annually,0,0,0,1,Boomer-Early (55-64),0.0,18.95,At-Risk,1,0,0,26,At-Risk / Dormant
2352,38,Male,Sweater,Clothing,50,New Hampshire,S,Cyan,Fall,4.9,No,Store Pickup,No,No,25,PayPal,Bi-Weekly,0,0,0,26,Millennial-Late (35-44),0.0,44.97,Loyalists,1,1,1,1300,Stable Loyalists
2353,70,Male,Boots,Footwear,46,Nebraska,M,Yellow,Fall,2.8,No,Store Pickup,No,No,25,Bank Transfer,Quarterly,0,0,0,4,Boomer+ (65+),0.0,32.44,At-Risk,0,0,0,184,At-Risk / Dormant
2354,56,Male,Handbag,Accessories,71,Montana,M,White,Fall,4.1,No,Standard,No,No,25,Debit Card,Every 3 Months,0,0,0,4,Boomer-Early (55-64),0.0,43.37,Potential,1,0,0,284,Growth Potential
2355,56,Male,Blouse,Clothing,78,Wisconsin,M,Blue,Summer,4.8,No,Next Day Air,No,No,27,Venmo,Monthly,0,0,0,12,Boomer-Early (55-64),0.0,51.99,Loyalists,1,1,1,936,Stable Loyalists
2356,22,Male,Skirt,Clothing,35,Tennessee,S,Purple,Winter,4.1,No,Next Day Air,No,No,12,Cash,Monthly,0,0,0,12,Gen Z (18-24),0.0,20.93,At-Risk,1,0,0,420,At-Risk / Dormant
2357,57,Male,Backpack,Accessories,58,Montana,M,Gray,Summer,3.0,No,Free Shipping,No,No,27,Debit Card,Quarterly,0,0,0,4,Boomer-Early (55-64),0.0,39.32,Potential,0,0,0,232,Growth Potential
2358,53,Male,Shirt,Clothing,67,Michigan,L,Cyan,Fall,4.2,No,2-Day Shipping,No,No,40,Credit Card,Bi-Weekly,0,0,0,26,Gen X (45-54),0.0,64.65,Champions,1,1,1,1742,Organic Champions
2359,53,Male,Sweater,Clothing,93,Texas,L,Pink,Spring,3.8,No,Standard,No,No,38,Credit Card,Quarterly,0,0,0,4,Gen X (45-54),0.0,63.61,Champions,0,0,0,372,Organic Champions
2360,19,Male,Scarf,Accessories,81,Pennsylvania,S,Gold,Spring,3.3,No,2-Day Shipping,No,No,44,Bank Transfer,Every 3 Months,0,0,0,4,Gen Z (18-24),0.0,63.26,Champions,0,0,0,324,Organic Champions
2361,49,Male,Handbag,Accessories,80,New York,L,Silver,Fall,4.7,No,2-Day Shipping,No,No,27,Venmo,Every 3 Months,0,0,0,4,Gen X (45-54),0.0,48.95,Loyalists,1,0,1,320,Stable Loyalists
2362,44,Male,Scarf,Accessories,64,Alabama,M,Gray,Spring,4.3,No,2-Day Shipping,No,No,30,Credit Card,Every 3 Months,0,0,0,4,Millennial-Late (35-44),0.0,44.39,Potential,1,0,0,256,Growth Potential
2363,27,Male,Jeans,Clothing,41,Virginia,M,Brown,Fall,2.7,No,Standard,No,No,24,Credit Card,Monthly,0,0,0,12,Millennial-Early (25-34),0.0,33.36,Potential,0,0,0,492,Growth Potential
2364,60,Male,Socks,Clothing,79,Pennsylvania,XL,Pink,Winter,4.2,No,Express,No,No,38,Cash,Bi-Weekly,0,0,0,26,Boomer-Early (55-64),0.0,68.27,Champions,1,1,1,2054,Organic Champions
2365,62,Male,Sunglasses,Accessories,60,Mississippi,L,Maroon,Winter,4.2,No,Free Shipping,No,No,4,PayPal,Quarterly,0,0,0,4,Boomer-Early (55-64),0.0,21.42,At-Risk,1,0,0,240,At-Risk / Dormant
2366,52,Male,Sneakers,Footwear,91,Wyoming,S,Peach,Winter,2.5,No,Next Day Air,No,No,32,Venmo,Monthly,0,0,0,12,Gen X (45-54),0.0,61.76,Champions,0,1,0,1092,Organic Champions
2367,30,Male,Shoes,Footwear,66,New Mexico,L,Brown,Winter,3.6,No,Express,No,No,32,Credit Card,Fortnightly,0,0,0,26,Millennial-Early (25-34),0.0,57.69,Loyalists,0,1,0,1716,Stable Loyalists
2368,66,Male,Socks,Clothing,85,North Dakota,L,Green,Winter,3.4,No,Standard,No,No,28,Bank Transfer,Bi-Weekly,0,0,0,26,Boomer+ (65+),0.0,62.73,Champions,0,1,0,2210,Organic Champions
2369,29,Male,Sunglasses,Accessories,38,New Jersey,M,Lavender,Summer,3.3,No,Standard,No,No,6,Debit Card,Every 3 Months,0,0,0,4,Millennial-Early (25-34),0.0,13.43,At-Risk,0,0,0,152,At-Risk / Dormant
2370,24,Male,Sweater,Clothing,23,Vermont,M,Cyan,Winter,4.6,No,Standard,No,No,24,PayPal,Monthly,0,0,0,12,Gen Z (18-24),0.0,25.48,At-Risk,1,0,0,276,At-Risk / Dormant
2371,51,Male,Shoes,Footwear,71,Alaska,M,Black,Spring,3.9,No,Store Pickup,No,No,38,Venmo,Weekly,0,0,0,52,Gen X (45-54),0.0,77.52,Champions,0,1,0,3692,Organic Champions
2372,67,Male,Socks,Clothing,25,Indiana,M,Charcoal,Winter,3.7,No,Next Day Air,No,No,28,Debit Card,Annually,0,0,0,1,Boomer+ (65+),0.0,24.23,At-Risk,0,0,0,25,At-Risk / Dormant
2373,50,Male,Boots,Footwear,39,Alabama,XL,Silver,Spring,3.1,No,Express,No,No,9,PayPal,Fortnightly,0,0,0,26,Gen X (45-54),0.0,27.1,At-Risk,0,0,0,1014,At-Risk / Dormant
2374,37,Male,Hoodie,Clothing,20,Michigan,M,Gray,Spring,4.9,No,Express,No,No,21,Debit Card,Every 3 Months,0,0,0,4,Millennial-Late (35-44),0.0,17.8,At-Risk,1,0,0,80,At-Risk / Dormant
2375,69,Male,Gloves,Accessories,73,Washington,L,Peach,Winter,4.7,No,Standard,No,No,31,Debit Card,Monthly,0,0,0,12,Boomer+ (65+),0.0,53.07,Loyalists,1,1,1,876,Stable Loyalists
2376,60,Male,Backpack,Accessories,63,Virginia,L,Peach,Fall,2.9,No,Next Day Air,No,No,18,Credit Card,Quarterly,0,0,0,4,Boomer-Early (55-64),0.0,34.16,Potential,0,0,0,252,Growth Potential
2377,21,Male,Gloves,Accessories,94,Tennessee,XL,Cyan,Spring,4.1,No,Express,No,No,5,Cash,Weekly,0,0,0,52,Gen Z (18-24),0.0,60.64,Champions,1,0,1,4888,Organic Champions
2378,44,Male,Blouse,Clothing,94,South Dakota,L,Magenta,Fall,4.0,No,Next Day Air,No,No,22,Cash,Annually,0,0,0,1,Millennial-Late (35-44),0.0,49.52,Loyalists,1,0,1,94,Stable Loyalists
2379,26,Male,Scarf,Accessories,71,New Hampshire,L,Teal,Summer,2.7,No,Store Pickup,No,No,37,PayPal,Bi-Weekly,0,0,0,26,Millennial-Early (25-34),0.0,63.96,Champions,0,1,0,1846,Organic Champions
2380,40,Male,Hat,Accessories,77,South Dakota,M,Peach,Spring,4.0,No,2-Day Shipping,No,No,22,Debit Card,Monthly,0,0,0,12,Millennial-Late (35-44),0.0,47.47,Loyalists,1,0,1,924,Stable Loyalists
2381,41,Male,Scarf,Accessories,66,Pennsylvania,M,Black,Fall,2.5,No,Next Day Air,No,No,36,PayPal,Fortnightly,0,0,0,26,Millennial-Late (35-44),0.0,60.95,Champions,0,1,0,1716,Organic Champions
2382,62,Male,Sandals,Footwear,23,Wisconsin,M,Teal,Summer,4.5,No,Free Shipping,No,No,23,PayPal,Annually,0,0,0,1,Boomer-Early (55-64),0.0,19.27,At-Risk,1,0,0,23,At-Risk / Dormant
2383,39,Male,Sweater,Clothing,60,California,M,Turquoise,Spring,3.9,No,Express,No,No,44,Debit Card,Weekly,0,0,0,52,Millennial-Late (35-44),0.0,77.6,Champions,0,1,0,3120,Organic Champions
2384,53,Male,Backpack,Accessories,72,Rhode Island,L,Gold,Spring,4.9,No,2-Day Shipping,No,No,25,Bank Transfer,Annually,0,0,0,1,Gen X (45-54),0.0,42.34,Potential,1,0,0,72,Growth Potential
2385,24,Male,Blouse,Clothing,35,Alabama,L,Green,Winter,3.3,No,2-Day Shipping,No,No,40,PayPal,Quarterly,0,0,0,4,Gen Z (18-24),0.0,39.87,Potential,0,0,0,140,Growth Potential
2386,41,Male,Scarf,Accessories,31,Oklahoma,M,Brown,Fall,3.8,No,Express,No,No,12,PayPal,Weekly,0,0,0,52,Millennial-Late (35-44),0.0,38.79,Potential,0,0,0,1612,Growth Potential
2387,19,Male,Socks,Clothing,33,Illinois,L,Blue,Summer,2.9,No,Standard,No,No,14,Venmo,Monthly,0,0,0,12,Gen Z (18-24),0.0,21.69,At-Risk,0,0,0,396,At-Risk / Dormant
2388,36,Male,Hat,Accessories,95,Tennessee,M,Gold,Summer,4.0,No,2-Day Shipping,No,No,14,Debit Card,Monthly,0,0,0,12,Millennial-Late (35-44),0.0,48.82,Loyalists,1,0,1,1140,Stable Loyalists
2389,21,Male,Dress,Clothing,68,Alabama,M,Peach,Fall,4.1,No,Store Pickup,No,No,10,Debit Card,Annually,0,0,0,1,Gen Z (18-24),0.0,28.35,At-Risk,1,0,0,68,At-Risk / Dormant
2390,25,Male,Coat,Outerwear,87,Kansas,M,Violet,Spring,3.1,No,Store Pickup,No,No,17,Bank Transfer,Every 3 Months,0,0,0,4,Millennial-Early (25-34),0.0,43.84,Potential,0,0,0,348,Growth Potential
2391,65,Male,Shirt,Clothing,64,Arizona,XL,Yellow,Winter,4.6,No,Express,No,No,24,Debit Card,Fortnightly,0,0,0,26,Boomer+ (65+),0.0,50.28,Loyalists,1,0,1,1664,Stable Loyalists
2392,42,Male,Shirt,Clothing,74,Michigan,M,Black,Winter,4.6,No,Next Day Air,No,No,31,Bank Transfer,Quarterly,0,0,0,4,Millennial-Late (35-44),0.0,49.59,Loyalists,1,0,1,296,Stable Loyalists
2393,40,Male,Jeans,Clothing,62,Missouri,L,Silver,Spring,2.6,No,2-Day Shipping,No,No,36,Cash,Annually,0,0,0,1,Millennial-Late (35-44),0.0,46.95,Loyalists,0,0,0,62,Stable Loyalists
2394,58,Male,Socks,Clothing,97,Louisiana,M,Brown,Winter,5.0,No,2-Day Shipping,No,No,38,PayPal,Every 3 Months,0,0,0,4,Boomer-Early (55-64),0.0,65.36,Champions,1,0,1,388,Organic Champions
2395,40,Male,Sandals,Footwear,47,Connecticut,L,Peach,Fall,2.9,No,2-Day Shipping,No,No,23,Debit Card,Fortnightly,0,0,0,26,Millennial-Late (35-44),0.0,42.03,Potential,0,0,0,1222,Growth Potential
2396,62,Male,Blouse,Clothing,83,Connecticut,M,Cyan,Winter,3.5,No,2-Day Shipping,No,No,47,PayPal,Bi-Weekly,0,0,0,26,Boomer-Early (55-64),0.0,77.37,Champions,0,1,0,2158,Organic Champions
2397,38,Male,Shirt,Clothing,82,Oregon,M,Olive,Spring,3.7,No,2-Day Shipping,No,No,20,Venmo,Weekly,0,0,0,52,Millennial-Late (35-44),0.0,67.64,Champions,0,0,0,4264,Organic Champions
2398,37,Male,Sunglasses,Accessories,26,West Virginia,L,Black,Fall,2.9,No,Store Pickup,No,No,41,Venmo,Monthly,0,0,0,12,Millennial-Late (35-44),0.0,40.67,Potential,0,1,0,312,Growth Potential
2399,65,Male,Jacket,Outerwear,81,Florida,M,Orange,Winter,4.3,No,Free Shipping,No,No,44,Bank Transfer,Fortnightly,0,0,0,26,Boomer+ (65+),0.0,74.04,Champions,1,1,1,2106,Organic Champions
2400,55,Male,Dress,Clothing,44,New Hampshire,L,Beige,Spring,3.2,No,Store Pickup,No,No,31,Cash,Monthly,0,0,0,12,Boomer-Early (55-64),0.0,40.38,Potential,0,1,0,528,Growth Potential
2401,43,Male,Sunglasses,Accessories,88,Oregon,M,Peach,Winter,4.2,No,Next Day Air,No,No,11,Credit Card,Bi-Weekly,0,0,0,26,Millennial-Late (35-44),0.0,50.17,Loyalists,1,0,1,2288,Stable Loyalists
2402,43,Male,Boots,Footwear,76,Oregon,M,Pink,Winter,4.2,No,Standard,No,No,25,PayPal,Bi-Weekly,0,0,0,26,Millennial-Late (35-44),0.0,56.35,Loyalists,1,1,1,1976,Stable Loyalists
2403,45,Male,Scarf,Accessories,89,Utah,M,Brown,Winter,3.8,No,Free Shipping,No,No,31,Cash,Weekly,0,0,0,52,Gen X (45-54),0.0,79.68,Champions,0,1,0,4628,Organic Champions
2404,64,Male,Shorts,Clothing,22,Missouri,M,Magenta,Fall,4.4,No,Standard,No,No,40,Debit Card,Weekly,0,0,0,52,Boomer-Early (55-64),0.0,57.71,Loyalists,1,1,1,1144,Stable Loyalists
2405,28,Male,Shorts,Clothing,33,West Virginia,L,Cyan,Winter,3.1,No,2-Day Shipping,No,No,23,Credit Card,Bi-Weekly,0,0,0,26,Millennial-Early (25-34),0.0,35.9,Potential,0,0,0,858,Growth Potential
2406,69,Male,Jeans,Clothing,97,California,XL,Silver,Fall,5.0,No,Standard,No,No,5,Debit Card,Quarterly,0,0,0,4,Boomer+ (65+),0.0,38.42,Potential,1,0,0,388,Growth Potential
2407,54,Male,Scarf,Accessories,57,California,M,Indigo,Winter,4.7,No,Standard,No,No,26,PayPal,Weekly,0,0,0,52,Gen X (45-54),0.0,61.6,Champions,1,1,1,2964,Organic Champions
2408,52,Male,Shorts,Clothing,38,Illinois,M,Beige,Summer,3.0,No,Express,No,No,11,Credit Card,Bi-Weekly,0,0,0,26,Gen X (45-54),0.0,28.29,At-Risk,0,0,0,988,At-Risk / Dormant
2409,23,Male,Sneakers,Footwear,55,Hawaii,XL,Black,Fall,4.2,No,Next Day Air,No,No,44,Debit Card,Every 3 Months,0,0,0,4,Gen Z (18-24),0.0,51.89,Loyalists,1,0,1,220,Stable Loyalists
2410,26,Male,Jewelry,Accessories,37,Washington,L,Yellow,Spring,3.0,No,Store Pickup,No,No,47,Cash,Every 3 Months,0,0,0,4,Millennial-Early (25-34),0.0,46.46,Loyalists,0,0,0,148,Stable Loyalists
2411,48,Male,Shoes,Footwear,43,Wisconsin,M,Maroon,Summer,3.7,No,Free Shipping,No,No,46,PayPal,Monthly,0,0,0,12,Gen X (45-54),0.0,52.19,Loyalists,0,1,0,516,Stable Loyalists
2412,49,Male,Hoodie,Clothing,96,Virginia,M,Cyan,Summer,2.7,No,Free Shipping,No,No,35,Cash,Every 3 Months,0,0,0,4,Gen X (45-54),0.0,62.48,Champions,0,0,0,384,Organic Champions
2413,53,Male,Jacket,Outerwear,51,Oregon,M,Pink,Winter,4.3,No,2-Day Shipping,No,No,8,Bank Transfer,Bi-Weekly,0,0,0,26,Gen X (45-54),0.0,31.53,At-Risk,1,0,0,1326,At-Risk / Dormant
2414,69,Male,Shorts,Clothing,95,Pennsylvania,XL,Violet,Fall,2.7,No,2-Day Shipping,No,No,30,Bank Transfer,Weekly,0,0,0,52,Boomer+ (65+),0.0,81.49,Champions,0,1,0,4940,Organic Champions
2415,26,Male,Socks,Clothing,26,Virginia,M,Lavender,Summer,3.7,No,Next Day Air,No,No,14,Credit Card,Bi-Weekly,0,0,0,26,Millennial-Early (25-34),0.0,25.49,At-Risk,0,0,0,676,At-Risk / Dormant
2416,21,Male,Coat,Outerwear,34,Hawaii,XL,Lavender,Fall,4.3,No,Standard,No,No,30,Bank Transfer,Weekly,0,0,0,52,Gen Z (18-24),0.0,54.8,Loyalists,1,1,1,1768,Stable Loyalists
2417,59,Male,Sandals,Footwear,83,Nebraska,S,Black,Summer,4.0,No,Next Day Air,No,No,26,Credit Card,Every 3 Months,0,0,0,4,Boomer-Early (55-64),0.0,49.44,Loyalists,1,0,1,332,Stable Loyalists
2418,21,Male,Backpack,Accessories,24,Alaska,M,Olive,Fall,3.3,No,Standard,No,No,32,Venmo,Fortnightly,0,0,0,26,Gen Z (18-24),0.0,39.31,Potential,0,1,0,624,Growth Potential
2419,22,Male,Pants,Clothing,69,Michigan,S,Indigo,Fall,4.0,No,Next Day Air,No,No,47,Cash,Every 3 Months,0,0,0,4,Gen Z (18-24),0.0,60.46,Champions,1,0,1,276,Organic Champions
2420,26,Male,Sweater,Clothing,40,North Carolina,M,Blue,Fall,2.7,No,Next Day Air,No,No,11,Credit Card,Every 3 Months,0,0,0,4,Millennial-Early (25-34),0.0,18.38,At-Risk,0,0,0,160,At-Risk / Dormant
2421,41,Male,Jacket,Outerwear,87,North Carolina,S,Green,Winter,4.2,No,Free Shipping,No,No,28,PayPal,Annually,0,0,0,1,Millennial-Late (35-44),0.0,51.35,Loyalists,1,0,1,87,Stable Loyalists
2422,37,Male,Sneakers,Footwear,46,Minnesota,L,Pink,Spring,4.6,No,Standard,No,No,2,Debit Card,Every 3 Months,0,0,0,4,Millennial-Late (35-44),0.0,13.66,At-Risk,1,0,0,184,At-Risk / Dormant
2423,30,Male,Jewelry,Accessories,82,Georgia,M,Peach,Winter,4.8,No,Store Pickup,No,No,45,Credit Card,Weekly,0,0,0,52,Millennial-Early (25-34),0.0,88.04,Champions,1,1,1,4264,Organic Champions
2424,49,Male,Backpack,Accessories,81,West Virginia,M,Purple,Summer,2.8,No,Free Shipping,No,No,7,Credit Card,Every 3 Months,0,0,0,4,Gen X (45-54),0.0,33.06,Potential,0,0,0,324,Growth Potential
2425,49,Male,Jewelry,Accessories,57,Delaware,M,Peach,Winter,4.5,No,Next Day Air,No,No,28,Bank Transfer,Bi-Weekly,0,0,0,26,Gen X (45-54),0.0,50.48,Loyalists,1,1,1,1482,Stable Loyalists
2426,58,Male,Shoes,Footwear,49,North Dakota,S,Olive,Summer,3.0,No,2-Day Shipping,No,No,34,Bank Transfer,Quarterly,0,0,0,4,Boomer-Early (55-64),0.0,41.1,Potential,0,0,0,196,Growth Potential
2427,70,Male,Jacket,Outerwear,42,Florida,M,Olive,Fall,4.6,No,Free Shipping,No,No,26,Debit Card,Every 3 Months,0,0,0,4,Boomer+ (65+),0.0,31.5,At-Risk,1,0,0,168,At-Risk / Dormant
2428,27,Male,Jacket,Outerwear,26,Oregon,M,Purple,Spring,3.3,No,Standard,No,No,45,Cash,Quarterly,0,0,0,4,Millennial-Early (25-34),0.0,40.01,Potential,0,0,0,104,Growth Potential
2429,65,Male,T-shirt,Clothing,38,Idaho,M,Violet,Spring,4.4,No,Next Day Air,No,No,34,Debit Card,Annually,0,0,0,1,Boomer+ (65+),0.0,34.81,Potential,1,0,0,38,Growth Potential
2430,57,Male,Sneakers,Footwear,57,Virginia,XL,Maroon,Summer,4.4,No,Standard,No,No,47,Credit Card,Fortnightly,0,0,0,26,Boomer-Early (55-64),0.0,65.99,Champions,1,1,1,1482,Organic Champions
2431,20,Male,Jacket,Outerwear,100,North Dakota,XL,White,Summer,4.3,No,Express,No,No,42,Cash,Quarterly,0,0,0,4,Gen Z (18-24),0.0,69.94,Champions,1,0,1,400,Organic Champions
2432,34,Male,Hoodie,Clothing,73,Alabama,S,Olive,Fall,3.4,No,Express,No,No,27,Bank Transfer,Every 3 Months,0,0,0,4,Millennial-Early (25-34),0.0,45.88,Loyalists,0,0,0,292,Stable Loyalists
2433,59,Male,Jacket,Outerwear,66,Hawaii,M,Peach,Winter,2.8,No,Store Pickup,No,No,43,Venmo,Monthly,0,0,0,12,Boomer-Early (55-64),0.0,59.8,Champions,0,1,0,792,Organic Champions
2434,54,Male,T-shirt,Clothing,73,Oregon,M,Blue,Spring,3.4,No,Standard,No,No,16,Cash,Bi-Weekly,0,0,0,26,Gen X (45-54),0.0,47.69,Loyalists,0,0,0,1898,Stable Loyalists
2435,36,Male,Gloves,Accessories,45,Utah,M,Brown,Spring,5.0,No,Store Pickup,No,No,40,Credit Card,Monthly,0,0,0,12,Millennial-Late (35-44),0.0,48.17,Loyalists,1,1,1,540,Stable Loyalists
2436,21,Male,Sneakers,Footwear,27,Hawaii,S,Black,Fall,4.5,No,Free Shipping,No,No,29,Cash,Bi-Weekly,0,0,0,26,Gen Z (18-24),0.0,38.17,Potential,1,1,0,702,Growth Potential
2437,52,Male,T-shirt,Clothing,24,Connecticut,M,Yellow,Fall,2.7,No,Store Pickup,No,No,38,Credit Card,Quarterly,0,0,0,4,Gen X (45-54),0.0,33.42,Potential,0,0,0,96,Growth Potential
2438,43,Male,Sneakers,Footwear,59,Wyoming,XL,Magenta,Winter,3.4,No,Store Pickup,No,No,34,Credit Card,Weekly,0,0,0,52,Millennial-Late (35-44),0.0,69.0,Champions,0,1,0,3068,Organic Champions
2439,32,Male,Jeans,Clothing,20,Delaware,S,Cyan,Winter,3.4,No,Express,No,No,30,Venmo,Weekly,0,0,0,52,Millennial-Early (25-34),0.0,48.67,Loyalists,0,1,0,1040,Stable Loyalists
2440,55,Male,Handbag,Accessories,44,Arkansas,M,Maroon,Summer,2.8,No,Standard,No,No,45,Bank Transfer,Annually,0,0,0,1,Boomer-Early (55-64),0.0,46.42,Loyalists,0,0,0,44,Stable Loyalists
2441,31,Male,Socks,Clothing,90,Indiana,M,Red,Spring,4.7,No,Standard,No,No,47,Bank Transfer,Annually,0,0,0,1,Millennial-Early (25-34),0.0,68.18,Champions,1,0,1,90,Organic Champions
2442,45,Male,Jewelry,Accessories,36,California,M,Black,Fall,4.7,No,Free Shipping,No,No,5,Credit Card,Monthly,0,0,0,12,Gen X (45-54),0.0,15.66,At-Risk,1,0,0,432,At-Risk / Dormant
2443,53,Male,Blouse,Clothing,95,Wyoming,L,Violet,Winter,4.7,No,Free Shipping,No,No,50,Debit Card,Bi-Weekly,0,0,0,26,Gen X (45-54),0.0,85.07,Champions,1,1,1,2470,Organic Champions
2444,24,Male,Backpack,Accessories,30,South Dakota,M,Green,Spring,3.4,No,2-Day Shipping,No,No,24,Bank Transfer,Bi-Weekly,0,0,0,26,Gen Z (18-24),0.0,35.41,Potential,0,0,0,780,Growth Potential
2445,47,Male,Scarf,Accessories,65,West Virginia,S,Gold,Fall,3.7,No,Express,No,No,15,Debit Card,Bi-Weekly,0,0,0,26,Gen X (45-54),0.0,43.37,Potential,0,0,0,1690,Growth Potential
2446,63,Male,Scarf,Accessories,96,Tennessee,M,Brown,Summer,4.1,No,Store Pickup,No,No,50,Cash,Weekly,0,0,0,52,Boomer-Early (55-64),0.0,98.25,Champions,1,1,1,4992,Organic Champions
2447,38,Male,Shirt,Clothing,65,Alaska,L,Peach,Spring,2.9,No,2-Day Shipping,No,No,7,Credit Card,Monthly,0,0,0,12,Millennial-Late (35-44),0.0,29.98,At-Risk,0,0,0,780,At-Risk / Dormant
2448,59,Male,Pants,Clothing,47,South Dakota,L,Peach,Fall,3.2,No,Store Pickup,No,No,10,Venmo,Fortnightly,0,0,0,26,Boomer-Early (55-64),0.0,31.41,At-Risk,0,0,0,1222,At-Risk / Dormant
2449,54,Male,Hat,Accessories,25,Tennessee,S,Violet,Fall,3.0,No,Free Shipping,No,No,38,PayPal,Bi-Weekly,0,0,0,26,Gen X (45-54),0.0,44.65,Potential,0,1,0,650,Growth Potential
2450,26,Male,Coat,Outerwear,56,Alabama,S,Violet,Fall,4.1,No,Express,No,No,31,Venmo,Fortnightly,0,0,0,26,Millennial-Early (25-34),0.0,52.49,Loyalists,1,1,1,1456,Stable Loyalists
2451,68,Male,T-shirt,Clothing,76,North Carolina,M,Magenta,Fall,4.5,No,Standard,No,No,7,Venmo,Quarterly,0,0,0,4,Boomer+ (65+),0.0,30.87,At-Risk,1,0,0,304,At-Risk / Dormant
2452,41,Male,Socks,Clothing,60,Oklahoma,M,Purple,Fall,3.4,No,Store Pickup,No,No,27,Venmo,Monthly,0,0,0,12,Millennial-Late (35-44),0.0,44.12,Potential,0,1,0,720,Growth Potential
2453,68,Male,Shirt,Clothing,67,New York,L,Purple,Winter,4.1,No,Express,No,No,45,Bank Transfer,Every 3 Months,0,0,0,4,Boomer+ (65+),0.0,57.95,Champions,1,0,1,268,Organic Champions
2454,21,Male,Sweater,Clothing,95,Iowa,XL,Cyan,Spring,4.6,No,Store Pickup,No,No,13,Cash,Annually,0,0,0,1,Gen Z (18-24),0.0,42.61,Potential,1,0,0,95,Growth Potential
2455,32,Male,Gloves,Accessories,72,Alaska,M,Magenta,Winter,4.6,No,Express,No,No,33,Venmo,Annually,0,0,0,1,Millennial-Early (25-34),0.0,48.87,Loyalists,1,0,1,72,Stable Loyalists
2456,20,Male,Belt,Accessories,98,Alaska,L,Lavender,Spring,3.4,No,Express,No,No,25,Cash,Every 3 Months,0,0,0,4,Gen Z (18-24),0.0,55.19,Loyalists,0,0,0,392,Stable Loyalists
2457,59,Male,Jeans,Clothing,83,Nebraska,M,Green,Winter,3.3,No,2-Day Shipping,No,No,5,PayPal,Monthly,0,0,0,12,Boomer-Early (55-64),0.0,36.22,Potential,0,0,0,996,Growth Potential
2458,53,Male,Handbag,Accessories,37,Delaware,M,Maroon,Fall,3.6,No,2-Day Shipping,No,No,23,Cash,Quarterly,0,0,0,4,Gen X (45-54),0.0,26.87,At-Risk,0,0,0,148,At-Risk / Dormant
2459,66,Male,T-shirt,Clothing,85,Texas,L,Turquoise,Fall,4.6,No,Free Shipping,No,No,17,Bank Transfer,Weekly,0,0,0,52,Boomer+ (65+),0.0,66.5,Champions,1,0,1,4420,Organic Champions
2460,47,Male,Socks,Clothing,36,Missouri,L,Violet,Fall,4.3,No,2-Day Shipping,No,No,14,Cash,Weekly,0,0,0,52,Gen X (45-54),0.0,42.61,Potential,1,0,0,1872,Growth Potential
2461,58,Male,Jeans,Clothing,36,Maine,S,Lavender,Winter,4.0,No,Store Pickup,No,No,28,Credit Card,Annually,0,0,0,1,Boomer-Early (55-64),0.0,29.04,At-Risk,1,0,0,36,At-Risk / Dormant
2462,28,Male,Scarf,Accessories,86,Pennsylvania,L,Red,Summer,4.8,No,Next Day Air,No,No,19,Credit Card,Weekly,0,0,0,52,Millennial-Early (25-34),0.0,68.57,Champions,1,0,1,4472,Organic Champions
2463,68,Male,Pants,Clothing,99,Missouri,XL,Orange,Spring,4.3,No,Standard,No,No,31,Bank Transfer,Bi-Weekly,0,0,0,26,Boomer+ (65+),0.0,71.31,Champions,1,1,1,2574,Organic Champions
2464,60,Male,Blouse,Clothing,21,Mississippi,XL,Indigo,Summer,3.3,No,Standard,No,No,25,Cash,Bi-Weekly,0,0,0,26,Boomer-Early (55-64),0.0,32.28,At-Risk,0,1,0,546,At-Risk / Dormant
2465,47,Male,Jacket,Outerwear,84,Hawaii,L,Teal,Winter,2.8,No,Express,No,No,4,Cash,Bi-Weekly,0,0,0,26,Gen X (45-54),0.0,42.7,Potential,0,0,0,2184,Growth Potential
2466,18,Male,Sandals,Footwear,63,Texas,M,Brown,Spring,4.4,No,Free Shipping,No,No,20,Bank Transfer,Weekly,0,0,0,52,Gen Z (18-24),0.0,59.32,Champions,1,0,1,3276,Organic Champions
2467,32,Male,Shorts,Clothing,84,South Dakota,S,Pink,Summer,3.7,No,Express,No,No,37,Cash,Annually,0,0,0,1,Millennial-Early (25-34),0.0,57.39,Loyalists,0,0,0,84,Stable Loyalists
2468,27,Male,Shorts,Clothing,72,New Jersey,M,Lavender,Spring,3.6,No,Express,No,No,28,Credit Card,Annually,0,0,0,1,Millennial-Early (25-34),0.0,44.79,Loyalists,0,0,0,72,Stable Loyalists
2469,65,Male,Skirt,Clothing,21,Connecticut,L,Cyan,Winter,3.7,No,2-Day Shipping,No,No,6,Venmo,Weekly,0,0,0,52,Boomer+ (65+),0.0,29.52,At-Risk,0,0,0,1092,At-Risk / Dormant
2470,68,Male,Sandals,Footwear,92,Maryland,M,Yellow,Fall,5.0,No,Standard,No,No,27,PayPal,Annually,0,0,0,1,Boomer+ (65+),0.0,52.72,Loyalists,1,0,1,92,Stable Loyalists
2471,55,Male,Blouse,Clothing,72,Arizona,XL,Pink,Fall,2.7,No,Next Day Air,No,No,29,Credit Card,Fortnightly,0,0,0,26,Boomer-Early (55-64),0.0,57.86,Champions,0,1,0,1872,Organic Champions
2472,30,Male,Sandals,Footwear,83,Oklahoma,M,Gray,Spring,4.3,No,Store Pickup,No,No,1,Cash,Annually,0,0,0,1,Millennial-Early (25-34),0.0,27.56,At-Risk,1,0,0,83,At-Risk / Dormant
2473,24,Male,Shirt,Clothing,73,Utah,M,Peach,Summer,4.1,No,Standard,No,No,31,Credit Card,Annually,0,0,0,1,Gen Z (18-24),0.0,47.68,Loyalists,1,0,1,73,Stable Loyalists
2474,57,Male,Socks,Clothing,98,Arkansas,M,Red,Winter,2.6,No,Next Day Air,No,No,28,Cash,Quarterly,0,0,0,4,Boomer-Early (55-64),0.0,57.64,Loyalists,0,0,0,392,Stable Loyalists
2475,23,Male,T-shirt,Clothing,76,North Carolina,M,Olive,Fall,3.2,No,Store Pickup,No,No,19,Bank Transfer,Quarterly,0,0,0,4,Gen Z (18-24),0.0,40.66,Potential,0,0,0,304,Growth Potential
2476,69,Male,Dress,Clothing,43,California,S,Lavender,Summer,3.5,No,Next Day Air,No,No,36,Venmo,Monthly,0,0,0,12,Boomer+ (65+),0.0,44.03,Potential,0,1,0,516,Growth Potential
2477,60,Male,Hat,Accessories,60,Colorado,M,Turquoise,Summer,3.7,No,Next Day Air,No,No,28,Cash,Monthly,0,0,0,12,Boomer-Early (55-64),0.0,44.93,Loyalists,0,1,0,720,Stable Loyalists
2478,25,Male,Gloves,Accessories,40,California,L,Turquoise,Spring,3.8,No,2-Day Shipping,No,No,29,PayPal,Weekly,0,0,0,52,Millennial-Early (25-34),0.0,56.61,Loyalists,0,1,0,2080,Stable Loyalists
2479,18,Male,Socks,Clothing,93,Vermont,S,Maroon,Winter,4.8,No,2-Day Shipping,No,No,9,Bank Transfer,Every 3 Months,0,0,0,4,Gen Z (18-24),0.0,39.94,Potential,1,0,0,372,Growth Potential
2480,37,Male,Dress,Clothing,98,Kansas,S,Olive,Fall,4.2,No,Standard,No,No,26,Credit Card,Every 3 Months,0,0,0,4,Millennial-Late (35-44),0.0,56.0,Loyalists,1,0,1,392,Stable Loyalists
2481,61,Male,Socks,Clothing,91,Ohio,XL,Maroon,Summer,2.9,No,Next Day Air,No,No,7,Credit Card,Fortnightly,0,0,0,26,Boomer-Early (55-64),0.0,48.22,Loyalists,0,0,0,2366,Stable Loyalists
2482,41,Male,Belt,Accessories,92,New Jersey,XL,Cyan,Fall,2.9,No,Free Shipping,No,No,35,Debit Card,Weekly,0,0,0,52,Millennial-Late (35-44),0.0,84.26,Champions,0,1,0,4784,Organic Champions
2483,69,Male,Handbag,Accessories,87,Arizona,S,Peach,Winter,4.8,No,Next Day Air,No,No,46,Credit Card,Every 3 Months,0,0,0,4,Boomer+ (65+),0.0,67.52,Champions,1,0,1,348,Organic Champions
2484,32,Male,Skirt,Clothing,96,Arizona,S,Teal,Fall,2.9,No,Standard,No,No,8,Debit Card,Monthly,0,0,0,12,Millennial-Early (25-34),0.0,44.36,Potential,0,0,0,1152,Growth Potential
2485,60,Male,Hoodie,Clothing,97,New Hampshire,M,Green,Summer,4.8,No,2-Day Shipping,No,No,50,Cash,Every 3 Months,0,0,0,4,Boomer-Early (55-64),0.0,75.16,Champions,1,0,1,388,Organic Champions
2486,43,Male,Blouse,Clothing,55,Louisiana,M,Beige,Spring,4.6,No,2-Day Shipping,No,No,37,Bank Transfer,Annually,0,0,0,1,Millennial-Late (35-44),0.0,44.7,Loyalists,1,0,1,55,Stable Loyalists
2487,61,Male,Jeans,Clothing,58,Texas,L,Magenta,Spring,4.4,No,Store Pickup,No,No,6,Credit Card,Fortnightly,0,0,0,26,Boomer-Early (55-64),0.0,32.96,At-Risk,1,0,0,1508,At-Risk / Dormant
2488,57,Male,Boots,Footwear,21,Montana,L,Violet,Spring,3.0,No,Next Day Air,No,No,16,PayPal,Bi-Weekly,0,0,0,26,Boomer-Early (55-64),0.0,24.94,At-Risk,0,0,0,546,At-Risk / Dormant
2489,56,Male,Handbag,Accessories,82,New Hampshire,XL,Charcoal,Summer,4.4,No,Express,No,No,30,PayPal,Monthly,0,0,0,12,Boomer-Early (55-64),0.0,56.19,Loyalists,1,1,1,984,Stable Loyalists
2490,66,Male,Coat,Outerwear,34,South Dakota,M,Green,Winter,3.9,No,Express,No,No,50,Venmo,Quarterly,0,0,0,4,Boomer+ (65+),0.0,47.6,Loyalists,0,0,0,136,Stable Loyalists
2491,52,Male,Blouse,Clothing,78,Montana,M,Gray,Spring,4.0,No,Free Shipping,No,No,5,Cash,Every 3 Months,0,0,0,4,Gen X (45-54),0.0,30.11,At-Risk,1,0,0,312,At-Risk / Dormant
2492,63,Male,Handbag,Accessories,47,North Carolina,M,Magenta,Spring,2.5,No,Express,No,No,15,Bank Transfer,Monthly,0,0,0,12,Boomer-Early (55-64),0.0,28.63,At-Risk,0,0,0,564,At-Risk / Dormant
2493,50,Male,Sunglasses,Accessories,96,South Dakota,S,Silver,Summer,4.1,No,Next Day Air,No,No,34,Bank Transfer,Bi-Weekly,0,0,0,26,Gen X (45-54),0.0,72.44,Champions,1,1,1,2496,Organic Champions
2494,21,Male,Socks,Clothing,23,Maine,S,Beige,Fall,4.8,No,2-Day Shipping,No,No,6,Venmo,Every 3 Months,0,0,0,4,Gen Z (18-24),0.0,6.86,At-Risk,1,0,0,92,At-Risk / Dormant
2495,42,Male,Shoes,Footwear,27,Oklahoma,S,Peach,Winter,2.6,No,Store Pickup,No,No,26,Debit Card,Annually,0,0,0,1,Millennial-Late (35-44),0.0,23.47,At-Risk,0,0,0,27,At-Risk / Dormant
2496,40,Male,Backpack,Accessories,37,Nebraska,XL,Orange,Spring,3.1,No,Free Shipping,No,No,34,Credit Card,Every 3 Months,0,0,0,4,Millennial-Late (35-44),0.0,35.85,Potential,0,0,0,148,Growth Potential
2497,67,Male,Scarf,Accessories,79,Illinois,S,Yellow,Summer,3.2,No,Store Pickup,No,No,37,Credit Card,Weekly,0,0,0,52,Boomer+ (65+),0.0,80.2,Champions,0,1,0,4108,Organic Champions
2498,35,Male,Backpack,Accessories,40,Colorado,M,Violet,Summer,4.2,No,Standard,No,No,28,Bank Transfer,Annually,0,0,0,1,Millennial-Late (35-44),0.0,30.79,At-Risk,1,0,0,40,At-Risk / Dormant
2499,18,Male,Coat,Outerwear,39,Massachusetts,S,Green,Fall,2.6,No,Next Day Air,No,No,38,Cash,Fortnightly,0,0,0,26,Gen Z (18-24),0.0,50.77,Loyalists,0,1,0,1014,Stable Loyalists
2500,52,Male,Hoodie,Clothing,73,Louisiana,L,Pink,Summer,3.1,No,Next Day Air,No,No,2,Cash,Quarterly,0,0,0,4,Gen X (45-54),0.0,25.47,At-Risk,0,0,0,292,At-Risk / Dormant
2501,59,Male,Gloves,Accessories,84,Massachusetts,M,Violet,Fall,2.9,No,Store Pickup,No,No,32,Cash,Bi-Weekly,0,0,0,26,Boomer-Early (55-64),0.0,65.56,Champions,0,1,0,2184,Organic Champions
2502,49,Male,Shorts,Clothing,94,West Virginia,M,Violet,Fall,4.6,No,Free Shipping,No,No,30,Venmo,Bi-Weekly,0,0,0,26,Gen X (45-54),0.0,68.3,Champions,1,1,1,2444,Organic Champions
2503,46,Male,Skirt,Clothing,47,Idaho,L,Pink,Spring,4.1,No,Standard,No,No,17,PayPal,Every 3 Months,0,0,0,4,Gen X (45-54),0.0,26.34,At-Risk,1,0,0,188,At-Risk / Dormant
2504,69,Male,Boots,Footwear,77,Ohio,M,Violet,Summer,2.5,No,Store Pickup,No,No,5,Debit Card,Bi-Weekly,0,0,0,26,Boomer+ (65+),0.0,40.46,Potential,0,0,0,2002,Growth Potential
2505,56,Male,Shorts,Clothing,94,Rhode Island,M,Turquoise,Winter,4.0,No,Store Pickup,No,No,31,Cash,Bi-Weekly,0,0,0,26,Boomer-Early (55-64),0.0,69.12,Champions,1,1,1,2444,Organic Champions
2506,27,Male,Handbag,Accessories,75,Illinois,M,Cyan,Summer,3.5,No,Express,No,No,43,PayPal,Quarterly,0,0,0,4,Millennial-Early (25-34),0.0,59.82,Champions,0,0,0,300,Organic Champions
2507,57,Male,Dress,Clothing,82,New York,XL,Orange,Spring,4.4,No,Free Shipping,No,No,19,Venmo,Annually,0,0,0,1,Boomer-Early (55-64),0.0,41.82,Potential,1,0,0,82,Growth Potential
2508,58,Male,Shoes,Footwear,36,Louisiana,M,Cyan,Fall,2.9,No,Store Pickup,No,No,32,Credit Card,Every 3 Months,0,0,0,4,Boomer-Early (55-64),0.0,33.78,Potential,0,0,0,144,Growth Potential
2509,23,Male,Sneakers,Footwear,90,California,XL,Indigo,Spring,3.1,No,2-Day Shipping,No,No,5,Debit Card,Bi-Weekly,0,0,0,26,Gen Z (18-24),0.0,46.15,Loyalists,0,0,0,2340,Stable Loyalists
2510,19,Male,Socks,Clothing,48,Washington,M,Black,Spring,4.4,No,Free Shipping,No,No,9,Bank Transfer,Quarterly,0,0,0,4,Gen Z (18-24),0.0,20.25,At-Risk,1,0,0,192,At-Risk / Dormant
2511,40,Male,Jacket,Outerwear,42,South Dakota,L,Purple,Winter,4.4,No,Standard,No,No,48,Credit Card,Weekly,0,0,0,52,Millennial-Late (35-44),0.0,72.99,Champions,1,1,1,2184,Organic Champions
2512,54,Male,Backpack,Accessories,33,Idaho,M,Cyan,Summer,2.7,No,Store Pickup,No,No,1,PayPal,Quarterly,0,0,0,4,Gen X (45-54),0.0,7.16,At-Risk,0,0,0,132,At-Risk / Dormant
2513,50,Male,Socks,Clothing,63,North Dakota,M,Green,Summer,4.9,No,Free Shipping,No,No,20,Credit Card,Monthly,0,0,0,12,Gen X (45-54),0.0,39.71,Potential,1,0,0,756,Growth Potential
2514,69,Male,Handbag,Accessories,53,Washington,L,Teal,Winter,3.5,No,2-Day Shipping,No,No,42,Cash,Annually,0,0,0,1,Boomer+ (65+),0.0,47.91,Loyalists,0,0,0,53,Stable Loyalists
2515,42,Male,Hat,Accessories,37,Alaska,L,Teal,Spring,4.8,No,Free Shipping,No,No,45,PayPal,Bi-Weekly,0,0,0,26,Millennial-Late (35-44),0.0,55.61,Loyalists,1,1,1,962,Stable Loyalists
2516,37,Male,Blouse,Clothing,92,Kansas,M,Magenta,Summer,4.2,No,2-Day Shipping,No,No,41,Cash,Monthly,0,0,0,12,Millennial-Late (35-44),0.0,69.55,Champions,1,1,1,1104,Organic Champions
2517,46,Male,Shorts,Clothing,73,Utah,XL,Brown,Spring,4.6,No,Standard,No,No,36,Debit Card,Quarterly,0,0,0,4,Gen X (45-54),0.0,53.23,Loyalists,1,0,1,292,Stable Loyalists
2518,64,Male,Shirt,Clothing,38,Wyoming,L,Orange,Spring,2.9,No,Standard,No,No,10,Venmo,Annually,0,0,0,1,Boomer-Early (55-64),0.0,15.22,At-Risk,0,0,0,38,At-Risk / Dormant
2519,20,Male,Boots,Footwear,51,Maine,XL,Blue,Fall,4.0,No,Store Pickup,No,No,31,Venmo,Annually,0,0,0,1,Gen Z (18-24),0.0,38.05,Potential,1,0,0,51,Growth Potential
2520,40,Male,Jacket,Outerwear,90,Michigan,L,Magenta,Spring,4.9,No,Standard,No,No,21,Credit Card,Quarterly,0,0,0,4,Millennial-Late (35-44),0.0,48.42,Loyalists,1,0,1,360,Stable Loyalists
2521,64,Male,Jacket,Outerwear,56,Illinois,L,Magenta,Summer,3.1,No,Next Day Air,No,No,16,Cash,Every 3 Months,0,0,0,4,Boomer-Early (55-64),0.0,29.47,At-Risk,0,0,0,224,At-Risk / Dormant
2522,29,Male,Handbag,Accessories,33,Minnesota,M,Magenta,Fall,4.4,No,Standard,No,No,18,PayPal,Every 3 Months,0,0,0,4,Millennial-Early (25-34),0.0,21.04,At-Risk,1,0,0,132,At-Risk / Dormant
2523,20,Male,Belt,Accessories,53,Massachusetts,S,Olive,Winter,2.5,No,2-Day Shipping,No,No,20,Debit Card,Weekly,0,0,0,52,Gen Z (18-24),0.0,54.95,Loyalists,0,0,0,2756,Stable Loyalists
2524,43,Male,Handbag,Accessories,24,New Jersey,S,Cyan,Spring,3.4,No,Express,No,No,21,Bank Transfer,Annually,0,0,0,1,Millennial-Late (35-44),0.0,18.08,At-Risk,0,0,0,24,At-Risk / Dormant
2525,60,Male,Coat,Outerwear,59,Kansas,M,Purple,Spring,3.7,No,Express,No,No,23,Credit Card,Quarterly,0,0,0,4,Boomer-Early (55-64),0.0,36.49,Potential,0,0,0,236,Growth Potential
2526,39,Male,Sweater,Clothing,72,Kentucky,M,Purple,Winter,4.2,No,Standard,No,No,20,PayPal,Weekly,0,0,0,52,Millennial-Late (35-44),0.0,63.26,Champions,1,0,1,3744,Organic Champions
2527,47,Male,Shorts,Clothing,28,Rhode Island,S,Peach,Spring,3.4,No,Express,No,No,30,PayPal,Bi-Weekly,0,0,0,26,Gen X (45-54),0.0,39.43,Potential,0,1,0,728,Growth Potential
2528,19,Male,Pants,Clothing,36,Illinois,M,Gold,Fall,3.6,No,Express,No,No,33,Bank Transfer,Every 3 Months,0,0,0,4,Gen Z (18-24),0.0,34.59,Potential,0,0,0,144,Growth Potential
2529,52,Male,Jewelry,Accessories,47,Alabama,S,Peach,Fall,4.7,No,2-Day Shipping,No,No,31,Debit Card,Monthly,0,0,0,12,Gen X (45-54),0.0,41.69,Potential,1,1,0,564,Growth Potential
2530,34,Male,Gloves,Accessories,62,Tennessee,M,Magenta,Spring,4.7,No,Next Day Air,No,No,48,Bank Transfer,Monthly,0,0,0,12,Millennial-Early (25-34),0.0,62.13,Champions,1,1,1,744,Organic Champions
2531,25,Male,Skirt,Clothing,98,Massachusetts,S,Cyan,Spring,3.6,No,Free Shipping,No,No,28,Debit Card,Weekly,0,0,0,52,Millennial-Early (25-34),0.0,81.17,Champions,0,1,0,5096,Organic Champions
2532,43,Male,Sandals,Footwear,28,Texas,M,Violet,Summer,4.6,No,Free Shipping,No,No,7,Cash,Every 3 Months,0,0,0,4,Millennial-Late (35-44),0.0,9.87,At-Risk,1,0,0,112,At-Risk / Dormant
2533,55,Male,Socks,Clothing,86,Nebraska,S,Charcoal,Summer,2.6,No,Next Day Air,No,No,4,Debit Card,Weekly,0,0,0,52,Boomer-Early (55-64),0.0,56.32,Loyalists,0,0,0,4472,Stable Loyalists
2534,66,Male,Jewelry,Accessories,46,Pennsylvania,S,Blue,Summer,3.1,No,Standard,No,No,49,Cash,Bi-Weekly,0,0,0,26,Boomer+ (65+),0.0,62.81,Champions,0,1,0,1196,Organic Champions
2535,41,Male,Sunglasses,Accessories,42,Virginia,XL,Red,Fall,3.2,No,Free Shipping,No,No,22,Cash,Weekly,0,0,0,52,Millennial-Late (35-44),0.0,51.77,Loyalists,0,0,0,2184,Stable Loyalists
2536,47,Male,Coat,Outerwear,80,Vermont,S,Purple,Winter,3.9,No,Express,No,No,39,Bank Transfer,Fortnightly,0,0,0,26,Gen X (45-54),0.0,69.53,Champions,0,1,0,2080,Organic Champions
2537,51,Male,Belt,Accessories,39,Oklahoma,L,Gray,Spring,4.9,No,Express,No,No,45,PayPal,Every 3 Months,0,0,0,4,Gen X (45-54),0.0,45.7,Loyalists,1,0,1,156,Stable Loyalists
2538,44,Male,Coat,Outerwear,49,Maine,M,Purple,Summer,4.1,No,2-Day Shipping,No,No,30,PayPal,Fortnightly,0,0,0,26,Millennial-Late (35-44),0.0,48.62,Loyalists,1,1,1,1274,Stable Loyalists
2539,18,Male,Scarf,Accessories,32,New Jersey,M,Silver,Summer,4.2,No,Next Day Air,No,No,33,Credit Card,Bi-Weekly,0,0,0,26,Gen Z (18-24),0.0,43.63,Potential,1,1,0,832,Growth Potential
2540,33,Male,Sandals,Footwear,73,Massachusetts,M,Purple,Fall,4.1,No,Next Day Air,No,No,24,Cash,Bi-Weekly,0,0,0,26,Millennial-Early (25-34),0.0,54.22,Loyalists,1,0,1,1898,Stable Loyalists
2541,24,Male,Belt,Accessories,42,New Jersey,M,Charcoal,Summer,3.9,No,Free Shipping,No,No,11,Debit Card,Quarterly,0,0,0,4,Gen Z (18-24),0.0,19.26,At-Risk,0,0,0,168,At-Risk / Dormant
2542,33,Male,Scarf,Accessories,58,Washington,M,Silver,Spring,2.7,No,Next Day Air,No,No,13,Venmo,Every 3 Months,0,0,0,4,Millennial-Early (25-34),0.0,27.89,At-Risk,0,0,0,232,At-Risk / Dormant
2543,61,Male,Jewelry,Accessories,22,Arkansas,M,White,Winter,3.7,No,Express,No,No,27,PayPal,Annually,0,0,0,1,Boomer-Early (55-64),0.0,22.1,At-Risk,0,0,0,22,At-Risk / Dormant
2544,27,Male,Scarf,Accessories,56,West Virginia,L,Peach,Spring,2.7,No,Next Day Air,No,No,30,PayPal,Bi-Weekly,0,0,0,26,Millennial-Early (25-34),0.0,51.68,Loyalists,0,1,0,1456,Stable Loyalists
2545,46,Male,Pants,Clothing,70,Delaware,M,Red,Spring,2.5,No,Next Day Air,No,No,39,Venmo,Quarterly,0,0,0,4,Gen X (45-54),0.0,54.37,Loyalists,0,0,0,280,Stable Loyalists
2546,38,Male,Shoes,Footwear,50,Texas,L,Olive,Spring,3.9,No,Free Shipping,No,No,10,Debit Card,Annually,0,0,0,1,Millennial-Late (35-44),0.0,20.47,At-Risk,0,0,0,50,At-Risk / Dormant
2547,63,Male,Boots,Footwear,21,Texas,L,Gray,Summer,3.0,No,Express,No,No,4,Credit Card,Quarterly,0,0,0,4,Boomer-Early (55-64),0.0,4.36,At-Risk,0,0,0,84,At-Risk / Dormant
2548,47,Male,Jacket,Outerwear,97,Mississippi,M,Beige,Summer,3.2,No,2-Day Shipping,No,No,16,Cash,Weekly,0,0,0,52,Gen X (45-54),0.0,70.93,Champions,0,0,0,5044,Organic Champions
2549,42,Male,Backpack,Accessories,63,Texas,L,Pink,Winter,3.8,No,Standard,No,No,34,Credit Card,Monthly,0,0,0,12,Millennial-Late (35-44),0.0,51.14,Loyalists,0,1,0,756,Stable Loyalists
2550,41,Male,Jacket,Outerwear,60,Virginia,M,Red,Fall,2.7,No,Standard,No,No,11,Debit Card,Every 3 Months,0,0,0,4,Millennial-Late (35-44),0.0,27.13,At-Risk,0,0,0,240,At-Risk / Dormant
2551,53,Male,Boots,Footwear,52,New Hampshire,XL,Peach,Fall,3.0,No,Store Pickup,No,No,30,Debit Card,Fortnightly,0,0,0,26,Gen X (45-54),0.0,49.93,Loyalists,0,1,0,1352,Stable Loyalists
2552,29,Male,Shoes,Footwear,32,Minnesota,M,Maroon,Winter,4.1,No,Next Day Air,No,No,40,Debit Card,Annually,0,0,0,1,Millennial-Early (25-34),0.0,37.09,Potential,1,0,0,32,Growth Potential
2553,61,Male,Belt,Accessories,48,Maryland,XL,Purple,Spring,3.2,No,2-Day Shipping,No,No,13,Credit Card,Annually,0,0,0,1,Boomer-Early (55-64),0.0,22.05,At-Risk,0,0,0,48,At-Risk / Dormant
2554,69,Male,Jewelry,Accessories,25,Vermont,M,Maroon,Summer,4.5,No,Store Pickup,No,No,28,Venmo,Every 3 Months,0,0,0,4,Boomer+ (65+),0.0,25.7,At-Risk,1,0,0,100,At-Risk / Dormant
2555,51,Male,Jewelry,Accessories,68,Kansas,M,Gray,Summer,4.3,No,Store Pickup,No,No,49,Debit Card,Bi-Weekly,0,0,0,26,Gen X (45-54),0.0,72.44,Champions,1,1,1,1768,Organic Champions
2556,24,Male,Pants,Clothing,74,Idaho,M,Gray,Fall,3.5,No,Standard,No,No,23,Credit Card,Weekly,0,0,0,52,Gen Z (18-24),0.0,66.58,Champions,0,0,0,3848,Organic Champions
2557,24,Male,T-shirt,Clothing,88,Montana,XL,Magenta,Fall,3.1,No,Standard,No,No,4,Bank Transfer,Quarterly,0,0,0,4,Gen Z (18-24),0.0,33.67,Potential,0,0,0,352,Growth Potential
2558,70,Male,Shorts,Clothing,23,Oklahoma,L,Cyan,Spring,3.9,No,Standard,No,No,17,PayPal,Fortnightly,0,0,0,26,Boomer+ (65+),0.0,26.63,At-Risk,0,0,0,598,At-Risk / Dormant
2559,49,Male,Hoodie,Clothing,32,California,M,Silver,Fall,2.7,No,Express,No,No,24,PayPal,Fortnightly,0,0,0,26,Gen X (45-54),0.0,36.28,Potential,0,0,0,832,Growth Potential
2560,48,Male,Belt,Accessories,71,Mississippi,S,Green,Winter,4.0,No,Free Shipping,No,No,21,Debit Card,Every 3 Months,0,0,0,4,Gen X (45-54),0.0,40.11,Potential,1,0,0,284,Growth Potential
2561,58,Male,Boots,Footwear,62,California,M,Violet,Spring,2.7,No,Next Day Air,No,No,17,Debit Card,Bi-Weekly,0,0,0,26,Boomer-Early (55-64),0.0,43.69,Potential,0,0,0,1612,Growth Potential
2562,32,Male,Hoodie,Clothing,20,New York,L,Magenta,Spring,2.7,No,Free Shipping,No,No,22,Debit Card,Quarterly,0,0,0,4,Millennial-Early (25-34),0.0,18.61,At-Risk,0,0,0,80,At-Risk / Dormant
2563,57,Male,Shorts,Clothing,62,Arizona,XL,Yellow,Spring,4.7,No,Standard,No,No,27,Cash,Fortnightly,0,0,0,26,Boomer-Early (55-64),0.0,51.85,Loyalists,1,1,1,1612,Stable Loyalists
2564,69,Male,Backpack,Accessories,81,Massachusetts,XL,Gray,Winter,4.5,No,Standard,No,No,1,Venmo,Every 3 Months,0,0,0,4,Boomer+ (65+),0.0,28.16,At-Risk,1,0,0,324,At-Risk / Dormant
2565,42,Male,Scarf,Accessories,90,Kentucky,L,Indigo,Winter,3.0,No,2-Day Shipping,No,No,27,Bank Transfer,Weekly,0,0,0,52,Millennial-Late (35-44),0.0,76.85,Champions,0,1,0,4680,Organic Champions
2566,30,Male,Socks,Clothing,43,Vermont,S,Indigo,Fall,3.6,No,Store Pickup,No,No,8,Venmo,Quarterly,0,0,0,4,Millennial-Early (25-34),0.0,17.25,At-Risk,0,0,0,172,At-Risk / Dormant
2567,35,Male,Handbag,Accessories,38,Missouri,S,Yellow,Fall,3.3,No,Standard,No,No,43,PayPal,Quarterly,0,0,0,4,Millennial-Late (35-44),0.0,43.63,Potential,0,0,0,152,Growth Potential
2568,19,Male,Sunglasses,Accessories,25,Michigan,XL,Gold,Spring,4.3,No,Store Pickup,No,No,24,Cash,Fortnightly,0,0,0,26,Gen Z (18-24),0.0,33.22,Potential,1,0,0,650,Growth Potential
2569,52,Male,T-shirt,Clothing,98,Texas,XL,Green,Winter,4.3,No,Express,No,No,29,PayPal,Fortnightly,0,0,0,26,Gen X (45-54),0.0,69.24,Champions,1,1,1,2548,Organic Champions
2570,42,Male,Dress,Clothing,75,New York,M,Charcoal,Spring,4.8,No,Free Shipping,No,No,10,Bank Transfer,Bi-Weekly,0,0,0,26,Millennial-Late (35-44),0.0,43.66,Potential,1,0,0,1950,Growth Potential
2571,36,Male,Sneakers,Footwear,27,New Mexico,XL,Olive,Spring,4.0,No,Store Pickup,No,No,12,PayPal,Fortnightly,0,0,0,26,Millennial-Late (35-44),0.0,24.3,At-Risk,1,0,0,702,At-Risk / Dormant
2572,45,Male,Sunglasses,Accessories,27,Mississippi,L,Black,Winter,3.5,No,Standard,No,No,48,Cash,Fortnightly,0,0,0,26,Gen X (45-54),0.0,53.68,Loyalists,0,1,0,702,Stable Loyalists
2573,54,Male,Blouse,Clothing,42,Washington,M,Silver,Fall,3.9,No,Next Day Air,No,No,40,Bank Transfer,Quarterly,0,0,0,4,Gen X (45-54),0.0,42.93,Potential,0,0,0,168,Growth Potential
2574,54,Male,T-shirt,Clothing,90,New Mexico,M,Red,Summer,4.4,No,Store Pickup,No,No,1,Bank Transfer,Annually,0,0,0,1,Gen X (45-54),0.0,30.62,At-Risk,1,0,0,90,At-Risk / Dormant
2575,27,Male,Hat,Accessories,63,Florida,M,Brown,Summer,4.6,No,2-Day Shipping,No,No,26,Credit Card,Fortnightly,0,0,0,26,Millennial-Early (25-34),0.0,51.48,Loyalists,1,1,1,1638,Stable Loyalists
2576,53,Male,Shorts,Clothing,96,Minnesota,M,Silver,Fall,4.0,No,Express,No,No,9,PayPal,Annually,0,0,0,1,Gen X (45-54),0.0,39.78,Potential,1,0,0,96,Growth Potential
2577,20,Male,Hoodie,Clothing,40,New Hampshire,M,Silver,Winter,4.2,No,Free Shipping,No,No,19,Debit Card,Quarterly,0,0,0,4,Gen Z (18-24),0.0,24.91,At-Risk,1,0,0,160,At-Risk / Dormant
2578,52,Male,Socks,Clothing,39,Minnesota,L,Black,Fall,4.5,No,Next Day Air,No,No,37,Bank Transfer,Monthly,0,0,0,12,Gen X (45-54),0.0,43.09,Potential,1,1,0,468,Growth Potential
2579,54,Male,Sunglasses,Accessories,48,Vermont,M,Purple,Fall,3.9,No,Free Shipping,No,No,3,Cash,Quarterly,0,0,0,4,Gen X (45-54),0.0,15.35,At-Risk,0,0,0,192,At-Risk / Dormant
2580,65,Male,Blouse,Clothing,20,Minnesota,M,Purple,Summer,3.7,No,Express,No,No,40,Venmo,Weekly,0,0,0,52,Boomer+ (65+),0.0,56.84,Loyalists,0,1,0,1040,Stable Loyalists
2581,43,Male,Jeans,Clothing,29,Massachusetts,S,Turquoise,Summer,3.6,No,Store Pickup,No,No,13,Bank Transfer,Quarterly,0,0,0,4,Millennial-Late (35-44),0.0,15.2,At-Risk,0,0,0,116,At-Risk / Dormant
2582,57,Male,Dress,Clothing,81,Wyoming,M,Gold,Winter,4.7,No,Express,No,No,48,Credit Card,Monthly,0,0,0,12,Boomer-Early (55-64),0.0,70.45,Champions,1,1,1,972,Organic Champions
2583,19,Male,Dress,Clothing,98,South Dakota,S,Indigo,Fall,3.6,No,2-Day Shipping,No,No,4,Venmo,Every 3 Months,0,0,0,4,Gen Z (18-24),0.0,38.04,Potential,0,0,0,392,Growth Potential
2584,69,Male,Jeans,Clothing,93,Oklahoma,M,Lavender,Fall,2.5,No,Next Day Air,No,No,9,Cash,Weekly,0,0,0,52,Boomer+ (65+),0.0,63.47,Champions,0,0,0,4836,Organic Champions
2585,26,Male,Socks,Clothing,30,Florida,L,Blue,Summer,2.9,No,Store Pickup,No,No,26,Bank Transfer,Bi-Weekly,0,0,0,26,Millennial-Early (25-34),0.0,37.04,Potential,0,1,0,780,Growth Potential
2586,57,Male,Sunglasses,Accessories,37,Wisconsin,L,Maroon,Fall,4.4,No,Free Shipping,No,No,19,Debit Card,Weekly,0,0,0,52,Boomer-Early (55-64),0.0,47.13,Loyalists,1,0,1,1924,Stable Loyalists
2587,20,Male,Coat,Outerwear,28,Maine,L,Yellow,Winter,4.6,No,Express,No,No,1,Credit Card,Every 3 Months,0,0,0,4,Gen Z (18-24),0.0,4.97,At-Risk,1,0,0,112,At-Risk / Dormant
2588,55,Male,Scarf,Accessories,29,Connecticut,M,Purple,Winter,3.7,No,Express,No,No,29,PayPal,Every 3 Months,0,0,0,4,Boomer-Early (55-64),0.0,28.27,At-Risk,0,0,0,116,At-Risk / Dormant
2589,44,Male,Backpack,Accessories,49,Delaware,M,Peach,Summer,3.2,No,Free Shipping,No,No,38,Venmo,Bi-Weekly,0,0,0,26,Millennial-Late (35-44),0.0,55.15,Loyalists,0,1,0,1274,Stable Loyalists
2590,52,Male,Pants,Clothing,53,North Dakota,M,Silver,Winter,4.9,No,2-Day Shipping,No,No,31,PayPal,Annually,0,0,0,1,Gen X (45-54),0.0,38.93,Potential,1,0,0,53,Growth Potential
2591,57,Male,Gloves,Accessories,66,California,M,Turquoise,Summer,5.0,No,Free Shipping,No,No,35,Venmo,Annually,0,0,0,1,Boomer-Early (55-64),0.0,47.88,Loyalists,1,0,1,66,Stable Loyalists
2592,40,Male,Jacket,Outerwear,61,New Mexico,S,Olive,Spring,3.3,No,Express,No,No,40,Cash,Quarterly,0,0,0,4,Millennial-Late (35-44),0.0,51.24,Loyalists,0,0,0,244,Stable Loyalists
2593,23,Male,Shorts,Clothing,23,Iowa,XL,Peach,Summer,4.4,No,Store Pickup,No,No,13,Venmo,Quarterly,0,0,0,4,Gen Z (18-24),0.0,12.58,At-Risk,1,0,0,92,At-Risk / Dormant
2594,36,Male,Pants,Clothing,36,Colorado,S,Indigo,Fall,4.7,No,Store Pickup,No,No,9,Bank Transfer,Every 3 Months,0,0,0,4,Millennial-Late (35-44),0.0,15.0,At-Risk,1,0,0,144,At-Risk / Dormant
2595,59,Male,Skirt,Clothing,81,Montana,L,Indigo,Fall,3.6,No,Free Shipping,No,No,25,Cash,Every 3 Months,0,0,0,4,Boomer-Early (55-64),0.0,47.75,Loyalists,0,0,0,324,Stable Loyalists
2596,29,Male,Blouse,Clothing,56,Iowa,XL,Maroon,Summer,3.2,No,Free Shipping,No,No,3,Bank Transfer,Bi-Weekly,0,0,0,26,Millennial-Early (25-34),0.0,29.64,At-Risk,0,0,0,1456,At-Risk / Dormant
2597,63,Male,Shirt,Clothing,78,Louisiana,L,Black,Spring,3.0,No,Next Day Air,No,No,35,Credit Card,Monthly,0,0,0,12,Boomer-Early (55-64),0.0,58.52,Champions,0,1,0,936,Organic Champions
2598,60,Male,Jewelry,Accessories,25,Alabama,XL,Teal,Summer,4.4,No,Store Pickup,No,No,13,Venmo,Bi-Weekly,0,0,0,26,Boomer-Early (55-64),0.0,24.24,At-Risk,1,0,0,650,At-Risk / Dormant
2599,64,Male,Backpack,Accessories,86,Nevada,XL,Olive,Fall,3.3,No,Express,No,No,31,Debit Card,Annually,0,0,0,1,Boomer-Early (55-64),0.0,53.36,Loyalists,0,0,0,86,Stable Loyalists
2600,63,Male,Jewelry,Accessories,99,Vermont,M,Gold,Winter,3.4,No,Express,No,No,48,Credit Card,Monthly,0,0,0,12,Boomer-Early (55-64),0.0,78.32,Champions,0,1,0,1188,Organic Champions
2601,21,Male,Belt,Accessories,83,New York,M,Gray,Fall,3.9,No,Express,No,No,6,Bank Transfer,Bi-Weekly,0,0,0,26,Gen Z (18-24),0.0,43.9,Potential,0,0,0,2158,Growth Potential
2602,61,Male,Dress,Clothing,33,Mississippi,L,Orange,Winter,2.9,No,Store Pickup,No,No,43,Cash,Monthly,0,0,0,12,Boomer-Early (55-64),0.0,45.37,Loyalists,0,1,0,396,Stable Loyalists
2603,65,Male,Coat,Outerwear,44,South Carolina,M,Black,Fall,2.9,No,Free Shipping,No,No,1,Venmo,Quarterly,0,0,0,4,Boomer+ (65+),0.0,11.97,At-Risk,0,0,0,176,At-Risk / Dormant
2604,69,Male,Dress,Clothing,58,Washington,M,Teal,Spring,2.7,No,2-Day Shipping,No,No,8,Cash,Annually,0,0,0,1,Boomer+ (65+),0.0,22.34,At-Risk,0,0,0,58,At-Risk / Dormant
2605,47,Male,Sweater,Clothing,54,Colorado,M,Beige,Spring,3.4,No,Store Pickup,No,No,6,Debit Card,Weekly,0,0,0,52,Gen X (45-54),0.0,43.96,Potential,0,0,0,2808,Growth Potential
2606,41,Male,Hoodie,Clothing,93,Nevada,M,White,Spring,3.7,No,2-Day Shipping,No,No,32,Venmo,Fortnightly,0,0,0,26,Millennial-Late (35-44),0.0,69.5,Champions,0,1,0,2418,Organic Champions
2607,68,Male,Shoes,Footwear,98,Nevada,L,Turquoise,Spring,4.7,No,Standard,No,No,46,Bank Transfer,Bi-Weekly,0,0,0,26,Boomer+ (65+),0.0,83.11,Champions,1,1,1,2548,Organic Champions
2608,41,Male,Shoes,Footwear,36,Oklahoma,XL,Teal,Spring,3.1,No,Express,No,No,38,PayPal,Every 3 Months,0,0,0,4,Millennial-Late (35-44),0.0,38.67,Potential,0,0,0,144,Growth Potential
2609,42,Male,Jacket,Outerwear,68,Mississippi,L,Orange,Fall,4.2,No,2-Day Shipping,No,No,48,Credit Card,Fortnightly,0,0,0,26,Millennial-Late (35-44),0.0,71.62,Champions,1,1,1,1768,Organic Champions
2610,66,Male,Backpack,Accessories,95,Arkansas,M,Black,Summer,3.0,No,Store Pickup,No,No,18,Debit Card,Bi-Weekly,0,0,0,26,Boomer+ (65+),0.0,58.94,Champions,0,0,0,2470,Organic Champions
2611,66,Male,Jeans,Clothing,93,West Virginia,M,Violet,Spring,3.1,No,Express,No,No,25,Cash,Quarterly,0,0,0,4,Boomer+ (65+),0.0,53.0,Loyalists,0,0,0,372,Stable Loyalists
2612,33,Male,Jacket,Outerwear,99,Michigan,L,Maroon,Fall,4.2,No,2-Day Shipping,No,No,4,Cash,Fortnightly,0,0,0,26,Millennial-Early (25-34),0.0,49.27,Loyalists,1,0,1,2574,Stable Loyalists
2613,55,Male,Sunglasses,Accessories,22,Louisiana,M,Turquoise,Winter,3.8,No,Next Day Air,No,No,27,Venmo,Quarterly,0,0,0,4,Boomer-Early (55-64),0.0,23.57,At-Risk,0,0,0,88,At-Risk / Dormant
2614,58,Male,Gloves,Accessories,88,South Dakota,M,Gold,Fall,2.9,No,Express,No,No,14,Bank Transfer,Monthly,0,0,0,12,Boomer-Early (55-64),0.0,45.75,Loyalists,0,0,0,1056,Stable Loyalists
2615,18,Male,Jacket,Outerwear,65,North Dakota,M,Turquoise,Spring,4.2,No,Express,No,No,36,Bank Transfer,Fortnightly,0,0,0,26,Gen Z (18-24),0.0,60.51,Champions,1,1,1,1690,Organic Champions
2616,49,Male,T-shirt,Clothing,62,Arizona,M,Maroon,Fall,3.1,No,2-Day Shipping,No,No,6,Debit Card,Quarterly,0,0,0,4,Gen X (45-54),0.0,23.93,At-Risk,0,0,0,248,At-Risk / Dormant
2617,61,Male,Sandals,Footwear,55,Georgia,XL,Purple,Spring,3.6,No,Express,No,No,46,Cash,Annually,0,0,0,1,Boomer-Early (55-64),0.0,52.05,Loyalists,0,0,0,55,Stable Loyalists
2618,31,Male,Shorts,Clothing,97,Idaho,S,Maroon,Spring,4.8,No,Standard,No,No,29,Bank Transfer,Annually,0,0,0,1,Millennial-Early (25-34),0.0,56.54,Loyalists,1,0,1,97,Stable Loyalists
2619,70,Male,Handbag,Accessories,77,Louisiana,L,Brown,Fall,4.1,No,Express,No,No,12,Venmo,Monthly,0,0,0,12,Boomer+ (65+),0.0,39.31,Potential,1,0,0,924,Growth Potential
2620,68,Male,Pants,Clothing,40,Connecticut,L,Indigo,Winter,3.9,No,Free Shipping,No,No,47,Credit Card,Weekly,0,0,0,52,Boomer+ (65+),0.0,71.3,Champions,0,1,0,2080,Organic Champions
2621,27,Male,Blouse,Clothing,23,Ohio,S,Lavender,Winter,3.0,No,Standard,No,No,28,Debit Card,Annually,0,0,0,1,Millennial-Early (25-34),0.0,23.35,At-Risk,0,0,0,23,At-Risk / Dormant
2622,48,Male,Shoes,Footwear,46,Maine,M,Beige,Winter,3.0,No,Express,No,No,21,Bank Transfer,Annually,0,0,0,1,Gen X (45-54),0.0,27.7,At-Risk,0,0,0,46,At-Risk / Dormant
2623,63,Male,Backpack,Accessories,75,New Hampshire,M,Yellow,Spring,4.9,No,2-Day Shipping,No,No,15,Credit Card,Annually,0,0,0,1,Boomer-Early (55-64),0.0,35.49,Potential,1,0,0,75,Growth Potential
2624,49,Male,Shoes,Footwear,76,Massachusetts,M,Gold,Fall,4.8,No,Next Day Air,No,No,38,Cash,Annually,0,0,0,1,Gen X (45-54),0.0,54.7,Loyalists,1,0,1,76,Stable Loyalists
2625,19,Male,Dress,Clothing,59,South Dakota,M,Indigo,Summer,3.3,No,Standard,No,No,19,Credit Card,Annually,0,0,0,1,Gen Z (18-24),0.0,31.76,At-Risk,0,0,0,59,At-Risk / Dormant
2626,30,Male,Skirt,Clothing,51,Colorado,L,Cyan,Summer,2.7,No,Standard,No,No,31,Credit Card,Weekly,0,0,0,52,Millennial-Early (25-34),0.0,63.05,Champions,0,1,0,2652,Organic Champions
2627,50,Male,Jacket,Outerwear,46,Rhode Island,XL,Silver,Fall,4.2,No,Express,No,No,30,Credit Card,Every 3 Months,0,0,0,4,Gen X (45-54),0.0,36.52,Potential,1,0,0,184,Growth Potential
2628,66,Male,Shirt,Clothing,26,Missouri,L,Silver,Fall,3.6,No,Next Day Air,No,No,40,Bank Transfer,Quarterly,0,0,0,4,Boomer+ (65+),0.0,35.93,Potential,0,0,0,104,Growth Potential
2629,25,Male,Hoodie,Clothing,51,Wyoming,M,Silver,Summer,3.8,No,Next Day Air,No,No,42,Credit Card,Bi-Weekly,0,0,0,26,Millennial-Early (25-34),0.0,59.29,Champions,0,1,0,1326,Organic Champions
2630,61,Male,Scarf,Accessories,44,New Hampshire,M,Peach,Winter,3.8,No,Free Shipping,No,No,25,Venmo,Annually,0,0,0,1,Boomer-Early (55-64),0.0,30.09,At-Risk,0,0,0,44,At-Risk / Dormant
2631,29,Male,Skirt,Clothing,82,Maine,S,Pink,Spring,4.2,No,Free Shipping,No,No,20,Cash,Quarterly,0,0,0,4,Millennial-Early (25-34),0.0,44.11,Potential,1,0,0,328,Growth Potential
2632,53,Male,Skirt,Clothing,44,Connecticut,S,Violet,Summer,2.7,No,Express,No,No,3,Cash,Weekly,0,0,0,52,Gen X (45-54),0.0,37.13,Potential,0,0,0,2288,Growth Potential
2633,24,Male,Scarf,Accessories,27,Alaska,M,Black,Fall,5.0,No,Next Day Air,No,No,14,Cash,Annually,0,0,0,1,Gen Z (18-24),0.0,13.67,At-Risk,1,0,0,27,At-Risk / Dormant
2634,51,Male,Sunglasses,Accessories,90,Alaska,M,Purple,Fall,4.7,No,Next Day Air,No,No,32,Credit Card,Fortnightly,0,0,0,26,Gen X (45-54),0.0,68.19,Champions,1,1,1,2340,Organic Champions
2635,26,Male,Sandals,Footwear,58,North Carolina,S,Black,Summer,3.2,No,Store Pickup,No,No,20,PayPal,Every 3 Months,0,0,0,4,Millennial-Early (25-34),0.0,33.61,Potential,0,0,0,232,Growth Potential
2636,59,Male,Hoodie,Clothing,80,Colorado,XL,Peach,Spring,2.9,No,2-Day Shipping,No,No,34,PayPal,Fortnightly,0,0,0,26,Boomer-Early (55-64),0.0,65.44,Champions,0,1,0,2080,Organic Champions
2637,41,Male,Jacket,Outerwear,40,Utah,S,Magenta,Winter,4.2,No,Store Pickup,No,No,6,Venmo,Annually,0,0,0,1,Millennial-Late (35-44),0.0,12.83,At-Risk,1,0,0,40,At-Risk / Dormant
2638,20,Male,Pants,Clothing,23,Alabama,M,Magenta,Spring,3.7,No,Store Pickup,No,No,2,PayPal,Annually,0,0,0,1,Gen Z (18-24),0.0,2.13,At-Risk,0,0,0,23,At-Risk / Dormant
2639,22,Male,Shirt,Clothing,34,Hawaii,S,Black,Spring,4.2,No,Store Pickup,No,No,35,Credit Card,Annually,0,0,0,1,Gen Z (18-24),0.0,33.88,Potential,1,0,0,34,Growth Potential
2640,18,Male,Blouse,Clothing,35,New Hampshire,XL,Pink,Winter,2.6,No,Free Shipping,No,No,33,Debit Card,Quarterly,0,0,0,4,Gen Z (18-24),0.0,34.16,Potential,0,0,0,140,Growth Potential
2641,30,Male,Skirt,Clothing,75,Indiana,L,Olive,Summer,4.0,No,Store Pickup,No,No,45,Venmo,Bi-Weekly,0,0,0,26,Millennial-Early (25-34),0.0,72.24,Champions,1,1,1,1950,Organic Champions
2642,25,Male,Sunglasses,Accessories,60,Vermont,XL,Olive,Winter,2.7,No,Next Day Air,No,No,20,Bank Transfer,Every 3 Months,0,0,0,4,Millennial-Early (25-34),0.0,34.48,Potential,0,0,0,240,Growth Potential
2643,39,Male,Belt,Accessories,87,Iowa,L,Peach,Summer,4.0,No,Store Pickup,No,No,48,Bank Transfer,Annually,0,0,0,1,Millennial-Late (35-44),0.0,67.68,Champions,1,0,1,87,Organic Champions
2644,49,Male,Gloves,Accessories,41,Maryland,S,Silver,Spring,2.9,No,Next Day Air,No,No,37,Cash,Monthly,0,0,0,12,Gen X (45-54),0.0,43.97,Potential,0,1,0,492,Growth Potential
2645,25,Male,Pants,Clothing,83,New Mexico,M,Turquoise,Spring,3.3,No,Standard,No,No,4,Bank Transfer,Every 3 Months,0,0,0,4,Millennial-Early (25-34),0.0,31.48,At-Risk,0,0,0,332,At-Risk / Dormant
2646,23,Male,Scarf,Accessories,81,Louisiana,L,Olive,Spring,4.0,No,Store Pickup,No,No,24,Bank Transfer,Bi-Weekly,0,0,0,26,Gen Z (18-24),0.0,57.72,Loyalists,1,0,1,2106,Stable Loyalists
2647,33,Male,T-shirt,Clothing,56,New Mexico,S,Lavender,Summer,3.9,No,Next Day Air,No,No,4,Debit Card,Every 3 Months,0,0,0,4,Millennial-Early (25-34),0.0,19.67,At-Risk,0,0,0,224,At-Risk / Dormant
2648,60,Male,Shoes,Footwear,58,South Carolina,M,Red,Summer,3.3,No,2-Day Shipping,No,No,25,Debit Card,Annually,0,0,0,1,Boomer-Early (55-64),0.0,36.22,Potential,0,0,0,58,Growth Potential
2649,51,Male,Pants,Clothing,84,Illinois,M,Gray,Spring,3.9,No,Next Day Air,No,No,14,PayPal,Bi-Weekly,0,0,0,26,Gen X (45-54),0.0,50.87,Loyalists,0,0,0,2184,Stable Loyalists
2650,23,Male,Gloves,Accessories,21,Minnesota,M,Magenta,Fall,3.9,No,Store Pickup,No,No,14,Bank Transfer,Fortnightly,0,0,0,26,Gen Z (18-24),0.0,23.3,At-Risk,0,0,0,546,At-Risk / Dormant
2651,20,Male,Socks,Clothing,35,Oregon,L,Maroon,Summer,4.2,No,Standard,No,No,46,Credit Card,Every 3 Months,0,0,0,4,Gen Z (18-24),0.0,44.77,Loyalists,1,0,1,140,Stable Loyalists
2652,51,Male,Sneakers,Footwear,43,Tennessee,M,Cyan,Summer,4.6,No,Store Pickup,No,No,27,PayPal,Quarterly,0,0,0,4,Gen X (45-54),0.0,32.76,At-Risk,1,0,0,172,At-Risk / Dormant
2653,23,Female,Shorts,Clothing,20,Maryland,L,Cyan,Summer,3.3,No,2-Day Shipping,No,No,46,Credit Card,Monthly,0,0,0,12,Gen Z (18-24),0.0,42.13,Potential,0,1,0,240,Growth Potential
2654,67,Female,Blouse,Clothing,36,Wisconsin,L,Lavender,Fall,4.8,No,Express,No,No,24,Venmo,Every 3 Months,0,0,0,4,Boomer+ (65+),0.0,27.25,At-Risk,1,0,0,144,At-Risk / Dormant
2655,23,Female,Coat,Outerwear,70,Idaho,S,Pink,Fall,4.1,No,Next Day Air,No,No,4,PayPal,Annually,0,0,0,1,Gen Z (18-24),0.0,24.32,At-Risk,1,0,0,70,At-Risk / Dormant
2656,26,Female,Sunglasses,Accessories,83,Wyoming,M,Gray,Summer,3.4,No,Standard,No,No,2,Credit Card,Fortnightly,0,0,0,26,Millennial-Early (25-34),0.0,40.63,Potential,0,0,0,2158,Growth Potential
2657,52,Female,Shorts,Clothing,76,Indiana,L,Yellow,Winter,3.6,No,Express,No,No,29,Bank Transfer,Fortnightly,0,0,0,26,Gen X (45-54),0.0,59.61,Champions,0,1,0,1976,Organic Champions
2658,52,Female,Dress,Clothing,81,Texas,M,Pink,Summer,2.7,No,Express,No,No,7,Credit Card,Fortnightly,0,0,0,26,Gen X (45-54),0.0,43.84,Potential,0,0,0,2106,Growth Potential
2659,52,Female,Handbag,Accessories,47,Ohio,XL,Indigo,Summer,3.2,No,Next Day Air,No,No,39,PayPal,Monthly,0,0,0,12,Gen X (45-54),0.0,48.23,Loyalists,0,1,0,564,Stable Loyalists
2660,35,Female,Boots,Footwear,35,Kansas,L,Gray,Summer,4.4,No,2-Day Shipping,No,No,46,Credit Card,Fortnightly,0,0,0,26,Millennial-Late (35-44),0.0,55.55,Loyalists,1,1,1,910,Stable Loyalists
2661,24,Female,Pants,Clothing,85,South Carolina,L,Yellow,Spring,4.9,No,Express,No,No,44,Venmo,Annually,0,0,0,1,Gen Z (18-24),0.0,63.54,Champions,1,0,1,85,Organic Champions
2662,43,Female,Boots,Footwear,96,Michigan,XL,Olive,Fall,4.8,No,Express,No,No,20,Bank Transfer,Annually,0,0,0,1,Millennial-Late (35-44),0.0,48.76,Loyalists,1,0,1,96,Stable Loyalists
2663,25,Female,Skirt,Clothing,98,Nebraska,M,Cyan,Summer,2.8,No,2-Day Shipping,No,No,44,PayPal,Fortnightly,0,0,0,26,Millennial-Early (25-34),0.0,81.48,Champions,0,1,0,2548,Organic Champions
2664,46,Female,Sneakers,Footwear,52,Wisconsin,L,Silver,Fall,2.9,No,Free Shipping,No,No,23,Bank Transfer,Annually,0,0,0,1,Gen X (45-54),0.0,31.96,At-Risk,0,0,0,52,At-Risk / Dormant
2665,22,Female,Jewelry,Accessories,84,Illinois,L,Silver,Winter,3.2,No,Store Pickup,No,No,37,PayPal,Weekly,0,0,0,52,Gen Z (18-24),0.0,82.39,Champions,0,1,0,4368,Organic Champions
2666,70,Female,T-shirt,Clothing,71,Louisiana,L,Red,Winter,3.5,No,Store Pickup,No,No,4,Venmo,Weekly,0,0,0,52,Boomer+ (65+),0.0,49.76,Loyalists,0,0,0,3692,Stable Loyalists
2667,49,Female,Sandals,Footwear,95,Ohio,S,Brown,Winter,4.1,No,Store Pickup,No,No,14,Venmo,Fortnightly,0,0,0,26,Gen X (45-54),0.0,55.68,Loyalists,1,0,1,2470,Stable Loyalists
2668,48,Female,Boots,Footwear,47,Maryland,M,Orange,Summer,4.1,No,Free Shipping,No,No,31,Cash,Fortnightly,0,0,0,26,Gen X (45-54),0.0,48.56,Loyalists,1,1,1,1222,Stable Loyalists
2669,59,Female,Coat,Outerwear,75,Texas,M,Black,Summer,4.8,No,Next Day Air,No,No,9,PayPal,Quarterly,0,0,0,4,Boomer-Early (55-64),0.0,32.06,At-Risk,1,0,0,300,At-Risk / Dormant
2670,39,Female,Belt,Accessories,28,Illinois,L,Teal,Spring,2.8,No,Free Shipping,No,No,31,Credit Card,Weekly,0,0,0,52,Millennial-Late (35-44),0.0,52.99,Loyalists,0,1,0,1456,Stable Loyalists
2671,30,Female,Sunglasses,Accessories,44,Pennsylvania,M,Yellow,Fall,4.7,No,Express,No,No,26,Bank Transfer,Bi-Weekly,0,0,0,26,Millennial-Early (25-34),0.0,43.16,Potential,1,1,0,1144,Growth Potential
2672,37,Female,Sandals,Footwear,64,Alabama,XL,Gray,Winter,4.8,No,2-Day Shipping,No,No,41,PayPal,Every 3 Months,0,0,0,4,Millennial-Late (35-44),0.0,53.37,Loyalists,1,0,1,256,Stable Loyalists
2673,56,Female,Boots,Footwear,28,West Virginia,M,Maroon,Spring,2.9,No,Standard,No,No,13,Cash,Annually,0,0,0,1,Boomer-Early (55-64),0.0,13.3,At-Risk,0,0,0,28,At-Risk / Dormant
2674,67,Female,Hoodie,Clothing,21,Nevada,M,Olive,Summer,2.6,No,2-Day Shipping,No,No,4,Cash,Monthly,0,0,0,12,Boomer+ (65+),0.0,8.28,At-Risk,0,0,0,252,At-Risk / Dormant
2675,40,Female,Hat,Accessories,41,Florida,S,Charcoal,Fall,3.3,No,Express,No,No,15,Cash,Every 3 Months,0,0,0,4,Millennial-Late (35-44),0.0,22.09,At-Risk,0,0,0,164,At-Risk / Dormant
2676,24,Female,Shorts,Clothing,38,Virginia,M,Peach,Winter,3.4,No,Free Shipping,No,No,38,Cash,Bi-Weekly,0,0,0,26,Gen Z (18-24),0.0,50.33,Loyalists,0,1,0,988,Stable Loyalists
2677,43,Female,Backpack,Accessories,77,Kentucky,M,Maroon,Spring,3.6,No,Free Shipping,No,No,3,Cash,Fortnightly,0,0,0,26,Millennial-Late (35-44),0.0,38.83,Potential,0,0,0,2002,Growth Potential
2678,45,Female,Shorts,Clothing,43,Connecticut,L,Olive,Spring,3.8,No,Next Day Air,No,No,6,PayPal,Every 3 Months,0,0,0,4,Gen X (45-54),0.0,15.61,At-Risk,0,0,0,172,At-Risk / Dormant
2679,33,Female,Belt,Accessories,91,Montana,M,Magenta,Spring,3.4,No,2-Day Shipping,No,No,34,Credit Card,Bi-Weekly,0,0,0,26,Millennial-Early (25-34),0.0,70.26,Champions,0,1,0,2366,Organic Champions
2680,53,Female,Shorts,Clothing,68,Montana,S,Yellow,Spring,3.8,No,Express,No,No,7,Debit Card,Quarterly,0,0,0,4,Gen X (45-54),0.0,27.37,At-Risk,0,0,0,272,At-Risk / Dormant
2681,44,Female,Socks,Clothing,37,Nebraska,L,Indigo,Fall,3.3,No,Next Day Air,No,No,21,Venmo,Annually,0,0,0,1,Millennial-Late (35-44),0.0,23.76,At-Risk,0,0,0,37,At-Risk / Dormant
2682,23,Female,Shoes,Footwear,23,Massachusetts,L,Olive,Summer,4.8,No,Standard,No,No,17,Debit Card,Monthly,0,0,0,12,Gen Z (18-24),0.0,19.77,At-Risk,1,0,0,276,At-Risk / Dormant
2683,59,Female,Sneakers,Footwear,65,North Carolina,L,Maroon,Winter,3.9,No,2-Day Shipping,No,No,5,Venmo,Every 3 Months,0,0,0,4,Boomer-Early (55-64),0.0,24.42,At-Risk,0,0,0,260,At-Risk / Dormant
2684,68,Female,Backpack,Accessories,30,Montana,M,Indigo,Summer,4.2,No,Next Day Air,No,No,21,Cash,Fortnightly,0,0,0,26,Boomer+ (65+),0.0,32.96,At-Risk,1,0,0,780,At-Risk / Dormant
2685,46,Female,Dress,Clothing,45,Washington,M,Gray,Summer,4.7,No,Free Shipping,No,No,42,Credit Card,Bi-Weekly,0,0,0,26,Gen X (45-54),0.0,56.66,Loyalists,1,1,1,1170,Stable Loyalists
2686,56,Female,Boots,Footwear,25,Virginia,M,Gray,Winter,2.7,No,Express,No,No,49,Credit Card,Quarterly,0,0,0,4,Boomer-Early (55-64),0.0,42.84,Potential,0,0,0,100,Growth Potential
2687,40,Female,Socks,Clothing,72,Georgia,M,Black,Winter,3.8,No,2-Day Shipping,No,No,33,Cash,Fortnightly,0,0,0,26,Millennial-Late (35-44),0.0,61.13,Champions,0,1,0,1872,Organic Champions
2688,61,Female,Dress,Clothing,75,Delaware,M,White,Fall,3.6,No,2-Day Shipping,No,No,12,Debit Card,Bi-Weekly,0,0,0,26,Boomer-Early (55-64),0.0,45.3,Loyalists,0,0,0,1950,Stable Loyalists
2689,53,Female,Handbag,Accessories,63,West Virginia,XL,Turquoise,Spring,2.9,No,2-Day Shipping,No,No,18,Credit Card,Every 3 Months,0,0,0,4,Gen X (45-54),0.0,34.16,Potential,0,0,0,252,Growth Potential
2690,29,Female,Blouse,Clothing,35,Wyoming,M,Orange,Fall,3.9,No,Standard,No,No,47,PayPal,Quarterly,0,0,0,4,Millennial-Early (25-34),0.0,45.58,Loyalists,0,0,0,140,Stable Loyalists
2691,44,Female,Belt,Accessories,32,New Mexico,L,Yellow,Summer,4.7,No,Free Shipping,No,No,18,Bank Transfer,Weekly,0,0,0,52,Millennial-Late (35-44),0.0,44.13,Potential,1,0,0,1664,Growth Potential
2692,43,Female,Pants,Clothing,25,Nebraska,L,Blue,Winter,3.3,No,2-Day Shipping,No,No,48,Cash,Monthly,0,0,0,12,Millennial-Late (35-44),0.0,45.95,Loyalists,0,1,0,300,Stable Loyalists
2693,40,Female,Sneakers,Footwear,90,Washington,XL,Violet,Spring,4.2,No,Free Shipping,No,No,18,Debit Card,Every 3 Months,0,0,0,4,Millennial-Late (35-44),0.0,45.97,Loyalists,1,0,1,360,Stable Loyalists
2694,55,Female,Boots,Footwear,70,Hawaii,L,Lavender,Summer,2.6,No,Standard,No,No,46,Cash,Quarterly,0,0,0,4,Boomer-Early (55-64),0.0,60.08,Champions,0,0,0,280,Organic Champions
2695,66,Female,Sunglasses,Accessories,27,Louisiana,M,Olive,Spring,4.9,No,Express,No,No,34,Credit Card,Every 3 Months,0,0,0,4,Boomer+ (65+),0.0,31.47,At-Risk,1,0,0,108,At-Risk / Dormant
2696,50,Female,Hat,Accessories,92,Tennessee,M,Orange,Fall,3.6,No,Standard,No,No,10,PayPal,Bi-Weekly,0,0,0,26,Gen X (45-54),0.0,51.1,Loyalists,0,0,0,2392,Stable Loyalists
2697,57,Female,Coat,Outerwear,20,South Dakota,M,White,Spring,4.7,No,Free Shipping,No,No,12,Debit Card,Monthly,0,0,0,12,Boomer-Early (55-64),0.0,14.37,At-Risk,1,0,0,240,At-Risk / Dormant
2698,42,Female,Jacket,Outerwear,52,Delaware,L,Red,Winter,3.2,No,Standard,No,No,36,Bank Transfer,Quarterly,0,0,0,4,Millennial-Late (35-44),0.0,44.04,Potential,0,0,0,208,Growth Potential
2699,55,Female,Hoodie,Clothing,57,Virginia,M,Magenta,Summer,3.6,No,Store Pickup,No,No,34,Venmo,Quarterly,0,0,0,4,Boomer-Early (55-64),0.0,44.6,Potential,0,0,0,228,Growth Potential
2700,25,Female,Boots,Footwear,96,Utah,M,Violet,Fall,3.6,No,2-Day Shipping,No,No,49,Debit Card,Annually,0,0,0,1,Millennial-Early (25-34),0.0,72.43,Champions,0,0,0,96,Organic Champions
2701,22,Female,T-shirt,Clothing,68,California,XL,Olive,Winter,3.2,No,Standard,No,No,36,Cash,Weekly,0,0,0,52,Gen Z (18-24),0.0,74.57,Champions,0,1,0,3536,Organic Champions
2702,49,Female,Sweater,Clothing,30,Idaho,L,Silver,Summer,2.8,No,Store Pickup,No,No,18,Bank Transfer,Fortnightly,0,0,0,26,Gen X (45-54),0.0,30.51,At-Risk,0,0,0,780,At-Risk / Dormant
2703,70,Female,Shoes,Footwear,37,Texas,L,Gray,Fall,4.0,No,Next Day Air,No,No,39,Debit Card,Fortnightly,0,0,0,26,Boomer+ (65+),0.0,50.71,Loyalists,1,1,1,962,Stable Loyalists
2704,56,Female,Scarf,Accessories,42,Tennessee,XL,Olive,Winter,4.4,No,Free Shipping,No,No,34,PayPal,Weekly,0,0,0,52,Boomer-Early (55-64),0.0,61.56,Champions,1,1,1,2184,Organic Champions
2705,52,Female,Dress,Clothing,54,Tennessee,L,Beige,Spring,3.4,No,Next Day Air,No,No,35,Debit Card,Weekly,0,0,0,52,Gen X (45-54),0.0,67.63,Champions,0,1,0,2808,Organic Champions
2706,65,Female,Jacket,Outerwear,81,Washington,S,Turquoise,Spring,5.0,No,Store Pickup,No,No,1,Credit Card,Bi-Weekly,0,0,0,26,Boomer+ (65+),0.0,38.94,Potential,1,0,0,2106,Growth Potential
2707,24,Female,Shoes,Footwear,40,Alabama,S,Blue,Spring,3.1,No,Express,No,No,48,Debit Card,Quarterly,0,0,0,4,Gen Z (18-24),0.0,48.59,Loyalists,0,0,0,160,Stable Loyalists
2708,32,Female,Backpack,Accessories,88,Nebraska,M,Pink,Fall,4.2,No,Standard,No,No,19,Cash,Weekly,0,0,0,52,Millennial-Early (25-34),0.0,69.44,Champions,1,0,1,4576,Organic Champions
2709,57,Female,Dress,Clothing,94,Alabama,M,Teal,Summer,3.3,No,Store Pickup,No,No,44,Debit Card,Weekly,0,0,0,52,Boomer-Early (55-64),0.0,92.48,Champions,0,1,0,4888,Organic Champions
2710,35,Female,Shirt,Clothing,54,Illinois,S,Cyan,Winter,2.9,No,Standard,No,No,9,Credit Card,Bi-Weekly,0,0,0,26,Millennial-Late (35-44),0.0,33.66,Potential,0,0,0,1404,Growth Potential
2711,69,Female,Jacket,Outerwear,51,Wisconsin,L,Purple,Summer,4.7,No,Standard,No,No,3,Bank Transfer,Fortnightly,0,0,0,26,Boomer+ (65+),0.0,27.45,At-Risk,1,0,0,1326,At-Risk / Dormant
2712,30,Female,Sunglasses,Accessories,22,Nebraska,L,Red,Spring,4.0,No,Standard,No,No,50,Venmo,Monthly,0,0,0,12,Millennial-Early (25-34),0.0,46.27,Loyalists,1,1,1,264,Stable Loyalists
2713,37,Female,Jacket,Outerwear,95,North Dakota,L,Brown,Fall,4.6,No,Standard,No,No,7,Debit Card,Quarterly,0,0,0,4,Millennial-Late (35-44),0.0,39.18,Potential,1,0,0,380,Growth Potential
2714,19,Female,Coat,Outerwear,57,Mississippi,M,Magenta,Fall,3.8,No,2-Day Shipping,No,No,20,Debit Card,Annually,0,0,0,1,Gen Z (18-24),0.0,31.7,At-Risk,0,0,0,57,At-Risk / Dormant
2715,53,Female,Sweater,Clothing,45,Iowa,S,Olive,Winter,3.6,No,Store Pickup,No,No,16,Credit Card,Bi-Weekly,0,0,0,26,Gen X (45-54),0.0,35.44,Potential,0,0,0,1170,Growth Potential
2716,25,Female,Sneakers,Footwear,92,Mississippi,XL,Pink,Winter,4.1,No,Express,No,No,29,PayPal,Fortnightly,0,0,0,26,Millennial-Early (25-34),0.0,66.61,Champions,1,1,1,2392,Organic Champions
2717,47,Female,Shoes,Footwear,40,Colorado,L,Black,Spring,2.7,No,Store Pickup,No,No,21,Debit Card,Weekly,0,0,0,52,Gen X (45-54),0.0,50.08,Loyalists,0,0,0,2080,Stable Loyalists
2718,18,Female,Sunglasses,Accessories,62,Nebraska,XL,Beige,Winter,4.3,No,Free Shipping,No,No,19,Credit Card,Every 3 Months,0,0,0,4,Gen Z (18-24),0.0,34.54,Potential,1,0,0,248,Growth Potential
2719,22,Female,Shorts,Clothing,90,Virginia,M,Peach,Winter,4.9,No,Next Day Air,No,No,10,Venmo,Bi-Weekly,0,0,0,26,Gen Z (18-24),0.0,50.23,Loyalists,1,0,1,2340,Stable Loyalists
2720,69,Female,Hoodie,Clothing,82,Louisiana,S,Peach,Fall,4.2,No,Free Shipping,No,No,4,Bank Transfer,Monthly,0,0,0,12,Boomer+ (65+),0.0,34.97,Potential,1,0,0,984,Growth Potential
2721,55,Female,Scarf,Accessories,52,Maryland,M,Peach,Spring,2.8,No,Store Pickup,No,No,45,Bank Transfer,Quarterly,0,0,0,4,Boomer-Early (55-64),0.0,51.39,Loyalists,0,0,0,208,Stable Loyalists
2722,19,Female,Sandals,Footwear,70,Minnesota,S,Teal,Spring,4.9,No,Free Shipping,No,No,17,PayPal,Fortnightly,0,0,0,26,Gen Z (18-24),0.0,47.19,Loyalists,1,0,1,1820,Stable Loyalists
2723,23,Female,Hat,Accessories,83,Maine,M,Green,Spring,2.8,No,2-Day Shipping,No,No,22,PayPal,Fortnightly,0,0,0,26,Gen Z (18-24),0.0,56.96,Loyalists,0,0,0,2158,Stable Loyalists
2724,54,Female,Shoes,Footwear,49,Texas,XL,Brown,Summer,2.9,No,Store Pickup,No,No,3,PayPal,Every 3 Months,0,0,0,4,Gen X (45-54),0.0,15.79,At-Risk,0,0,0,196,At-Risk / Dormant
2725,52,Female,Sneakers,Footwear,91,Missouri,M,Brown,Spring,2.5,No,Next Day Air,No,No,11,Debit Card,Fortnightly,0,0,0,26,Gen X (45-54),0.0,51.48,Loyalists,0,0,0,2366,Stable Loyalists
2726,64,Female,Backpack,Accessories,99,Mississippi,S,Violet,Summer,2.7,No,Free Shipping,No,No,4,Debit Card,Annually,0,0,0,1,Boomer-Early (55-64),0.0,37.01,Potential,0,0,0,99,Growth Potential
2727,33,Female,Belt,Accessories,92,Michigan,L,Blue,Winter,3.3,No,Free Shipping,No,No,11,PayPal,Bi-Weekly,0,0,0,26,Millennial-Early (25-34),0.0,51.92,Loyalists,0,0,0,2392,Stable Loyalists
2728,40,Female,Shirt,Clothing,87,Colorado,L,Charcoal,Winter,3.7,No,2-Day Shipping,No,No,47,Credit Card,Fortnightly,0,0,0,26,Millennial-Late (35-44),0.0,79.12,Champions,0,1,0,2262,Organic Champions
2729,26,Female,Skirt,Clothing,28,Florida,M,Pink,Winter,4.0,No,Express,No,No,17,Debit Card,Weekly,0,0,0,52,Millennial-Early (25-34),0.0,41.56,Potential,1,0,0,1456,Growth Potential
2730,31,Female,Gloves,Accessories,71,Montana,S,Violet,Summer,4.1,No,Free Shipping,No,No,32,Credit Card,Monthly,0,0,0,12,Millennial-Early (25-34),0.0,53.01,Loyalists,1,1,1,852,Stable Loyalists
2731,23,Female,Gloves,Accessories,32,Wisconsin,M,Teal,Winter,4.1,No,Store Pickup,No,No,37,Bank Transfer,Annually,0,0,0,1,Gen Z (18-24),0.0,34.64,Potential,1,0,0,32,Growth Potential
2732,52,Female,Handbag,Accessories,33,Wisconsin,M,Red,Summer,2.5,No,2-Day Shipping,No,No,44,Bank Transfer,Quarterly,0,0,0,4,Gen X (45-54),0.0,42.26,Potential,0,0,0,132,Growth Potential
2733,21,Female,Socks,Clothing,75,Delaware,L,Orange,Winter,4.2,No,Store Pickup,No,No,27,Debit Card,Every 3 Months,0,0,0,4,Gen Z (18-24),0.0,46.76,Loyalists,1,0,1,300,Stable Loyalists
2734,31,Female,Backpack,Accessories,83,North Carolina,M,Magenta,Summer,4.7,No,Express,No,No,46,PayPal,Annually,0,0,0,1,Millennial-Early (25-34),0.0,64.3,Champions,1,0,1,83,Organic Champions
2735,63,Female,Jeans,Clothing,93,New York,XL,Yellow,Summer,2.7,No,2-Day Shipping,No,No,13,Cash,Bi-Weekly,0,0,0,26,Boomer-Early (55-64),0.0,53.99,Loyalists,0,0,0,2418,Stable Loyalists
2736,46,Female,Skirt,Clothing,29,California,M,Yellow,Spring,3.0,No,Express,No,No,2,PayPal,Bi-Weekly,0,0,0,26,Gen X (45-54),0.0,17.01,At-Risk,0,0,0,754,At-Risk / Dormant
2737,44,Female,Hoodie,Clothing,25,Montana,M,Pink,Spring,4.8,No,Store Pickup,No,No,45,Credit Card,Annually,0,0,0,1,Millennial-Late (35-44),0.0,38.11,Potential,1,0,0,25,Growth Potential
2738,57,Female,Jewelry,Accessories,76,North Carolina,S,Indigo,Spring,4.4,No,Free Shipping,No,No,35,Cash,Every 3 Months,0,0,0,4,Boomer-Early (55-64),0.0,53.73,Loyalists,1,0,1,304,Stable Loyalists
2739,50,Female,Sneakers,Footwear,81,Ohio,M,Charcoal,Summer,4.3,No,2-Day Shipping,No,No,39,Venmo,Every 3 Months,0,0,0,4,Gen X (45-54),0.0,59.18,Champions,1,0,1,324,Organic Champions
2740,33,Female,Shirt,Clothing,80,Alaska,XL,Blue,Winter,2.5,No,Store Pickup,No,No,39,Credit Card,Every 3 Months,0,0,0,4,Millennial-Early (25-34),0.0,58.74,Champions,0,0,0,320,Organic Champions
2741,19,Female,Sunglasses,Accessories,70,Pennsylvania,M,Lavender,Summer,4.9,No,Free Shipping,No,No,34,Bank Transfer,Fortnightly,0,0,0,26,Gen Z (18-24),0.0,61.07,Champions,1,1,1,1820,Organic Champions
2742,68,Female,Dress,Clothing,81,Maine,L,Yellow,Fall,4.9,No,2-Day Shipping,No,No,41,Venmo,Monthly,0,0,0,12,Boomer+ (65+),0.0,64.73,Champions,1,1,1,972,Organic Champions
2743,27,Female,Shoes,Footwear,86,Texas,M,Black,Spring,3.9,No,Free Shipping,No,No,47,Debit Card,Annually,0,0,0,1,Millennial-Early (25-34),0.0,66.43,Champions,0,0,0,86,Organic Champions
2744,61,Female,Belt,Accessories,94,New Jersey,S,Beige,Fall,4.1,No,2-Day Shipping,No,No,17,Venmo,Quarterly,0,0,0,4,Boomer-Early (55-64),0.0,46.91,Loyalists,1,0,1,376,Stable Loyalists
2745,38,Female,Shirt,Clothing,66,Wyoming,M,Silver,Winter,3.3,No,Store Pickup,No,No,40,Credit Card,Monthly,0,0,0,12,Millennial-Late (35-44),0.0,57.35,Loyalists,0,1,0,792,Stable Loyalists
2746,28,Female,Boots,Footwear,98,Michigan,M,Magenta,Summer,4.1,No,Standard,No,No,44,PayPal,Bi-Weekly,0,0,0,26,Millennial-Early (25-34),0.0,81.48,Champions,1,1,1,2548,Organic Champions
2747,39,Female,Hoodie,Clothing,25,Ohio,M,Orange,Fall,3.7,No,Standard,No,No,21,PayPal,Every 3 Months,0,0,0,4,Millennial-Late (35-44),0.0,19.98,At-Risk,0,0,0,100,At-Risk / Dormant
2748,18,Female,Jeans,Clothing,62,West Virginia,M,Teal,Winter,3.1,No,Free Shipping,No,No,21,Credit Card,Every 3 Months,0,0,0,4,Gen Z (18-24),0.0,36.17,Potential,0,0,0,248,Growth Potential
2749,24,Female,Jacket,Outerwear,98,Virginia,L,Turquoise,Spring,3.0,No,Free Shipping,No,No,16,Venmo,Annually,0,0,0,1,Gen Z (18-24),0.0,46.37,Loyalists,0,0,0,98,Stable Loyalists
2750,64,Female,Jacket,Outerwear,53,Vermont,M,Cyan,Spring,3.4,No,Standard,No,No,15,Bank Transfer,Annually,0,0,0,1,Boomer-Early (55-64),0.0,25.87,At-Risk,0,0,0,53,At-Risk / Dormant
2751,51,Female,Sandals,Footwear,66,Alaska,L,Pink,Spring,2.7,No,2-Day Shipping,No,No,26,PayPal,Every 3 Months,0,0,0,4,Gen X (45-54),0.0,42.0,Potential,0,0,0,264,Growth Potential
2752,27,Female,Dress,Clothing,52,Minnesota,S,Indigo,Fall,3.1,No,Free Shipping,No,No,50,Venmo,Monthly,0,0,0,12,Millennial-Early (25-34),0.0,59.39,Champions,0,1,0,624,Organic Champions
2753,48,Female,Sweater,Clothing,64,Colorado,S,Peach,Winter,4.0,No,Free Shipping,No,No,30,Venmo,Bi-Weekly,0,0,0,26,Gen X (45-54),0.0,55.18,Loyalists,1,1,1,1664,Stable Loyalists
2754,69,Female,Gloves,Accessories,59,Rhode Island,M,Beige,Spring,3.6,No,Next Day Air,No,No,48,PayPal,Quarterly,0,0,0,4,Boomer+ (65+),0.0,56.9,Loyalists,0,0,0,236,Stable Loyalists
2755,59,Female,Sunglasses,Accessories,61,New Jersey,L,Gold,Summer,3.6,No,Free Shipping,No,No,21,Venmo,Bi-Weekly,0,0,0,26,Boomer-Early (55-64),0.0,46.52,Loyalists,0,0,0,1586,Stable Loyalists
2756,59,Female,Belt,Accessories,97,Nevada,M,Indigo,Winter,3.3,No,Store Pickup,No,No,18,Credit Card,Annually,0,0,0,1,Boomer-Early (55-64),0.0,47.57,Loyalists,0,0,0,97,Stable Loyalists
2757,42,Female,Hat,Accessories,23,Minnesota,L,Violet,Winter,4.1,No,Free Shipping,No,No,41,PayPal,Monthly,0,0,0,12,Millennial-Late (35-44),0.0,39.36,Potential,1,1,0,276,Growth Potential
2758,39,Female,Hat,Accessories,98,Delaware,XL,Brown,Fall,4.3,No,Next Day Air,No,No,11,Venmo,Monthly,0,0,0,12,Millennial-Late (35-44),0.0,47.68,Loyalists,1,0,1,1176,Stable Loyalists
2759,32,Female,Blouse,Clothing,98,Illinois,M,Purple,Summer,3.2,No,Standard,No,No,8,Bank Transfer,Bi-Weekly,0,0,0,26,Millennial-Early (25-34),0.0,52.09,Loyalists,0,0,0,2548,Stable Loyalists
2760,68,Female,Shoes,Footwear,59,Washington,M,Turquoise,Summer,3.9,No,Free Shipping,No,No,42,Cash,Every 3 Months,0,0,0,4,Boomer+ (65+),0.0,52.0,Loyalists,0,0,0,236,Stable Loyalists
2761,41,Female,Skirt,Clothing,82,Alaska,S,Violet,Fall,5.0,No,Next Day Air,No,No,41,Credit Card,Bi-Weekly,0,0,0,26,Millennial-Late (35-44),0.0,72.03,Champions,1,1,1,2132,Organic Champions
2762,31,Female,Sneakers,Footwear,82,Michigan,M,Purple,Fall,3.4,No,Next Day Air,No,No,3,Credit Card,Every 3 Months,0,0,0,4,Millennial-Early (25-34),0.0,30.23,At-Risk,0,0,0,328,At-Risk / Dormant
2763,58,Female,T-shirt,Clothing,41,Georgia,M,Charcoal,Fall,3.8,No,Store Pickup,No,No,10,Debit Card,Every 3 Months,0,0,0,4,Boomer-Early (55-64),0.0,18.01,At-Risk,0,0,0,164,At-Risk / Dormant
2764,28,Female,Handbag,Accessories,52,West Virginia,M,Green,Fall,2.9,No,2-Day Shipping,No,No,35,Venmo,Quarterly,0,0,0,4,Millennial-Early (25-34),0.0,43.23,Potential,0,0,0,208,Growth Potential
2765,63,Female,Sweater,Clothing,41,Arizona,XL,White,Spring,2.6,No,Next Day Air,No,No,2,Debit Card,Weekly,0,0,0,52,Boomer-Early (55-64),0.0,35.0,Potential,0,0,0,2132,Growth Potential
2766,64,Female,Gloves,Accessories,70,Colorado,M,Purple,Summer,4.3,No,2-Day Shipping,No,No,24,Credit Card,Quarterly,0,0,0,4,Boomer-Early (55-64),0.0,42.12,Potential,1,0,0,280,Growth Potential
2767,66,Female,Dress,Clothing,91,Tennessee,M,Cyan,Winter,2.8,No,Standard,No,No,47,Credit Card,Monthly,0,0,0,12,Boomer+ (65+),0.0,74.01,Champions,0,1,0,1092,Organic Champions
2768,31,Female,Dress,Clothing,95,Iowa,M,Green,Spring,4.5,No,Free Shipping,No,No,31,Cash,Monthly,0,0,0,12,Millennial-Early (25-34),0.0,62.69,Champions,1,1,1,1140,Organic Champions
2769,55,Female,Blouse,Clothing,25,Kansas,M,Beige,Spring,3.8,No,2-Day Shipping,No,No,28,PayPal,Bi-Weekly,0,0,0,26,Boomer-Early (55-64),0.0,36.48,Potential,0,1,0,650,Growth Potential
2770,32,Female,Shirt,Clothing,89,Oklahoma,L,Lavender,Fall,3.0,No,Standard,No,No,13,Cash,Weekly,0,0,0,52,Millennial-Early (25-34),0.0,64.98,Champions,0,0,0,4628,Organic Champions
2771,50,Female,Boots,Footwear,44,Nebraska,S,Blue,Fall,3.3,No,Express,No,No,22,Bank Transfer,Quarterly,0,0,0,4,Gen X (45-54),0.0,29.11,At-Risk,0,0,0,176,At-Risk / Dormant
2772,58,Female,Jacket,Outerwear,52,Maryland,S,Beige,Summer,3.1,No,2-Day Shipping,No,No,12,Bank Transfer,Fortnightly,0,0,0,26,Boomer-Early (55-64),0.0,35.23,Potential,0,0,0,1352,Growth Potential
2773,18,Female,Backpack,Accessories,94,Pennsylvania,L,Blue,Spring,3.5,No,Store Pickup,No,No,10,Bank Transfer,Every 3 Months,0,0,0,4,Gen Z (18-24),0.0,41.19,Potential,0,0,0,376,Growth Potential
2774,39,Female,Pants,Clothing,98,Arizona,S,Maroon,Spring,4.6,No,Express,No,No,45,Bank Transfer,Quarterly,0,0,0,4,Millennial-Late (35-44),0.0,71.51,Champions,1,0,1,392,Organic Champions
2775,56,Female,Boots,Footwear,40,Oklahoma,L,Yellow,Fall,4.1,No,Standard,No,No,42,Credit Card,Quarterly,0,0,0,4,Boomer-Early (55-64),0.0,43.69,Potential,1,0,0,160,Growth Potential
2776,37,Female,Socks,Clothing,25,Montana,L,Red,Fall,3.6,No,Free Shipping,No,No,16,Debit Card,Weekly,0,0,0,52,Millennial-Late (35-44),0.0,39.43,Potential,0,0,0,1300,Growth Potential
2777,46,Female,Scarf,Accessories,62,Wyoming,L,Green,Fall,2.9,No,Free Shipping,No,No,6,Bank Transfer,Annually,0,0,0,1,Gen X (45-54),0.0,22.46,At-Risk,0,0,0,62,At-Risk / Dormant
2778,52,Female,Blouse,Clothing,24,Idaho,M,Magenta,Fall,4.8,No,Standard,No,No,28,Credit Card,Every 3 Months,0,0,0,4,Gen X (45-54),0.0,25.26,At-Risk,1,0,0,96,At-Risk / Dormant
2779,70,Female,Belt,Accessories,57,Pennsylvania,L,Yellow,Spring,3.2,No,Standard,No,No,24,Credit Card,Bi-Weekly,0,0,0,26,Boomer+ (65+),0.0,47.22,Loyalists,0,0,0,1482,Stable Loyalists
2780,61,Female,Sunglasses,Accessories,66,Montana,L,Blue,Winter,4.3,No,Express,No,No,14,Credit Card,Fortnightly,0,0,0,26,Boomer-Early (55-64),0.0,42.99,Potential,1,0,0,1716,Growth Potential
2781,33,Female,Boots,Footwear,70,Ohio,M,Charcoal,Winter,4.1,No,Next Day Air,No,No,29,PayPal,Fortnightly,0,0,0,26,Millennial-Early (25-34),0.0,56.99,Loyalists,1,1,1,1820,Stable Loyalists
2782,65,Female,Sandals,Footwear,39,Mississippi,M,Blue,Spring,4.6,No,Standard,No,No,33,PayPal,Weekly,0,0,0,52,Boomer+ (65+),0.0,59.43,Champions,1,1,1,2028,Organic Champions
2783,41,Female,Gloves,Accessories,34,Idaho,S,Cyan,Spring,3.8,No,Free Shipping,No,No,30,PayPal,Annually,0,0,0,1,Millennial-Late (35-44),0.0,29.8,At-Risk,0,0,0,34,At-Risk / Dormant
2784,19,Female,Skirt,Clothing,38,Virginia,M,Silver,Spring,4.5,No,Next Day Air,No,No,26,Credit Card,Quarterly,0,0,0,4,Gen Z (18-24),0.0,29.75,At-Risk,1,0,0,152,At-Risk / Dormant
2785,33,Female,Skirt,Clothing,70,Idaho,M,Black,Winter,3.1,No,Express,No,No,12,PayPal,Every 3 Months,0,0,0,4,Millennial-Early (25-34),0.0,32.33,At-Risk,0,0,0,280,At-Risk / Dormant
2786,53,Female,Blouse,Clothing,80,Louisiana,S,Green,Summer,2.9,No,Next Day Air,No,No,13,Bank Transfer,Monthly,0,0,0,12,Gen X (45-54),0.0,41.44,Potential,0,0,0,960,Growth Potential
2787,54,Female,Handbag,Accessories,51,Colorado,M,Violet,Spring,3.8,No,Next Day Air,No,No,41,Debit Card,Every 3 Months,0,0,0,4,Gen X (45-54),0.0,47.69,Loyalists,0,0,0,204,Stable Loyalists
2788,36,Female,Boots,Footwear,79,West Virginia,XL,Pink,Spring,4.1,No,Next Day Air,No,No,4,Venmo,Fortnightly,0,0,0,26,Millennial-Late (35-44),0.0,40.52,Potential,1,0,0,2054,Growth Potential
2789,56,Female,Boots,Footwear,92,Rhode Island,M,Olive,Summer,3.1,No,Free Shipping,No,No,2,Credit Card,Annually,0,0,0,1,Boomer-Early (55-64),0.0,32.32,At-Risk,0,0,0,92,At-Risk / Dormant
2790,28,Female,Sweater,Clothing,85,North Carolina,L,Orange,Fall,5.0,No,Express,No,No,28,Credit Card,Bi-Weekly,0,0,0,26,Millennial-Early (25-34),0.0,62.73,Champions,1,1,1,2210,Organic Champions
2791,34,Female,Socks,Clothing,63,Maine,M,Black,Spring,4.5,No,Free Shipping,No,No,24,Debit Card,Annually,0,0,0,1,Millennial-Early (25-34),0.0,37.59,Potential,1,0,0,63,Growth Potential
2792,43,Female,Gloves,Accessories,60,Iowa,M,Yellow,Fall,2.8,No,Express,No,No,14,Venmo,Fortnightly,0,0,0,26,Millennial-Late (35-44),0.0,40.37,Potential,0,0,0,1560,Growth Potential
2793,54,Female,Shorts,Clothing,44,Kentucky,L,Violet,Winter,3.2,No,Express,No,No,11,Credit Card,Weekly,0,0,0,52,Gen X (45-54),0.0,43.66,Potential,0,0,0,2288,Growth Potential
2794,37,Female,Boots,Footwear,57,Massachusetts,M,Silver,Spring,3.1,No,Standard,No,No,27,Debit Card,Bi-Weekly,0,0,0,26,Millennial-Late (35-44),0.0,49.67,Loyalists,0,1,0,1482,Stable Loyalists
2795,33,Female,Jacket,Outerwear,24,New York,M,Gold,Fall,3.3,No,Standard,No,No,7,Cash,Fortnightly,0,0,0,26,Millennial-Early (25-34),0.0,18.9,At-Risk,0,0,0,624,At-Risk / Dormant
2796,33,Female,Scarf,Accessories,35,Nebraska,M,Magenta,Winter,3.4,No,Store Pickup,No,No,49,PayPal,Annually,0,0,0,1,Millennial-Early (25-34),0.0,45.75,Loyalists,0,0,0,35,Stable Loyalists
2797,55,Female,Jacket,Outerwear,73,Oklahoma,M,Red,Winter,3.8,No,Store Pickup,No,No,21,Cash,Annually,0,0,0,1,Boomer-Early (55-64),0.0,39.51,Potential,0,0,0,73,Growth Potential
2798,63,Female,Jewelry,Accessories,42,Oklahoma,M,Green,Winter,3.5,No,Express,No,No,10,Venmo,Every 3 Months,0,0,0,4,Boomer-Early (55-64),0.0,18.44,At-Risk,0,0,0,168,At-Risk / Dormant
2799,52,Female,Hoodie,Clothing,20,Rhode Island,XL,Red,Winter,4.8,No,Store Pickup,No,No,37,PayPal,Weekly,0,0,0,52,Gen X (45-54),0.0,54.39,Loyalists,1,1,1,1040,Stable Loyalists
2800,23,Female,T-shirt,Clothing,89,Maine,L,Pink,Spring,3.9,No,Free Shipping,No,No,9,Bank Transfer,Every 3 Months,0,0,0,4,Gen Z (18-24),0.0,38.19,Potential,0,0,0,356,Growth Potential
2801,70,Female,Shirt,Clothing,76,Arkansas,L,Violet,Fall,3.4,No,Free Shipping,No,No,14,Cash,Bi-Weekly,0,0,0,26,Boomer+ (65+),0.0,47.37,Loyalists,0,0,0,1976,Stable Loyalists
2802,64,Female,Shirt,Clothing,56,New Mexico,M,Indigo,Winter,2.6,No,Express,No,No,30,PayPal,Annually,0,0,0,1,Boomer-Early (55-64),0.0,39.42,Potential,0,0,0,56,Growth Potential
2803,22,Female,Coat,Outerwear,100,Hawaii,L,Red,Fall,3.1,No,Store Pickup,No,No,42,Credit Card,Fortnightly,0,0,0,26,Gen Z (18-24),0.0,80.72,Champions,0,1,0,2600,Organic Champions
2804,46,Female,T-shirt,Clothing,44,Idaho,M,Violet,Winter,3.3,No,Free Shipping,No,No,31,Bank Transfer,Monthly,0,0,0,12,Gen X (45-54),0.0,40.38,Potential,0,1,0,528,Growth Potential
2805,65,Female,Hoodie,Clothing,76,South Carolina,M,Cyan,Spring,2.8,No,Standard,No,No,48,Bank Transfer,Every 3 Months,0,0,0,4,Boomer+ (65+),0.0,64.34,Champions,0,0,0,304,Organic Champions
2806,18,Female,Sunglasses,Accessories,97,Nevada,S,Black,Fall,4.3,No,Standard,No,No,48,Cash,Quarterly,0,0,0,4,Gen Z (18-24),0.0,73.53,Champions,1,0,1,388,Organic Champions
2807,45,Female,Blouse,Clothing,39,South Carolina,L,Purple,Spring,2.7,No,Standard,No,No,50,Credit Card,Annually,0,0,0,1,Gen X (45-54),0.0,48.31,Loyalists,0,0,0,39,Stable Loyalists
2808,56,Female,Hoodie,Clothing,100,Maryland,M,Charcoal,Spring,4.4,No,2-Day Shipping,No,No,10,Debit Card,Fortnightly,0,0,0,26,Boomer-Early (55-64),0.0,54.6,Loyalists,1,0,1,2600,Stable Loyalists
2809,49,Female,Skirt,Clothing,62,Tennessee,M,Beige,Spring,3.9,No,Free Shipping,No,No,45,PayPal,Every 3 Months,0,0,0,4,Gen X (45-54),0.0,55.76,Loyalists,0,0,0,248,Stable Loyalists
2810,66,Female,Shorts,Clothing,98,Arkansas,XL,Teal,Summer,3.0,No,Standard,No,No,27,Debit Card,Quarterly,0,0,0,4,Boomer+ (65+),0.0,56.82,Loyalists,0,0,0,392,Stable Loyalists
2811,27,Female,Jeans,Clothing,31,Arizona,M,Purple,Summer,4.0,No,Standard,No,No,10,Debit Card,Fortnightly,0,0,0,26,Millennial-Early (25-34),0.0,24.41,At-Risk,1,0,0,806,At-Risk / Dormant
2812,69,Female,Jacket,Outerwear,89,Ohio,M,Blue,Fall,3.7,No,Store Pickup,No,No,19,Credit Card,Quarterly,0,0,0,4,Boomer+ (65+),0.0,46.35,Loyalists,0,0,0,356,Stable Loyalists
2813,66,Female,Hoodie,Clothing,91,North Dakota,XL,Magenta,Fall,3.8,No,Store Pickup,No,No,1,Credit Card,Every 3 Months,0,0,0,4,Boomer+ (65+),0.0,32.53,At-Risk,0,0,0,364,At-Risk / Dormant
2814,45,Female,Shirt,Clothing,50,Vermont,S,Maroon,Summer,3.3,No,2-Day Shipping,No,No,39,Debit Card,Quarterly,0,0,0,4,Gen X (45-54),0.0,45.62,Loyalists,0,0,0,200,Stable Loyalists
2815,31,Female,T-shirt,Clothing,32,Minnesota,L,Gold,Winter,3.6,No,Standard,No,No,14,Bank Transfer,Monthly,0,0,0,12,Millennial-Early (25-34),0.0,21.25,At-Risk,0,0,0,384,At-Risk / Dormant
2816,33,Female,Blouse,Clothing,67,Idaho,L,Black,Fall,3.9,No,Free Shipping,No,No,40,Venmo,Every 3 Months,0,0,0,4,Millennial-Early (25-34),0.0,53.87,Loyalists,0,0,0,268,Stable Loyalists
2817,43,Female,Skirt,Clothing,28,Maryland,M,Black,Spring,3.5,No,Free Shipping,No,No,45,Venmo,Weekly,0,0,0,52,Millennial-Late (35-44),0.0,64.42,Champions,0,1,0,1456,Organic Champions
2818,25,Female,Backpack,Accessories,65,South Carolina,XL,Yellow,Winter,3.4,No,Standard,No,No,6,Venmo,Weekly,0,0,0,52,Millennial-Early (25-34),0.0,48.77,Loyalists,0,0,0,3380,Stable Loyalists
2819,46,Female,Shorts,Clothing,73,California,M,Turquoise,Fall,4.7,No,Next Day Air,No,No,12,Debit Card,Annually,0,0,0,1,Gen X (45-54),0.0,32.17,At-Risk,1,0,0,73,At-Risk / Dormant
2820,67,Female,Shirt,Clothing,27,Georgia,L,Lavender,Spring,3.0,No,Free Shipping,No,No,19,Cash,Monthly,0,0,0,12,Boomer+ (65+),0.0,23.15,At-Risk,0,0,0,324,At-Risk / Dormant
2821,26,Female,Backpack,Accessories,89,Vermont,L,Yellow,Summer,3.9,No,Free Shipping,No,No,5,Cash,Bi-Weekly,0,0,0,26,Millennial-Early (25-34),0.0,45.71,Loyalists,0,0,0,2314,Stable Loyalists
2822,35,Female,Shoes,Footwear,72,Georgia,L,Olive,Summer,4.5,No,Standard,No,No,37,Venmo,Monthly,0,0,0,12,Millennial-Late (35-44),0.0,57.53,Loyalists,1,1,1,864,Stable Loyalists
2823,61,Female,Skirt,Clothing,37,New Jersey,S,Brown,Fall,4.1,No,Standard,No,No,33,PayPal,Quarterly,0,0,0,4,Boomer-Early (55-64),0.0,35.03,Potential,1,0,0,148,Growth Potential
2824,26,Female,Dress,Clothing,63,Utah,M,Olive,Summer,4.5,No,Standard,No,No,47,Debit Card,Bi-Weekly,0,0,0,26,Millennial-Early (25-34),0.0,68.62,Champions,1,1,1,1638,Organic Champions
2825,39,Female,Hat,Accessories,90,Utah,M,Purple,Fall,4.0,No,Free Shipping,No,No,49,Debit Card,Quarterly,0,0,0,4,Millennial-Late (35-44),0.0,71.28,Champions,1,0,1,360,Organic Champions
2826,69,Female,Handbag,Accessories,62,North Carolina,M,Yellow,Winter,4.3,No,2-Day Shipping,No,No,28,Bank Transfer,Annually,0,0,0,1,Boomer+ (65+),0.0,40.42,Potential,1,0,0,62,Growth Potential
2827,32,Female,Handbag,Accessories,43,Florida,L,Brown,Fall,3.6,No,Express,No,No,23,Venmo,Annually,0,0,0,1,Millennial-Early (25-34),0.0,28.02,At-Risk,0,0,0,43,At-Risk / Dormant
2828,20,Female,Blouse,Clothing,96,Wisconsin,M,Magenta,Fall,3.1,No,Next Day Air,No,No,11,Bank Transfer,Bi-Weekly,0,0,0,26,Gen Z (18-24),0.0,53.67,Loyalists,0,0,0,2496,Stable Loyalists
2829,25,Female,Scarf,Accessories,83,Tennessee,L,Lavender,Fall,2.6,No,Standard,No,No,33,PayPal,Quarterly,0,0,0,4,Millennial-Early (25-34),0.0,55.16,Loyalists,0,0,0,332,Stable Loyalists
2830,56,Female,Jewelry,Accessories,67,Arizona,XL,Teal,Fall,3.4,No,Next Day Air,No,No,47,Cash,Weekly,0,0,0,52,Boomer-Early (55-64),0.0,83.11,Champions,0,1,0,3484,Organic Champions
2831,63,Female,Skirt,Clothing,90,Oregon,L,Cyan,Spring,2.9,No,Store Pickup,No,No,13,Venmo,Every 3 Months,0,0,0,4,Boomer-Early (55-64),0.0,41.89,Potential,0,0,0,360,Growth Potential
2832,34,Female,Hoodie,Clothing,53,Virginia,L,Pink,Winter,5.0,No,Express,No,No,4,Credit Card,Weekly,0,0,0,52,Millennial-Early (25-34),0.0,41.89,Potential,1,0,0,2756,Growth Potential
2833,29,Female,Scarf,Accessories,37,Maryland,M,Magenta,Summer,4.6,No,Standard,No,No,40,PayPal,Quarterly,0,0,0,4,Millennial-Early (25-34),0.0,40.74,Potential,1,0,0,148,Growth Potential
2834,43,Female,Jeans,Clothing,56,Arkansas,M,Teal,Fall,3.3,No,Free Shipping,No,No,19,Cash,Monthly,0,0,0,12,Millennial-Late (35-44),0.0,35.84,Potential,0,0,0,672,Growth Potential
2835,39,Female,Jacket,Outerwear,43,Texas,M,Indigo,Fall,2.9,No,2-Day Shipping,No,No,17,Credit Card,Weekly,0,0,0,52,Millennial-Late (35-44),0.0,48.12,Loyalists,0,0,0,2236,Stable Loyalists
2836,33,Female,T-shirt,Clothing,84,Vermont,S,Pink,Winter,4.9,No,Free Shipping,No,No,7,Venmo,Annually,0,0,0,1,Millennial-Early (25-34),0.0,32.9,At-Risk,1,0,0,84,At-Risk / Dormant
2837,51,Female,Pants,Clothing,50,Wyoming,M,Charcoal,Winter,5.0,No,2-Day Shipping,No,No,21,Cash,Bi-Weekly,0,0,0,26,Gen X (45-54),0.0,41.71,Potential,1,0,0,1300,Growth Potential
2838,65,Female,Shoes,Footwear,88,Alabama,M,Brown,Summer,4.5,No,Express,No,No,44,PayPal,Weekly,0,0,0,52,Boomer+ (65+),0.0,89.85,Champions,1,1,1,4576,Organic Champions
2839,51,Female,Jacket,Outerwear,50,Maine,M,Blue,Fall,3.7,No,Free Shipping,No,No,2,Bank Transfer,Weekly,0,0,0,52,Gen X (45-54),0.0,38.94,Potential,0,0,0,2600,Growth Potential
2840,70,Female,Scarf,Accessories,80,South Dakota,L,Teal,Summer,2.8,No,Store Pickup,No,No,30,Bank Transfer,Monthly,0,0,0,12,Boomer+ (65+),0.0,55.32,Loyalists,0,1,0,960,Stable Loyalists
2841,40,Female,T-shirt,Clothing,47,West Virginia,L,Pink,Spring,3.5,No,Store Pickup,No,No,41,Cash,Annually,0,0,0,1,Millennial-Late (35-44),0.0,44.47,Potential,0,0,0,47,Growth Potential
2842,19,Female,Dress,Clothing,33,Ohio,XL,Magenta,Winter,3.0,No,2-Day Shipping,No,No,31,Cash,Weekly,0,0,0,52,Gen Z (18-24),0.0,55.18,Loyalists,0,1,0,1716,Stable Loyalists
2843,28,Female,Coat,Outerwear,100,Arizona,L,Green,Fall,4.3,No,Standard,No,No,48,Debit Card,Quarterly,0,0,0,4,Millennial-Early (25-34),0.0,74.84,Champions,1,0,1,400,Organic Champions
2844,51,Female,Sweater,Clothing,26,Ohio,M,White,Summer,3.6,No,Store Pickup,No,No,41,Venmo,Weekly,0,0,0,52,Gen X (45-54),0.0,60.28,Champions,0,1,0,1352,Organic Champions
2845,32,Female,Hat,Accessories,79,New Mexico,M,Indigo,Summer,4.4,No,Standard,No,No,42,Venmo,Annually,0,0,0,1,Millennial-Early (25-34),0.0,59.28,Champions,1,0,1,79,Organic Champions
2846,26,Female,Backpack,Accessories,77,South Dakota,L,Lavender,Summer,4.1,No,Express,No,No,39,Debit Card,Every 3 Months,0,0,0,4,Millennial-Early (25-34),0.0,57.43,Loyalists,1,0,1,308,Stable Loyalists
2847,50,Female,Socks,Clothing,36,Oklahoma,XL,Black,Fall,2.8,No,Next Day Air,No,No,15,PayPal,Bi-Weekly,0,0,0,26,Gen X (45-54),0.0,30.68,At-Risk,0,0,0,936,At-Risk / Dormant
2848,68,Female,Jewelry,Accessories,21,Connecticut,L,Charcoal,Winter,2.8,No,Free Shipping,No,No,3,PayPal,Every 3 Months,0,0,0,4,Boomer+ (65+),0.0,3.54,At-Risk,0,0,0,84,At-Risk / Dormant
2849,33,Female,Boots,Footwear,72,Wisconsin,L,Gray,Fall,4.9,No,Store Pickup,No,No,28,Bank Transfer,Quarterly,0,0,0,4,Millennial-Early (25-34),0.0,46.26,Loyalists,1,0,1,288,Stable Loyalists
2850,56,Female,Coat,Outerwear,25,New Hampshire,M,Gold,Spring,4.1,No,Express,No,No,27,PayPal,Bi-Weekly,0,0,0,26,Boomer-Early (55-64),0.0,35.67,Potential,1,1,0,650,Growth Potential
2851,57,Female,Sweater,Clothing,79,Nebraska,M,Silver,Spring,3.0,No,Store Pickup,No,No,36,Debit Card,Annually,0,0,0,1,Boomer-Early (55-64),0.0,54.38,Loyalists,0,0,0,79,Stable Loyalists
2852,58,Female,Blouse,Clothing,73,Nevada,L,Teal,Summer,3.0,No,Store Pickup,No,No,42,Debit Card,Monthly,0,0,0,12,Boomer-Early (55-64),0.0,62.05,Champions,0,1,0,876,Organic Champions
2853,40,Female,Belt,Accessories,71,New York,M,Magenta,Spring,3.0,No,Store Pickup,No,No,30,Venmo,Weekly,0,0,0,52,Millennial-Late (35-44),0.0,70.99,Champions,0,1,0,3692,Organic Champions
2854,37,Female,Hat,Accessories,48,Pennsylvania,M,Magenta,Winter,3.2,No,Next Day Air,No,No,9,PayPal,Weekly,0,0,0,52,Millennial-Late (35-44),0.0,43.78,Potential,0,0,0,2496,Growth Potential
2855,36,Female,Sandals,Footwear,28,Delaware,M,Beige,Fall,2.7,No,Store Pickup,No,No,25,Venmo,Monthly,0,0,0,12,Millennial-Late (35-44),0.0,28.48,At-Risk,0,1,0,336,At-Risk / Dormant
2856,29,Female,Boots,Footwear,95,Mississippi,S,Maroon,Winter,3.8,No,2-Day Shipping,No,No,33,PayPal,Quarterly,0,0,0,4,Millennial-Early (25-34),0.0,60.41,Champions,0,0,0,380,Organic Champions
2857,65,Female,Jacket,Outerwear,48,Iowa,M,Indigo,Winter,3.5,No,2-Day Shipping,No,No,31,Credit Card,Monthly,0,0,0,12,Boomer+ (65+),0.0,42.13,Potential,0,1,0,576,Growth Potential
2858,44,Female,Dress,Clothing,93,Utah,S,Maroon,Spring,3.8,No,Next Day Air,No,No,35,Debit Card,Monthly,0,0,0,12,Millennial-Late (35-44),0.0,65.08,Champions,0,1,0,1116,Organic Champions
2859,34,Female,Jeans,Clothing,87,Maryland,L,Teal,Summer,3.8,No,2-Day Shipping,No,No,46,Bank Transfer,Monthly,0,0,0,12,Millennial-Early (25-34),0.0,71.44,Champions,0,1,0,1044,Organic Champions
2860,31,Female,Shorts,Clothing,32,Utah,L,Yellow,Fall,3.4,No,Express,No,No,29,Bank Transfer,Annually,0,0,0,1,Millennial-Early (25-34),0.0,28.11,At-Risk,0,0,0,32,At-Risk / Dormant
2861,28,Female,Shirt,Clothing,38,Rhode Island,M,Gold,Spring,2.9,No,Next Day Air,No,No,49,Bank Transfer,Weekly,0,0,0,52,Millennial-Early (25-34),0.0,72.06,Champions,0,1,0,1976,Organic Champions
2862,66,Female,Coat,Outerwear,54,Maryland,M,Teal,Fall,3.4,No,Free Shipping,No,No,27,Credit Card,Monthly,0,0,0,12,Boomer+ (65+),0.0,41.49,Potential,0,1,0,648,Growth Potential
2863,68,Female,Coat,Outerwear,75,Hawaii,S,Violet,Summer,4.7,No,Store Pickup,No,No,5,Bank Transfer,Every 3 Months,0,0,0,4,Boomer+ (65+),0.0,28.8,At-Risk,1,0,0,300,At-Risk / Dormant
2864,37,Female,T-shirt,Clothing,56,Connecticut,M,Yellow,Fall,3.9,No,2-Day Shipping,No,No,18,Venmo,Monthly,0,0,0,12,Millennial-Late (35-44),0.0,35.02,Potential,0,0,0,672,Growth Potential
2865,58,Female,Sweater,Clothing,43,Illinois,S,Maroon,Fall,3.6,No,Store Pickup,No,No,31,Venmo,Weekly,0,0,0,52,Boomer-Early (55-64),0.0,59.55,Champions,0,1,0,2236,Organic Champions
2866,28,Female,Skirt,Clothing,97,California,M,Silver,Fall,3.7,No,Free Shipping,No,No,27,Cash,Fortnightly,0,0,0,26,Millennial-Early (25-34),0.0,67.17,Champions,0,1,0,2522,Organic Champions
2867,54,Female,Blouse,Clothing,75,Connecticut,S,Violet,Summer,3.1,No,Free Shipping,No,No,19,Cash,Annually,0,0,0,1,Gen X (45-54),0.0,38.76,Potential,0,0,0,75,Growth Potential
2868,21,Female,Sneakers,Footwear,55,Colorado,L,White,Summer,4.9,No,Next Day Air,No,No,33,Cash,Fortnightly,0,0,0,26,Gen Z (18-24),0.0,53.69,Loyalists,1,1,1,1430,Stable Loyalists
2869,45,Female,Backpack,Accessories,49,Colorado,M,Black,Winter,2.6,No,Next Day Air,No,No,42,PayPal,Every 3 Months,0,0,0,4,Gen X (45-54),0.0,47.63,Loyalists,0,0,0,196,Stable Loyalists
2870,57,Female,Socks,Clothing,58,Georgia,M,White,Summer,4.2,No,Standard,No,No,16,Bank Transfer,Weekly,0,0,0,52,Boomer-Early (55-64),0.0,53.87,Loyalists,1,0,1,3016,Stable Loyalists
2871,47,Female,Jewelry,Accessories,34,North Dakota,M,Blue,Winter,4.8,No,Free Shipping,No,No,49,Debit Card,Every 3 Months,0,0,0,4,Gen X (45-54),0.0,46.78,Loyalists,1,0,1,136,Stable Loyalists
2872,46,Female,Shorts,Clothing,43,Idaho,S,Black,Summer,2.7,No,2-Day Shipping,No,No,40,Venmo,Bi-Weekly,0,0,0,26,Gen X (45-54),0.0,54.15,Loyalists,0,1,0,1118,Stable Loyalists
2873,63,Female,Jewelry,Accessories,48,Connecticut,L,Olive,Fall,2.6,No,Next Day Air,No,No,5,Cash,Annually,0,0,0,1,Boomer-Early (55-64),0.0,15.52,At-Risk,0,0,0,48,At-Risk / Dormant
2874,44,Female,Sweater,Clothing,40,Montana,M,Teal,Spring,2.6,No,Free Shipping,No,No,8,Bank Transfer,Monthly,0,0,0,12,Millennial-Late (35-44),0.0,19.86,At-Risk,0,0,0,480,At-Risk / Dormant
2875,36,Female,Shirt,Clothing,29,Colorado,L,Silver,Summer,3.1,No,Standard,No,No,2,Debit Card,Annually,0,0,0,1,Millennial-Late (35-44),0.0,4.75,At-Risk,0,0,0,29,At-Risk / Dormant
2876,24,Female,Pants,Clothing,81,Kentucky,M,Pink,Fall,2.6,No,Free Shipping,No,No,14,Debit Card,Weekly,0,0,0,52,Gen Z (18-24),0.0,62.3,Champions,0,0,0,4212,Organic Champions
2877,65,Female,Hoodie,Clothing,84,New Mexico,M,Charcoal,Spring,3.4,No,2-Day Shipping,No,No,5,Bank Transfer,Fortnightly,0,0,0,26,Boomer+ (65+),0.0,43.52,Potential,0,0,0,2184,Growth Potential
2878,32,Female,Socks,Clothing,46,New Jersey,M,Silver,Summer,3.6,No,Standard,No,No,34,Venmo,Monthly,0,0,0,12,Millennial-Early (25-34),0.0,43.71,Potential,0,1,0,552,Growth Potential
2879,63,Female,Dress,Clothing,86,California,L,Turquoise,Summer,4.3,No,Next Day Air,No,No,13,Bank Transfer,Annually,0,0,0,1,Boomer-Early (55-64),0.0,38.67,Potential,1,0,0,86,Growth Potential
2880,62,Female,Blouse,Clothing,57,North Dakota,XL,Turquoise,Winter,4.9,No,Free Shipping,No,No,31,Venmo,Annually,0,0,0,1,Boomer-Early (55-64),0.0,40.68,Potential,1,0,0,57,Growth Potential
2881,19,Female,Skirt,Clothing,61,Florida,L,Beige,Winter,4.8,No,Store Pickup,No,No,43,PayPal,Quarterly,0,0,0,4,Gen Z (18-24),0.0,53.69,Loyalists,1,0,1,244,Stable Loyalists
2882,38,Female,Backpack,Accessories,90,Texas,M,Cyan,Winter,4.2,No,Free Shipping,No,No,6,Bank Transfer,Annually,0,0,0,1,Millennial-Late (35-44),0.0,34.71,Potential,1,0,0,90,Growth Potential
2883,59,Female,Blouse,Clothing,51,Oklahoma,L,Gold,Winter,2.6,No,Store Pickup,No,No,23,Credit Card,Bi-Weekly,0,0,0,26,Boomer-Early (55-64),0.0,43.78,Potential,0,0,0,1326,Growth Potential
2884,22,Female,Socks,Clothing,48,Rhode Island,XL,Silver,Spring,3.2,No,Standard,No,No,10,PayPal,Weekly,0,0,0,52,Gen Z (18-24),0.0,44.6,Potential,0,0,0,2496,Growth Potential
2885,55,Female,Boots,Footwear,50,Arkansas,M,Purple,Summer,3.4,No,2-Day Shipping,No,No,47,Credit Card,Every 3 Months,0,0,0,4,Boomer-Early (55-64),0.0,52.15,Loyalists,0,0,0,200,Stable Loyalists
2886,29,Female,Backpack,Accessories,82,Nevada,M,Yellow,Summer,3.5,No,Next Day Air,No,No,14,Credit Card,Bi-Weekly,0,0,0,26,Millennial-Early (25-34),0.0,49.99,Loyalists,0,0,0,2132,Stable Loyalists
2887,42,Female,Hat,Accessories,33,Utah,L,Blue,Spring,4.2,No,Free Shipping,No,No,29,PayPal,Weekly,0,0,0,52,Millennial-Late (35-44),0.0,53.54,Loyalists,1,1,1,1716,Stable Loyalists
2888,23,Female,Sandals,Footwear,28,Kentucky,L,Blue,Winter,2.8,No,Express,No,No,12,Cash,Bi-Weekly,0,0,0,26,Gen Z (18-24),0.0,24.73,At-Risk,0,0,0,728,At-Risk / Dormant
2889,70,Female,Hoodie,Clothing,42,Wisconsin,L,Green,Spring,5.0,No,2-Day Shipping,No,No,25,Debit Card,Quarterly,0,0,0,4,Boomer+ (65+),0.0,30.69,At-Risk,1,0,0,168,At-Risk / Dormant
2890,64,Female,Sunglasses,Accessories,43,Minnesota,M,Charcoal,Fall,3.3,No,Store Pickup,No,No,21,Venmo,Annually,0,0,0,1,Boomer-Early (55-64),0.0,26.39,At-Risk,0,0,0,43,At-Risk / Dormant
2891,39,Female,Jeans,Clothing,55,North Dakota,M,Violet,Winter,3.7,No,Free Shipping,No,No,23,Credit Card,Monthly,0,0,0,12,Millennial-Late (35-44),0.0,38.66,Potential,0,0,0,660,Growth Potential
2892,47,Female,T-shirt,Clothing,73,Ohio,XL,Black,Winter,2.5,No,Free Shipping,No,No,10,PayPal,Monthly,0,0,0,12,Gen X (45-54),0.0,35.93,Potential,0,0,0,876,Growth Potential
2893,22,Female,Dress,Clothing,39,Nevada,M,Teal,Spring,3.2,No,Standard,No,No,47,Credit Card,Monthly,0,0,0,12,Gen Z (18-24),0.0,51.26,Loyalists,0,1,0,468,Stable Loyalists
2894,69,Female,Belt,Accessories,20,Kentucky,S,Orange,Spring,3.1,No,Free Shipping,No,No,44,Debit Card,Every 3 Months,0,0,0,4,Boomer+ (65+),0.0,36.57,Potential,0,0,0,80,Growth Potential
2895,35,Female,Jewelry,Accessories,32,Kentucky,S,Brown,Spring,3.5,No,Standard,No,No,41,Venmo,Annually,0,0,0,1,Millennial-Late (35-44),0.0,37.9,Potential,0,0,0,32,Growth Potential
2896,56,Female,Hoodie,Clothing,86,Montana,L,Green,Summer,4.6,No,Standard,No,No,29,Bank Transfer,Monthly,0,0,0,12,Boomer-Early (55-64),0.0,57.12,Loyalists,1,1,1,1032,Stable Loyalists
2897,30,Female,Blouse,Clothing,91,Delaware,M,Silver,Summer,3.3,No,Free Shipping,No,No,2,Venmo,Every 3 Months,0,0,0,4,Millennial-Early (25-34),0.0,33.35,Potential,0,0,0,364,Growth Potential
2898,43,Female,Jacket,Outerwear,59,Montana,L,Violet,Fall,2.5,No,Free Shipping,No,No,2,Cash,Fortnightly,0,0,0,26,Millennial-Late (35-44),0.0,30.13,At-Risk,0,0,0,1534,At-Risk / Dormant
2899,23,Female,Sneakers,Footwear,33,New Jersey,XL,Peach,Summer,4.6,No,Express,No,No,29,Credit Card,Annually,0,0,0,1,Gen Z (18-24),0.0,28.54,At-Risk,1,0,0,33,At-Risk / Dormant
2900,50,Female,Boots,Footwear,64,Nebraska,M,Gold,Spring,4.2,No,2-Day Shipping,No,No,22,Bank Transfer,Fortnightly,0,0,0,26,Gen X (45-54),0.0,48.65,Loyalists,1,0,1,1664,Stable Loyalists
2901,41,Female,Blouse,Clothing,67,Maryland,XL,Violet,Winter,4.0,No,Standard,No,No,23,Cash,Bi-Weekly,0,0,0,26,Millennial-Late (35-44),0.0,50.78,Loyalists,1,0,1,1742,Stable Loyalists
2902,41,Female,Blouse,Clothing,43,Alabama,L,Olive,Winter,2.6,No,Free Shipping,No,No,46,Credit Card,Quarterly,0,0,0,4,Millennial-Late (35-44),0.0,48.27,Loyalists,0,0,0,172,Stable Loyalists
2903,27,Female,Boots,Footwear,32,North Carolina,S,Orange,Spring,4.6,No,Standard,No,No,19,PayPal,Bi-Weekly,0,0,0,26,Millennial-Early (25-34),0.0,32.2,At-Risk,1,0,0,832,At-Risk / Dormant
2904,38,Female,Scarf,Accessories,39,Delaware,S,Teal,Spring,3.5,No,2-Day Shipping,No,No,24,Credit Card,Every 3 Months,0,0,0,4,Millennial-Late (35-44),0.0,28.56,At-Risk,0,0,0,156,At-Risk / Dormant
2905,41,Female,Sandals,Footwear,41,Iowa,M,Gray,Spring,4.0,No,2-Day Shipping,No,No,43,Venmo,Monthly,0,0,0,12,Millennial-Late (35-44),0.0,48.87,Loyalists,1,1,1,492,Stable Loyalists
2906,58,Female,Sunglasses,Accessories,53,New York,L,Black,Winter,4.8,No,Standard,No,No,14,Debit Card,Fortnightly,0,0,0,26,Boomer-Early (55-64),0.0,37.3,Potential,1,0,0,1378,Growth Potential
2907,58,Female,Coat,Outerwear,27,Virginia,M,Indigo,Spring,3.9,No,Standard,No,No,7,Venmo,Annually,0,0,0,1,Boomer-Early (55-64),0.0,7.96,At-Risk,0,0,0,27,At-Risk / Dormant
2908,19,Female,Sunglasses,Accessories,82,Maryland,XL,Lavender,Summer,3.7,No,Next Day Air,No,No,50,PayPal,Bi-Weekly,0,0,0,26,Gen Z (18-24),0.0,79.38,Champions,0,1,0,2132,Organic Champions
2909,43,Female,Blouse,Clothing,87,Texas,M,Beige,Winter,3.1,No,Store Pickup,No,No,15,Debit Card,Every 3 Months,0,0,0,4,Millennial-Late (35-44),0.0,42.21,Potential,0,0,0,348,Growth Potential
2910,27,Female,Backpack,Accessories,78,Louisiana,M,Indigo,Winter,3.0,No,Next Day Air,No,No,40,Credit Card,Every 3 Months,0,0,0,4,Millennial-Early (25-34),0.0,58.68,Champions,0,0,0,312,Organic Champions
2911,32,Female,Belt,Accessories,32,Mississippi,M,Blue,Summer,2.9,No,Store Pickup,No,No,41,Credit Card,Monthly,0,0,0,12,Millennial-Early (25-34),0.0,43.3,Potential,0,1,0,384,Growth Potential
2912,28,Female,Socks,Clothing,38,Ohio,XL,Orange,Fall,2.9,No,Next Day Air,No,No,34,Venmo,Quarterly,0,0,0,4,Millennial-Early (25-34),0.0,36.28,Potential,0,0,0,152,Growth Potential
2913,48,Female,Shoes,Footwear,37,Oregon,M,Yellow,Winter,4.0,No,Standard,No,No,27,Cash,Bi-Weekly,0,0,0,26,Gen X (45-54),0.0,40.92,Potential,1,1,0,962,Growth Potential
2914,43,Female,Coat,Outerwear,83,Wyoming,L,Cyan,Winter,3.5,No,Express,No,No,12,Cash,Every 3 Months,0,0,0,4,Millennial-Late (35-44),0.0,38.01,Potential,0,0,0,332,Growth Potential
2915,45,Female,Sweater,Clothing,72,Pennsylvania,M,Yellow,Fall,3.8,No,Express,No,No,1,Debit Card,Bi-Weekly,0,0,0,26,Gen X (45-54),0.0,35.0,Potential,0,0,0,1872,Growth Potential
2916,26,Female,Shirt,Clothing,30,Oregon,M,Cyan,Fall,4.5,No,Express,No,No,39,Debit Card,Bi-Weekly,0,0,0,26,Millennial-Early (25-34),0.0,47.65,Loyalists,1,1,1,780,Stable Loyalists
2917,62,Female,Shorts,Clothing,66,Oklahoma,M,Green,Winter,2.7,No,Express,No,No,13,Credit Card,Bi-Weekly,0,0,0,26,Boomer-Early (55-64),0.0,42.18,Potential,0,0,0,1716,Growth Potential
2918,58,Female,Shirt,Clothing,45,Colorado,XL,White,Winter,2.9,No,Store Pickup,No,No,50,Venmo,Annually,0,0,0,1,Boomer-Early (55-64),0.0,50.94,Loyalists,0,0,0,45,Stable Loyalists
2919,19,Female,Sunglasses,Accessories,73,New York,S,Black,Fall,4.9,No,Free Shipping,No,No,36,Cash,Weekly,0,0,0,52,Gen Z (18-24),0.0,76.76,Champions,1,1,1,3796,Organic Champions
2920,64,Female,Shoes,Footwear,67,Minnesota,L,Charcoal,Winter,3.8,No,Standard,No,No,31,Debit Card,Monthly,0,0,0,12,Boomer-Early (55-64),0.0,50.44,Loyalists,0,1,0,804,Stable Loyalists
2921,33,Female,Sunglasses,Accessories,72,Texas,XL,Brown,Spring,4.9,No,Free Shipping,No,No,3,Debit Card,Bi-Weekly,0,0,0,26,Millennial-Early (25-34),0.0,36.64,Potential,1,0,0,1872,Growth Potential
2922,20,Female,Handbag,Accessories,24,Wisconsin,M,Cyan,Fall,4.6,No,Standard,No,No,11,Cash,Fortnightly,0,0,0,26,Gen Z (18-24),0.0,22.17,At-Risk,1,0,0,624,At-Risk / Dormant
2923,45,Female,Sunglasses,Accessories,68,Kentucky,L,Beige,Winter,3.5,No,Express,No,No,16,PayPal,Quarterly,0,0,0,4,Gen X (45-54),0.0,34.72,Potential,0,0,0,272,Growth Potential
2924,28,Female,Shirt,Clothing,70,Pennsylvania,M,Magenta,Spring,4.2,No,2-Day Shipping,No,No,12,Cash,Quarterly,0,0,0,4,Millennial-Early (25-34),0.0,32.33,At-Risk,1,0,0,280,At-Risk / Dormant
2925,47,Female,Shirt,Clothing,64,Rhode Island,L,Indigo,Winter,3.7,No,Free Shipping,No,No,37,Debit Card,Every 3 Months,0,0,0,4,Gen X (45-54),0.0,50.11,Loyalists,0,0,0,256,Stable Loyalists
2926,54,Female,Sweater,Clothing,91,Illinois,M,Maroon,Spring,2.8,No,Store Pickup,No,No,43,Credit Card,Every 3 Months,0,0,0,4,Gen X (45-54),0.0,66.82,Champions,0,0,0,364,Organic Champions
2927,64,Female,Handbag,Accessories,82,Maryland,M,Gray,Winter,4.8,No,2-Day Shipping,No,No,9,Cash,Weekly,0,0,0,52,Boomer-Early (55-64),0.0,58.66,Champions,1,0,1,4264,Organic Champions
2928,45,Female,Shirt,Clothing,24,Missouri,M,Black,Summer,2.7,No,Express,No,No,15,Venmo,Bi-Weekly,0,0,0,26,Gen X (45-54),0.0,25.43,At-Risk,0,0,0,624,At-Risk / Dormant
2929,40,Female,Jewelry,Accessories,80,Alabama,L,Yellow,Spring,3.6,No,Store Pickup,No,No,17,Credit Card,Weekly,0,0,0,52,Millennial-Late (35-44),0.0,64.31,Champions,0,0,0,4160,Organic Champions
2930,31,Female,Socks,Clothing,53,Maine,XL,White,Winter,4.5,No,Next Day Air,No,No,42,Venmo,Fortnightly,0,0,0,26,Millennial-Early (25-34),0.0,60.16,Champions,1,1,1,1378,Organic Champions
2931,38,Female,T-shirt,Clothing,50,Mississippi,M,Orange,Spring,4.0,No,Free Shipping,No,No,14,Venmo,Monthly,0,0,0,12,Millennial-Late (35-44),0.0,29.13,At-Risk,1,0,0,600,At-Risk / Dormant
2932,36,Female,Jewelry,Accessories,31,Alabama,M,Magenta,Fall,4.5,No,2-Day Shipping,No,No,49,Credit Card,Bi-Weekly,0,0,0,26,Millennial-Late (35-44),0.0,56.25,Loyalists,1,1,1,806,Stable Loyalists
2933,65,Female,Backpack,Accessories,88,Alaska,L,Black,Spring,3.9,No,Express,No,No,3,PayPal,Quarterly,0,0,0,4,Boomer+ (65+),0.0,32.85,At-Risk,0,0,0,352,At-Risk / Dormant
2934,27,Female,Hat,Accessories,52,Illinois,M,Brown,Summer,3.8,No,Standard,No,No,28,Venmo,Monthly,0,0,0,12,Millennial-Early (25-34),0.0,41.43,Potential,0,1,0,624,Growth Potential
2935,38,Female,Gloves,Accessories,22,Idaho,M,Orange,Fall,4.7,No,Next Day Air,No,No,41,Bank Transfer,Quarterly,0,0,0,4,Millennial-Late (35-44),0.0,35.0,Potential,1,0,0,88,Growth Potential
2936,58,Female,Sneakers,Footwear,27,North Carolina,XL,Gray,Spring,4.6,No,Standard,No,No,11,Venmo,Weekly,0,0,0,52,Boomer-Early (55-64),0.0,36.23,Potential,1,0,0,1404,Growth Potential
2937,31,Female,Skirt,Clothing,34,Washington,M,White,Spring,3.6,No,Express,No,No,46,PayPal,Weekly,0,0,0,52,Millennial-Early (25-34),0.0,67.86,Champions,0,1,0,1768,Organic Champions
2938,28,Female,Handbag,Accessories,39,West Virginia,M,White,Spring,4.3,No,2-Day Shipping,No,No,15,Credit Card,Weekly,0,0,0,52,Millennial-Early (25-34),0.0,44.74,Loyalists,1,0,1,2028,Stable Loyalists
2939,28,Female,Sunglasses,Accessories,53,Maine,M,Violet,Fall,3.0,No,Standard,No,No,15,Cash,Monthly,0,0,0,12,Millennial-Early (25-34),0.0,31.26,At-Risk,0,0,0,636,At-Risk / Dormant
2940,32,Female,Sweater,Clothing,46,Kentucky,M,Beige,Winter,4.3,No,Express,No,No,34,Venmo,Weekly,0,0,0,52,Millennial-Early (25-34),0.0,63.31,Champions,1,1,1,2392,Organic Champions
2941,61,Female,Handbag,Accessories,85,Massachusetts,L,Beige,Summer,4.8,No,Next Day Air,No,No,13,Cash,Monthly,0,0,0,12,Boomer-Early (55-64),0.0,43.63,Potential,1,0,0,1020,Growth Potential
2942,38,Female,Skirt,Clothing,86,Pennsylvania,L,Purple,Spring,3.7,No,Free Shipping,No,No,27,PayPal,Monthly,0,0,0,12,Millennial-Late (35-44),0.0,55.49,Loyalists,0,1,0,1032,Stable Loyalists
2943,54,Female,Socks,Clothing,63,Hawaii,M,Brown,Summer,2.6,No,Free Shipping,No,No,37,Bank Transfer,Weekly,0,0,0,52,Gen X (45-54),0.0,73.2,Champions,0,1,0,3276,Organic Champions
2944,29,Female,Shirt,Clothing,44,Virginia,M,Orange,Spring,3.4,No,Standard,No,No,37,Credit Card,Monthly,0,0,0,12,Millennial-Early (25-34),0.0,45.28,Loyalists,0,1,0,528,Stable Loyalists
2945,50,Female,Sneakers,Footwear,95,New York,XL,Cyan,Summer,3.9,No,Free Shipping,No,No,4,Venmo,Every 3 Months,0,0,0,4,Gen X (45-54),0.0,36.73,Potential,0,0,0,380,Growth Potential
2946,32,Female,Belt,Accessories,49,Delaware,M,Charcoal,Summer,4.8,No,Free Shipping,No,No,1,Credit Card,Every 3 Months,0,0,0,4,Millennial-Early (25-34),0.0,14.16,At-Risk,1,0,0,196,At-Risk / Dormant
2947,38,Female,Pants,Clothing,77,Hawaii,L,Purple,Spring,2.8,No,Free Shipping,No,No,29,Bank Transfer,Quarterly,0,0,0,4,Millennial-Late (35-44),0.0,49.27,Loyalists,0,0,0,308,Stable Loyalists
2948,52,Female,Jewelry,Accessories,63,Nebraska,L,Peach,Spring,4.4,No,Standard,No,No,50,Venmo,Annually,0,0,0,1,Gen X (45-54),0.0,58.81,Champions,1,0,1,63,Organic Champions
2949,61,Female,Pants,Clothing,83,Vermont,M,Violet,Winter,3.1,No,Standard,No,No,38,Debit Card,Bi-Weekly,0,0,0,26,Boomer-Early (55-64),0.0,70.02,Champions,0,1,0,2158,Organic Champions
2950,25,Female,Jewelry,Accessories,93,Iowa,M,Peach,Spring,3.8,No,Store Pickup,No,No,15,PayPal,Annually,0,0,0,1,Millennial-Early (25-34),0.0,43.37,Potential,0,0,0,93,Growth Potential
2951,22,Female,Jeans,Clothing,91,Iowa,S,Maroon,Winter,4.1,No,2-Day Shipping,No,No,44,Debit Card,Every 3 Months,0,0,0,4,Gen Z (18-24),0.0,67.64,Champions,1,0,1,364,Organic Champions
2952,47,Female,Scarf,Accessories,99,Arkansas,L,Maroon,Fall,4.6,No,Free Shipping,No,No,14,Cash,Weekly,0,0,0,52,Gen X (45-54),0.0,70.17,Champions,1,0,1,5148,Organic Champions
2953,50,Female,Belt,Accessories,24,Alabama,M,Peach,Spring,4.9,No,Next Day Air,No,No,5,Debit Card,Monthly,0,0,0,12,Gen X (45-54),0.0,10.41,At-Risk,1,0,0,288,At-Risk / Dormant
2954,45,Female,Dress,Clothing,82,Maryland,M,Silver,Summer,4.8,No,Next Day Air,No,No,11,Credit Card,Annually,0,0,0,1,Gen X (45-54),0.0,35.29,Potential,1,0,0,82,Growth Potential
2955,33,Female,T-shirt,Clothing,28,South Dakota,M,Indigo,Winter,3.9,No,Express,No,No,15,Credit Card,Annually,0,0,0,1,Millennial-Early (25-34),0.0,14.93,At-Risk,0,0,0,28,At-Risk / Dormant
2956,42,Female,Boots,Footwear,67,Vermont,M,Silver,Winter,2.6,No,Free Shipping,No,No,46,Credit Card,Annually,0,0,0,1,Millennial-Late (35-44),0.0,57.3,Loyalists,0,0,0,67,Stable Loyalists
2957,52,Female,Dress,Clothing,88,Montana,M,Olive,Fall,3.7,No,Standard,No,No,30,Venmo,Monthly,0,0,0,12,Gen X (45-54),0.0,58.82,Champions,0,1,0,1056,Organic Champions
2958,69,Female,Jewelry,Accessories,70,South Dakota,S,Gray,Fall,4.7,No,Standard,No,No,2,Cash,Annually,0,0,0,1,Boomer+ (65+),0.0,22.69,At-Risk,1,0,0,70,At-Risk / Dormant
2959,55,Female,Skirt,Clothing,100,Ohio,M,Black,Summer,4.5,No,Standard,No,No,28,PayPal,Monthly,0,0,0,12,Boomer-Early (55-64),0.0,62.43,Champions,1,1,1,1200,Organic Champions
2960,38,Female,Handbag,Accessories,28,Texas,L,Maroon,Summer,4.7,No,Free Shipping,No,No,9,PayPal,Quarterly,0,0,0,4,Millennial-Late (35-44),0.0,11.5,At-Risk,1,0,0,112,At-Risk / Dormant
2961,57,Female,Coat,Outerwear,48,Indiana,S,Olive,Spring,3.6,No,Standard,No,No,47,Credit Card,Weekly,0,0,0,52,Boomer-Early (55-64),0.0,74.8,Champions,0,1,0,2496,Organic Champions
2962,33,Female,Hoodie,Clothing,43,New Hampshire,S,Gold,Fall,2.8,No,Free Shipping,No,No,21,Debit Card,Bi-Weekly,0,0,0,26,Millennial-Early (25-34),0.0,38.64,Potential,0,0,0,1118,Growth Potential
2963,57,Female,Pants,Clothing,40,California,L,Pink,Fall,4.0,No,Express,No,No,42,Credit Card,Every 3 Months,0,0,0,4,Boomer-Early (55-64),0.0,43.69,Potential,1,0,0,160,Growth Potential
2964,52,Female,Boots,Footwear,97,Maine,M,Brown,Spring,3.6,No,Free Shipping,No,No,28,Credit Card,Weekly,0,0,0,52,Gen X (45-54),0.0,80.73,Champions,0,1,0,5044,Organic Champions
2965,44,Female,Coat,Outerwear,25,Ohio,S,White,Fall,3.8,No,2-Day Shipping,No,No,13,Venmo,Fortnightly,0,0,0,26,Millennial-Late (35-44),0.0,24.24,At-Risk,0,0,0,650,At-Risk / Dormant
2966,48,Female,Scarf,Accessories,45,Delaware,M,Blue,Summer,4.4,No,Standard,No,No,25,PayPal,Fortnightly,0,0,0,26,Gen X (45-54),0.0,42.78,Potential,1,1,0,1170,Growth Potential
2967,52,Female,Boots,Footwear,49,Oklahoma,L,Orange,Fall,2.8,No,Store Pickup,No,No,38,Debit Card,Every 3 Months,0,0,0,4,Gen X (45-54),0.0,44.36,Potential,0,0,0,196,Growth Potential
2968,34,Female,Sneakers,Footwear,36,Indiana,L,Silver,Summer,3.4,No,Free Shipping,No,No,40,Venmo,Annually,0,0,0,1,Millennial-Early (25-34),0.0,38.84,Potential,0,0,0,36,Growth Potential
2969,26,Female,Sweater,Clothing,48,South Carolina,S,Gray,Fall,4.9,No,Express,No,No,25,Cash,Every 3 Months,0,0,0,4,Millennial-Early (25-34),0.0,33.31,Potential,1,0,0,192,Growth Potential
2970,36,Female,Belt,Accessories,62,Vermont,S,Blue,Fall,4.3,No,Next Day Air,No,No,20,Cash,Every 3 Months,0,0,0,4,Millennial-Late (35-44),0.0,35.36,Potential,1,0,0,248,Growth Potential
2971,24,Female,Jewelry,Accessories,74,Kansas,M,White,Winter,3.4,No,Free Shipping,No,No,44,Credit Card,Bi-Weekly,0,0,0,26,Gen Z (18-24),0.0,70.98,Champions,0,1,0,1924,Organic Champions
2972,30,Female,Handbag,Accessories,100,Utah,L,Yellow,Fall,3.9,No,Next Day Air,No,No,9,PayPal,Every 3 Months,0,0,0,4,Millennial-Early (25-34),0.0,43.0,Potential,0,0,0,400,Growth Potential
2973,31,Female,Jacket,Outerwear,39,New York,S,Indigo,Fall,4.2,No,Free Shipping,No,No,11,Venmo,Every 3 Months,0,0,0,4,Millennial-Early (25-34),0.0,17.95,At-Risk,1,0,0,156,At-Risk / Dormant
2974,25,Female,Boots,Footwear,65,Indiana,M,Blue,Summer,2.7,No,Store Pickup,No,No,3,Bank Transfer,Fortnightly,0,0,0,26,Millennial-Early (25-34),0.0,33.58,Potential,0,0,0,1690,Growth Potential
2975,57,Female,Sneakers,Footwear,99,Tennessee,XL,Peach,Summer,4.1,No,Store Pickup,No,No,34,Credit Card,Weekly,0,0,0,52,Boomer-Early (55-64),0.0,86.5,Champions,1,1,1,5148,Organic Champions
2976,61,Female,Scarf,Accessories,68,Georgia,XL,Lavender,Winter,4.5,No,2-Day Shipping,No,No,48,Cash,Every 3 Months,0,0,0,4,Boomer-Early (55-64),0.0,60.84,Champions,1,0,1,272,Organic Champions
2977,30,Female,Coat,Outerwear,97,Nebraska,M,Silver,Summer,2.8,No,Express,No,No,28,Cash,Fortnightly,0,0,0,26,Millennial-Early (25-34),0.0,67.98,Champions,0,1,0,2522,Organic Champions
2978,38,Female,Shorts,Clothing,47,Washington,L,Gold,Winter,3.4,No,Standard,No,No,20,Venmo,Annually,0,0,0,1,Millennial-Late (35-44),0.0,27.32,At-Risk,0,0,0,47,At-Risk / Dormant
2979,53,Female,Shorts,Clothing,56,Idaho,S,Cyan,Spring,3.9,No,Free Shipping,No,No,49,Bank Transfer,Fortnightly,0,0,0,26,Gen X (45-54),0.0,67.19,Champions,0,1,0,1456,Organic Champions
2980,31,Female,Jeans,Clothing,91,Louisiana,L,Olive,Fall,2.6,No,Next Day Air,No,No,14,PayPal,Weekly,0,0,0,52,Millennial-Early (25-34),0.0,66.67,Champions,0,0,0,4732,Organic Champions
2981,70,Female,Gloves,Accessories,93,New Jersey,L,Teal,Fall,4.4,No,2-Day Shipping,No,No,9,Bank Transfer,Monthly,0,0,0,12,Boomer+ (65+),0.0,43.86,Potential,1,0,0,1116,Growth Potential
2982,21,Female,Pants,Clothing,36,Delaware,L,Pink,Winter,4.9,No,Standard,No,No,37,Venmo,Annually,0,0,0,1,Gen Z (18-24),0.0,36.39,Potential,1,0,0,36,Growth Potential
2983,33,Female,Dress,Clothing,45,Wisconsin,M,Orange,Summer,3.6,No,Store Pickup,No,No,4,Credit Card,Weekly,0,0,0,52,Millennial-Early (25-34),0.0,38.39,Potential,0,0,0,2340,Growth Potential
2984,60,Female,Pants,Clothing,44,West Virginia,M,Charcoal,Winter,2.8,No,2-Day Shipping,No,No,1,Credit Card,Quarterly,0,0,0,4,Boomer-Early (55-64),0.0,11.97,At-Risk,0,0,0,176,At-Risk / Dormant
2985,45,Female,Gloves,Accessories,32,Texas,L,Red,Spring,4.3,No,2-Day Shipping,No,No,36,Debit Card,Bi-Weekly,0,0,0,26,Gen X (45-54),0.0,46.08,Loyalists,1,1,1,832,Stable Loyalists
2986,46,Female,Belt,Accessories,36,Hawaii,S,Teal,Summer,3.0,No,Express,No,No,21,Cash,Bi-Weekly,0,0,0,26,Gen X (45-54),0.0,35.58,Potential,0,0,0,936,Growth Potential
2987,62,Female,Belt,Accessories,85,Arizona,S,Silver,Summer,3.3,No,2-Day Shipping,No,No,16,Credit Card,Monthly,0,0,0,12,Boomer-Early (55-64),0.0,46.07,Loyalists,0,0,0,1020,Stable Loyalists
2988,63,Female,Skirt,Clothing,36,Louisiana,L,Black,Winter,2.5,No,Store Pickup,No,No,42,Cash,Monthly,0,0,0,12,Boomer-Early (55-64),0.0,45.86,Loyalists,0,1,0,432,Stable Loyalists
2989,69,Female,Socks,Clothing,55,Nevada,S,Pink,Spring,5.0,No,2-Day Shipping,No,No,31,Debit Card,Monthly,0,0,0,12,Boomer+ (65+),0.0,45.19,Loyalists,1,1,1,660,Stable Loyalists
2990,46,Female,Belt,Accessories,20,Rhode Island,XL,Teal,Summer,4.3,No,2-Day Shipping,No,No,6,Credit Card,Weekly,0,0,0,52,Gen X (45-54),0.0,29.08,At-Risk,1,0,0,1040,At-Risk / Dormant
2991,69,Female,Shirt,Clothing,91,Illinois,M,Teal,Fall,4.2,No,Free Shipping,No,No,24,Venmo,Monthly,0,0,0,12,Boomer+ (65+),0.0,55.23,Loyalists,1,0,1,1092,Stable Loyalists
2992,66,Female,Dress,Clothing,71,Utah,L,Green,Summer,3.9,No,Standard,No,No,7,PayPal,Bi-Weekly,0,0,0,26,Boomer+ (65+),0.0,39.47,Potential,0,0,0,1846,Growth Potential
2993,41,Female,Socks,Clothing,64,North Dakota,M,Charcoal,Spring,3.9,No,Store Pickup,No,No,25,Venmo,Weekly,0,0,0,52,Millennial-Late (35-44),0.0,63.84,Champions,0,1,0,3328,Organic Champions
2994,32,Female,Jacket,Outerwear,21,Kansas,L,Indigo,Spring,4.2,No,Free Shipping,No,No,18,Cash,Bi-Weekly,0,0,0,26,Millennial-Early (25-34),0.0,26.57,At-Risk,1,0,0,546,At-Risk / Dormant
2995,69,Female,Sweater,Clothing,100,Nevada,S,White,Winter,3.5,No,Store Pickup,No,No,14,Bank Transfer,Quarterly,0,0,0,4,Boomer+ (65+),0.0,47.08,Loyalists,0,0,0,400,Stable Loyalists
2996,29,Female,Jeans,Clothing,96,Virginia,M,Orange,Summer,2.5,No,Standard,No,No,42,Debit Card,Bi-Weekly,0,0,0,26,Millennial-Early (25-34),0.0,78.97,Champions,0,1,0,2496,Organic Champions
2997,70,Female,Jewelry,Accessories,91,Utah,M,White,Spring,2.9,No,Express,No,No,6,Venmo,Every 3 Months,0,0,0,4,Boomer+ (65+),0.0,36.61,Potential,0,0,0,364,Growth Potential
2998,41,Female,Sweater,Clothing,40,Idaho,S,Yellow,Spring,2.7,No,Next Day Air,No,No,14,Venmo,Every 3 Months,0,0,0,4,Millennial-Late (35-44),0.0,20.83,At-Risk,0,0,0,160,At-Risk / Dormant
2999,31,Female,Hoodie,Clothing,53,Alaska,M,Red,Summer,4.7,No,Express,No,No,30,Debit Card,Quarterly,0,0,0,4,Millennial-Early (25-34),0.0,39.58,Potential,1,0,0,212,Growth Potential
3000,31,Female,Sunglasses,Accessories,48,New Hampshire,S,Charcoal,Winter,3.8,No,Standard,No,No,10,Cash,Monthly,0,0,0,12,Millennial-Early (25-34),0.0,24.99,At-Risk,0,0,0,576,At-Risk / Dormant
3001,57,Female,Sandals,Footwear,70,Ohio,M,Lavender,Winter,3.7,No,Express,No,No,7,PayPal,Weekly,0,0,0,52,Boomer-Early (55-64),0.0,51.77,Loyalists,0,0,0,3640,Stable Loyalists
3002,29,Female,Coat,Outerwear,29,Montana,L,Charcoal,Summer,4.7,No,Express,No,No,28,Credit Card,Quarterly,0,0,0,4,Millennial-Early (25-34),0.0,27.45,At-Risk,1,0,0,116,At-Risk / Dormant
3003,70,Female,Belt,Accessories,29,Louisiana,M,Maroon,Fall,3.6,No,Next Day Air,No,No,19,Bank Transfer,Quarterly,0,0,0,4,Boomer+ (65+),0.0,20.1,At-Risk,0,0,0,116,At-Risk / Dormant
3004,51,Female,Blouse,Clothing,53,Oregon,M,Brown,Fall,2.8,No,Express,No,No,13,Credit Card,Every 3 Months,0,0,0,4,Gen X (45-54),0.0,25.7,At-Risk,0,0,0,212,At-Risk / Dormant
3005,45,Female,Skirt,Clothing,79,Arizona,M,Lavender,Winter,3.7,No,Store Pickup,No,No,23,Venmo,Fortnightly,0,0,0,26,Gen X (45-54),0.0,56.03,Loyalists,0,0,0,2054,Stable Loyalists
3006,18,Female,Shorts,Clothing,65,Alaska,XL,Brown,Spring,3.5,No,Express,No,No,5,Venmo,Weekly,0,0,0,52,Gen Z (18-24),0.0,47.95,Loyalists,0,0,0,3380,Stable Loyalists
3007,37,Female,Dress,Clothing,99,Utah,M,Olive,Summer,3.7,No,Store Pickup,No,No,17,Venmo,Bi-Weekly,0,0,0,26,Millennial-Late (35-44),0.0,59.88,Champions,0,0,0,2574,Organic Champions
3008,23,Female,Sunglasses,Accessories,60,New York,L,Lavender,Winter,3.0,No,Next Day Air,No,No,31,Venmo,Weekly,0,0,0,52,Gen Z (18-24),0.0,66.99,Champions,0,1,0,3120,Organic Champions
3009,39,Female,Shoes,Footwear,86,New Mexico,M,Gold,Winter,4.9,No,Free Shipping,No,No,19,PayPal,Weekly,0,0,0,52,Millennial-Late (35-44),0.0,68.57,Champions,1,0,1,4472,Organic Champions
3010,62,Female,Belt,Accessories,73,Louisiana,M,Silver,Winter,4.6,No,Free Shipping,No,No,8,Venmo,Fortnightly,0,0,0,26,Boomer-Early (55-64),0.0,41.16,Potential,1,0,0,1898,Growth Potential
3011,70,Female,Belt,Accessories,45,Ohio,M,Violet,Winter,3.3,No,Free Shipping,No,No,15,Credit Card,Annually,0,0,0,1,Boomer+ (65+),0.0,22.37,At-Risk,0,0,0,45,At-Risk / Dormant
3012,20,Female,Belt,Accessories,70,Nevada,S,Brown,Summer,3.0,No,Next Day Air,No,No,18,Credit Card,Every 3 Months,0,0,0,4,Gen Z (18-24),0.0,37.22,Potential,0,0,0,280,Growth Potential
3013,42,Female,Belt,Accessories,65,Idaho,M,Teal,Fall,3.5,No,Standard,No,No,16,PayPal,Annually,0,0,0,1,Millennial-Late (35-44),0.0,31.93,At-Risk,0,0,0,65,At-Risk / Dormant
3014,41,Female,Skirt,Clothing,55,Arizona,L,Peach,Summer,4.2,No,Store Pickup,No,No,13,Cash,Monthly,0,0,0,12,Millennial-Late (35-44),0.0,30.5,At-Risk,1,0,0,660,At-Risk / Dormant
3015,24,Female,T-shirt,Clothing,65,Utah,M,Maroon,Spring,4.5,No,Express,No,No,38,PayPal,Every 3 Months,0,0,0,4,Gen Z (18-24),0.0,51.36,Loyalists,1,0,1,260,Stable Loyalists
3016,37,Female,Scarf,Accessories,21,Wyoming,XL,Lavender,Spring,2.8,No,Express,No,No,27,Bank Transfer,Bi-Weekly,0,0,0,26,Millennial-Late (35-44),0.0,33.92,Potential,0,1,0,546,Growth Potential
3017,30,Female,Blouse,Clothing,26,Indiana,L,Lavender,Summer,4.9,No,Store Pickup,No,No,31,Bank Transfer,Quarterly,0,0,0,4,Millennial-Early (25-34),0.0,28.59,At-Risk,1,0,0,104,At-Risk / Dormant
3018,58,Female,Sunglasses,Accessories,71,Wisconsin,S,Purple,Summer,3.3,No,Next Day Air,No,No,24,Cash,Bi-Weekly,0,0,0,26,Boomer-Early (55-64),0.0,53.34,Loyalists,0,0,0,1846,Stable Loyalists
3019,43,Female,Boots,Footwear,41,Texas,M,Green,Summer,3.0,No,Free Shipping,No,No,21,Debit Card,Bi-Weekly,0,0,0,26,Millennial-Late (35-44),0.0,37.77,Potential,0,0,0,1066,Growth Potential
3020,19,Female,Jacket,Outerwear,44,Utah,M,Yellow,Winter,3.9,No,2-Day Shipping,No,No,15,PayPal,Annually,0,0,0,1,Gen Z (18-24),0.0,21.93,At-Risk,0,0,0,44,At-Risk / Dormant
3021,23,Female,Jeans,Clothing,81,Arkansas,S,Charcoal,Fall,2.8,No,Store Pickup,No,No,48,Venmo,Every 3 Months,0,0,0,4,Gen Z (18-24),0.0,66.53,Champions,0,0,0,324,Organic Champions
3022,65,Female,Sunglasses,Accessories,77,Pennsylvania,S,Blue,Summer,4.5,No,2-Day Shipping,No,No,47,Cash,Quarterly,0,0,0,4,Boomer+ (65+),0.0,63.96,Champions,1,0,1,308,Organic Champions
3023,58,Female,Sandals,Footwear,26,Georgia,M,Lavender,Fall,4.0,No,Free Shipping,No,No,23,PayPal,Weekly,0,0,0,52,Boomer-Early (55-64),0.0,45.58,Loyalists,1,0,1,1352,Stable Loyalists
3024,50,Female,Backpack,Accessories,31,Indiana,M,Brown,Summer,2.9,No,Express,No,No,4,PayPal,Quarterly,0,0,0,4,Gen X (45-54),0.0,8.73,At-Risk,0,0,0,124,At-Risk / Dormant
3025,67,Female,Blouse,Clothing,82,Idaho,S,White,Spring,4.0,No,Free Shipping,No,No,47,Credit Card,Every 3 Months,0,0,0,4,Boomer+ (65+),0.0,66.15,Champions,1,0,1,328,Organic Champions
3026,40,Female,Shoes,Footwear,60,Montana,XL,Green,Summer,3.4,No,Store Pickup,No,No,7,PayPal,Monthly,0,0,0,12,Millennial-Late (35-44),0.0,27.79,At-Risk,0,0,0,720,At-Risk / Dormant
3027,55,Female,Shirt,Clothing,70,Tennessee,L,Magenta,Fall,2.5,No,Free Shipping,No,No,6,Credit Card,Annually,0,0,0,1,Boomer-Early (55-64),0.0,25.96,At-Risk,0,0,0,70,At-Risk / Dormant
3028,52,Female,Hoodie,Clothing,26,West Virginia,XL,Peach,Winter,2.8,No,2-Day Shipping,No,No,47,Credit Card,Quarterly,0,0,0,4,Gen X (45-54),0.0,41.65,Potential,0,0,0,104,Growth Potential
3029,62,Female,Dress,Clothing,100,California,L,Charcoal,Summer,3.0,No,Free Shipping,No,No,7,PayPal,Every 3 Months,0,0,0,4,Boomer-Early (55-64),0.0,41.37,Potential,0,0,0,400,Growth Potential
3030,64,Female,Dress,Clothing,82,Georgia,M,Gold,Summer,3.1,No,Free Shipping,No,No,1,Debit Card,Quarterly,0,0,0,4,Boomer-Early (55-64),0.0,28.6,At-Risk,0,0,0,328,At-Risk / Dormant
3031,43,Female,Sneakers,Footwear,24,Maryland,XL,Purple,Spring,2.6,No,2-Day Shipping,No,No,23,Credit Card,Weekly,0,0,0,52,Millennial-Late (35-44),0.0,44.71,Loyalists,0,0,0,1248,Stable Loyalists
3032,61,Female,Blouse,Clothing,74,Idaho,L,Teal,Summer,4.9,No,2-Day Shipping,No,No,30,Credit Card,Monthly,0,0,0,12,Boomer-Early (55-64),0.0,52.69,Loyalists,1,1,1,888,Stable Loyalists
3033,26,Female,Backpack,Accessories,58,California,XL,Green,Summer,3.5,No,Next Day Air,No,No,24,Credit Card,Quarterly,0,0,0,4,Millennial-Early (25-34),0.0,36.87,Potential,0,0,0,232,Growth Potential
3034,22,Female,Sweater,Clothing,56,Alabama,L,Orange,Spring,2.6,No,Store Pickup,No,No,9,PayPal,Weekly,0,0,0,52,Gen Z (18-24),0.0,47.28,Loyalists,0,0,0,2912,Stable Loyalists
3035,51,Female,Boots,Footwear,37,Utah,L,Peach,Spring,3.5,No,2-Day Shipping,No,No,25,Credit Card,Quarterly,0,0,0,4,Gen X (45-54),0.0,28.5,At-Risk,0,0,0,148,At-Risk / Dormant
3036,69,Female,Handbag,Accessories,64,Kentucky,M,Gold,Spring,4.5,No,Free Shipping,No,No,18,Cash,Bi-Weekly,0,0,0,26,Boomer+ (65+),0.0,45.38,Loyalists,1,0,1,1664,Stable Loyalists
3037,50,Female,Hoodie,Clothing,58,Vermont,S,Violet,Spring,4.3,No,Next Day Air,No,No,7,Venmo,Fortnightly,0,0,0,26,Gen X (45-54),0.0,33.78,Potential,1,0,0,1508,Growth Potential
3038,51,Female,Belt,Accessories,44,Iowa,L,Charcoal,Summer,4.8,No,Next Day Air,No,No,2,Cash,Annually,0,0,0,1,Gen X (45-54),0.0,11.32,At-Risk,1,0,0,44,At-Risk / Dormant
3039,56,Female,Jewelry,Accessories,39,Georgia,M,Brown,Summer,4.2,No,Free Shipping,No,No,36,Debit Card,Annually,0,0,0,1,Boomer-Early (55-64),0.0,36.88,Potential,1,0,0,39,Growth Potential
3040,59,Female,Blouse,Clothing,48,Alabama,L,Blue,Spring,3.2,No,Next Day Air,No,No,31,PayPal,Bi-Weekly,0,0,0,26,Boomer-Early (55-64),0.0,48.99,Loyalists,0,1,0,1248,Stable Loyalists
3041,18,Female,Handbag,Accessories,32,Nebraska,M,Gold,Fall,4.1,No,Express,No,No,10,Cash,Fortnightly,0,0,0,26,Gen Z (18-24),0.0,24.85,At-Risk,1,0,0,832,At-Risk / Dormant
3042,48,Female,Handbag,Accessories,79,Rhode Island,M,Orange,Winter,4.0,No,Express,No,No,27,PayPal,Monthly,0,0,0,12,Gen X (45-54),0.0,52.43,Loyalists,1,1,1,948,Stable Loyalists
3043,53,Female,Coat,Outerwear,27,South Dakota,L,Turquoise,Winter,2.9,No,Next Day Air,No,No,14,PayPal,Every 3 Months,0,0,0,4,Gen X (45-54),0.0,15.15,At-Risk,0,0,0,108,At-Risk / Dormant
3044,45,Female,Belt,Accessories,98,Illinois,S,Peach,Fall,2.6,No,Store Pickup,No,No,17,Credit Card,Monthly,0,0,0,12,Gen X (45-54),0.0,52.58,Loyalists,0,0,0,1176,Stable Loyalists
3045,21,Female,Boots,Footwear,67,North Carolina,M,Magenta,Winter,2.7,No,Free Shipping,No,No,10,Bank Transfer,Quarterly,0,0,0,4,Gen Z (18-24),0.0,29.38,At-Risk,0,0,0,268,At-Risk / Dormant
3046,42,Female,Socks,Clothing,37,Florida,L,Black,Winter,4.6,No,2-Day Shipping,No,No,4,PayPal,Bi-Weekly,0,0,0,26,Millennial-Late (35-44),0.0,22.14,At-Risk,1,0,0,962,At-Risk / Dormant
3047,60,Female,Shoes,Footwear,49,Pennsylvania,M,White,Spring,3.2,No,Store Pickup,No,No,25,Cash,Every 3 Months,0,0,0,4,Boomer-Early (55-64),0.0,33.75,Potential,0,0,0,196,Growth Potential
3048,21,Female,Sneakers,Footwear,74,Vermont,M,Violet,Fall,4.1,No,2-Day Shipping,No,No,3,PayPal,Bi-Weekly,0,0,0,26,Gen Z (18-24),0.0,37.51,Potential,1,0,0,1924,Growth Potential
3049,69,Female,Jewelry,Accessories,93,Colorado,M,Olive,Summer,3.9,No,Standard,No,No,47,Venmo,Fortnightly,0,0,0,26,Boomer+ (65+),0.0,81.74,Champions,0,1,0,2418,Organic Champions
3050,40,Female,Handbag,Accessories,60,Utah,L,Red,Summer,3.0,No,Next Day Air,No,No,41,Bank Transfer,Bi-Weekly,0,0,0,26,Millennial-Late (35-44),0.0,62.41,Champions,0,1,0,1560,Organic Champions
3051,31,Female,Coat,Outerwear,76,Kentucky,S,Green,Spring,3.6,No,Standard,No,No,28,Venmo,Every 3 Months,0,0,0,4,Millennial-Early (25-34),0.0,48.01,Loyalists,0,0,0,304,Stable Loyalists
3052,44,Female,Sunglasses,Accessories,64,Wyoming,L,Gold,Summer,4.6,No,Express,No,No,49,Debit Card,Every 3 Months,0,0,0,4,Millennial-Late (35-44),0.0,59.9,Champions,1,0,1,256,Organic Champions
3053,48,Female,Shoes,Footwear,38,Maine,XL,Olive,Spring,4.5,No,Store Pickup,No,No,7,Bank Transfer,Fortnightly,0,0,0,26,Gen X (45-54),0.0,25.03,At-Risk,1,0,0,988,At-Risk / Dormant
3054,32,Female,Shoes,Footwear,91,Maine,L,Brown,Winter,3.2,No,Next Day Air,No,No,22,Bank Transfer,Monthly,0,0,0,12,Millennial-Early (25-34),0.0,53.6,Loyalists,0,0,0,1092,Stable Loyalists
3055,42,Female,Boots,Footwear,70,New Hampshire,S,Magenta,Summer,4.9,No,2-Day Shipping,No,No,34,Venmo,Monthly,0,0,0,12,Millennial-Late (35-44),0.0,54.21,Loyalists,1,1,1,840,Stable Loyalists
3056,27,Female,Sandals,Footwear,22,Kansas,M,Violet,Fall,5.0,No,Standard,No,No,5,Debit Card,Bi-Weekly,0,0,0,26,Millennial-Early (25-34),0.0,16.4,At-Risk,1,0,0,572,At-Risk / Dormant
3057,69,Female,Gloves,Accessories,59,New Jersey,M,Beige,Spring,3.8,No,Standard,No,No,15,Cash,Bi-Weekly,0,0,0,26,Boomer+ (65+),0.0,40.75,Potential,0,0,0,1534,Growth Potential
3058,67,Female,Backpack,Accessories,22,North Carolina,M,Blue,Spring,3.4,No,Next Day Air,No,No,26,Bank Transfer,Weekly,0,0,0,52,Boomer+ (65+),0.0,46.28,Loyalists,0,1,0,1144,Stable Loyalists
3059,41,Female,Handbag,Accessories,74,West Virginia,S,Orange,Winter,3.8,No,Store Pickup,No,No,3,Bank Transfer,Fortnightly,0,0,0,26,Millennial-Late (35-44),0.0,37.51,Potential,0,0,0,1924,Growth Potential
3060,46,Female,Sweater,Clothing,71,Kentucky,L,Maroon,Spring,3.2,No,Express,No,No,42,Credit Card,Quarterly,0,0,0,4,Gen X (45-54),0.0,57.25,Loyalists,0,0,0,284,Stable Loyalists
3061,47,Female,Coat,Outerwear,80,California,S,Charcoal,Summer,4.7,No,Store Pickup,No,No,1,Venmo,Monthly,0,0,0,12,Gen X (45-54),0.0,31.64,At-Risk,1,0,0,960,At-Risk / Dormant
3062,33,Female,T-shirt,Clothing,59,South Dakota,L,Olive,Fall,4.5,No,Express,No,No,20,PayPal,Every 3 Months,0,0,0,4,Millennial-Early (25-34),0.0,34.04,Potential,1,0,0,236,Growth Potential
3063,51,Female,Backpack,Accessories,96,California,L,Green,Fall,3.3,No,Standard,No,No,39,PayPal,Monthly,0,0,0,12,Gen X (45-54),0.0,69.66,Champions,0,1,0,1152,Organic Champions
3064,26,Female,Sunglasses,Accessories,43,Connecticut,L,Brown,Winter,3.9,No,Store Pickup,No,No,24,Credit Card,Fortnightly,0,0,0,26,Millennial-Early (25-34),0.0,41.09,Potential,0,0,0,1118,Growth Potential
3065,22,Female,Belt,Accessories,76,Idaho,S,Cyan,Winter,3.6,No,Express,No,No,49,Bank Transfer,Quarterly,0,0,0,4,Gen Z (18-24),0.0,65.15,Champions,0,0,0,304,Organic Champions
3066,49,Female,Jacket,Outerwear,59,North Dakota,M,Beige,Fall,2.8,No,Store Pickup,No,No,7,Venmo,Bi-Weekly,0,0,0,26,Gen X (45-54),0.0,34.22,Potential,0,0,0,1534,Growth Potential
3067,58,Female,Skirt,Clothing,48,Michigan,L,Teal,Summer,4.3,No,Free Shipping,No,No,13,Venmo,Every 3 Months,0,0,0,4,Boomer-Early (55-64),0.0,23.52,At-Risk,1,0,0,192,At-Risk / Dormant
3068,70,Female,Belt,Accessories,22,Missouri,S,Gray,Spring,3.5,No,Free Shipping,No,No,2,Cash,Weekly,0,0,0,52,Boomer+ (65+),0.0,26.69,At-Risk,0,0,0,1144,At-Risk / Dormant
3069,32,Female,Boots,Footwear,40,California,M,Indigo,Winter,4.2,No,Express,No,No,4,Debit Card,Weekly,0,0,0,52,Millennial-Early (25-34),0.0,36.2,Potential,1,0,0,2080,Growth Potential
3070,62,Female,Jeans,Clothing,73,Delaware,L,Magenta,Spring,4.6,No,Express,No,No,17,Debit Card,Quarterly,0,0,0,4,Boomer-Early (55-64),0.0,37.72,Potential,1,0,0,292,Growth Potential
3071,52,Female,Shoes,Footwear,26,Alabama,XL,Red,Fall,2.6,No,Free Shipping,No,No,43,PayPal,Bi-Weekly,0,0,0,26,Gen X (45-54),0.0,49.17,Loyalists,0,1,0,676,Stable Loyalists
3072,23,Female,Sweater,Clothing,41,New Hampshire,L,Turquoise,Spring,3.4,No,Next Day Air,No,No,6,PayPal,Monthly,0,0,0,12,Gen Z (18-24),0.0,18.66,At-Risk,0,0,0,492,At-Risk / Dormant
3073,26,Female,Jewelry,Accessories,98,New York,L,Peach,Spring,3.1,No,Standard,No,No,46,PayPal,Quarterly,0,0,0,4,Millennial-Early (25-34),0.0,72.33,Champions,0,0,0,392,Organic Champions
3074,58,Female,Shirt,Clothing,63,Oregon,L,White,Winter,3.6,No,Free Shipping,No,No,7,Debit Card,Bi-Weekly,0,0,0,26,Boomer-Early (55-64),0.0,35.97,Potential,0,0,0,1638,Growth Potential
3075,26,Female,Boots,Footwear,55,Massachusetts,L,Maroon,Winter,4.2,No,Next Day Air,No,No,34,Debit Card,Fortnightly,0,0,0,26,Millennial-Early (25-34),0.0,54.51,Loyalists,1,1,1,1430,Stable Loyalists
3076,54,Female,Shorts,Clothing,90,Utah,XL,Beige,Winter,3.6,No,Standard,No,No,21,PayPal,Every 3 Months,0,0,0,4,Gen X (45-54),0.0,48.42,Loyalists,0,0,0,360,Stable Loyalists
3077,66,Female,Handbag,Accessories,46,New Hampshire,M,Blue,Summer,3.6,No,Express,No,No,13,Venmo,Bi-Weekly,0,0,0,26,Boomer+ (65+),0.0,33.43,Potential,0,0,0,1196,Growth Potential
3078,60,Female,Sweater,Clothing,88,Illinois,S,Red,Spring,3.0,No,Store Pickup,No,No,33,Debit Card,Bi-Weekly,0,0,0,26,Boomer-Early (55-64),0.0,68.13,Champions,0,1,0,2288,Organic Champions
3079,32,Female,Belt,Accessories,95,Alaska,M,Blue,Spring,2.5,No,2-Day Shipping,No,No,24,Bank Transfer,Bi-Weekly,0,0,0,26,Millennial-Early (25-34),0.0,63.84,Champions,0,0,0,2470,Organic Champions
3080,48,Female,Belt,Accessories,31,Wyoming,M,Maroon,Fall,4.0,No,Store Pickup,No,No,4,Bank Transfer,Annually,0,0,0,1,Gen X (45-54),0.0,7.26,At-Risk,1,0,0,31,At-Risk / Dormant
3081,69,Female,Hoodie,Clothing,42,Colorado,L,Yellow,Spring,4.1,No,Next Day Air,No,No,5,Cash,Bi-Weekly,0,0,0,26,Boomer+ (65+),0.0,25.15,At-Risk,1,0,0,1092,At-Risk / Dormant
3082,64,Female,Sneakers,Footwear,44,Vermont,L,Pink,Winter,4.9,No,Next Day Air,No,No,11,Credit Card,Weekly,0,0,0,52,Boomer-Early (55-64),0.0,43.66,Potential,1,0,0,2288,Growth Potential
3083,56,Female,T-shirt,Clothing,99,Utah,M,Maroon,Spring,4.0,No,Next Day Air,No,No,20,Bank Transfer,Annually,0,0,0,1,Boomer-Early (55-64),0.0,50.07,Loyalists,1,0,1,99,Stable Loyalists
3084,22,Female,Pants,Clothing,20,Illinois,S,Purple,Summer,3.5,No,Store Pickup,No,No,28,PayPal,Quarterly,0,0,0,4,Gen Z (18-24),0.0,23.51,At-Risk,0,0,0,80,At-Risk / Dormant
3085,46,Female,Scarf,Accessories,37,Idaho,S,Indigo,Spring,3.2,No,Store Pickup,No,No,43,PayPal,Monthly,0,0,0,12,Gen X (45-54),0.0,47.12,Loyalists,0,1,0,444,Stable Loyalists
3086,24,Female,Sweater,Clothing,50,Nevada,L,Gray,Winter,2.8,No,Store Pickup,No,No,10,Venmo,Every 3 Months,0,0,0,4,Gen Z (18-24),0.0,21.94,At-Risk,0,0,0,200,At-Risk / Dormant
3087,47,Female,Handbag,Accessories,73,Utah,M,Lavender,Summer,3.5,No,Next Day Air,No,No,26,Venmo,Every 3 Months,0,0,0,4,Gen X (45-54),0.0,45.07,Loyalists,0,0,0,292,Stable Loyalists
3088,62,Female,Shirt,Clothing,84,North Carolina,M,Charcoal,Spring,3.1,No,Free Shipping,No,No,29,Bank Transfer,Monthly,0,0,0,12,Boomer-Early (55-64),0.0,56.25,Loyalists,0,1,0,1008,Stable Loyalists
3089,34,Female,Dress,Clothing,64,Arkansas,M,Teal,Spring,3.3,No,Store Pickup,No,No,35,Bank Transfer,Quarterly,0,0,0,4,Millennial-Early (25-34),0.0,48.48,Loyalists,0,0,0,256,Stable Loyalists
3090,50,Female,Sandals,Footwear,21,North Carolina,L,Blue,Fall,4.6,No,Free Shipping,No,No,23,Cash,Bi-Weekly,0,0,0,26,Gen X (45-54),0.0,30.65,At-Risk,1,0,0,546,At-Risk / Dormant
3091,29,Female,Shirt,Clothing,36,Texas,M,Peach,Summer,4.9,No,Store Pickup,No,No,15,Bank Transfer,Quarterly,0,0,0,4,Millennial-Early (25-34),0.0,19.9,At-Risk,1,0,0,144,At-Risk / Dormant
3092,68,Female,Dress,Clothing,81,Nevada,L,Orange,Winter,3.4,No,2-Day Shipping,No,No,46,Credit Card,Annually,0,0,0,1,Boomer+ (65+),0.0,63.42,Champions,0,0,0,81,Organic Champions
3093,52,Female,Sunglasses,Accessories,54,Utah,L,Silver,Fall,3.5,No,Next Day Air,No,No,14,Bank Transfer,Bi-Weekly,0,0,0,26,Gen X (45-54),0.0,37.74,Potential,0,0,0,1404,Growth Potential
3094,29,Female,Socks,Clothing,63,Pennsylvania,L,Red,Summer,4.8,No,Store Pickup,No,No,17,Cash,Every 3 Months,0,0,0,4,Millennial-Early (25-34),0.0,33.34,Potential,1,0,0,252,Growth Potential
3095,22,Female,Sandals,Footwear,59,Georgia,M,Gray,Summer,2.7,No,Store Pickup,No,No,9,Cash,Weekly,0,0,0,52,Gen Z (18-24),0.0,48.59,Loyalists,0,0,0,3068,Stable Loyalists
3096,62,Female,Hat,Accessories,53,Minnesota,S,Beige,Fall,3.4,No,Standard,No,No,13,Venmo,Fortnightly,0,0,0,26,Boomer-Early (55-64),0.0,36.49,Potential,0,0,0,1378,Growth Potential
3097,69,Female,Shirt,Clothing,63,Kansas,L,White,Winter,3.5,No,Next Day Air,No,No,20,Bank Transfer,Monthly,0,0,0,12,Boomer+ (65+),0.0,39.71,Potential,0,0,0,756,Growth Potential
3098,48,Female,Shoes,Footwear,33,Delaware,M,Silver,Fall,3.7,No,Free Shipping,No,No,39,Bank Transfer,Quarterly,0,0,0,4,Gen X (45-54),0.0,38.18,Potential,0,0,0,132,Growth Potential
3099,66,Female,Pants,Clothing,64,New Mexico,L,Cyan,Summer,3.3,No,Next Day Air,No,No,50,Bank Transfer,Quarterly,0,0,0,4,Boomer+ (65+),0.0,60.72,Champions,0,0,0,256,Organic Champions
3100,42,Female,Shirt,Clothing,98,Michigan,S,Maroon,Fall,2.9,No,Free Shipping,No,No,21,Bank Transfer,Bi-Weekly,0,0,0,26,Millennial-Late (35-44),0.0,62.71,Champions,0,0,0,2548,Organic Champions
3101,50,Female,Hat,Accessories,85,Vermont,L,Purple,Winter,3.9,No,Express,No,No,3,Bank Transfer,Weekly,0,0,0,52,Gen X (45-54),0.0,55.07,Loyalists,0,0,0,4420,Stable Loyalists
3102,32,Female,Jewelry,Accessories,82,Idaho,S,Brown,Summer,2.7,No,Express,No,No,9,PayPal,Fortnightly,0,0,0,26,Millennial-Early (25-34),0.0,45.91,Loyalists,0,0,0,2132,Stable Loyalists
3103,51,Female,Jacket,Outerwear,85,South Dakota,M,Green,Summer,4.3,No,Standard,No,No,29,Cash,Bi-Weekly,0,0,0,26,Gen X (45-54),0.0,63.55,Champions,1,1,1,2210,Organic Champions
3104,27,Female,Shirt,Clothing,37,Illinois,S,Peach,Winter,3.0,No,2-Day Shipping,No,No,42,Bank Transfer,Weekly,0,0,0,52,Millennial-Early (25-34),0.0,65.91,Champions,0,1,0,1924,Organic Champions
3105,43,Female,Pants,Clothing,56,Georgia,S,Turquoise,Summer,5.0,No,2-Day Shipping,No,No,41,Debit Card,Fortnightly,0,0,0,26,Millennial-Late (35-44),0.0,60.66,Champions,1,1,1,1456,Organic Champions
3106,48,Female,Skirt,Clothing,33,Oregon,M,Olive,Fall,2.7,No,Express,No,No,17,Debit Card,Monthly,0,0,0,12,Gen X (45-54),0.0,24.14,At-Risk,0,0,0,396,At-Risk / Dormant
3107,62,Female,Sandals,Footwear,57,Alabama,M,Yellow,Winter,4.7,No,Next Day Air,No,No,20,PayPal,Annually,0,0,0,1,Boomer-Early (55-64),0.0,31.7,At-Risk,1,0,0,57,At-Risk / Dormant
3108,65,Female,Blouse,Clothing,31,Hawaii,L,Gray,Winter,4.6,No,Standard,No,No,18,Credit Card,Bi-Weekly,0,0,0,26,Boomer+ (65+),0.0,30.94,At-Risk,1,0,0,806,At-Risk / Dormant
3109,50,Female,Socks,Clothing,69,Oregon,M,Purple,Fall,3.2,No,2-Day Shipping,No,No,7,PayPal,Monthly,0,0,0,12,Gen X (45-54),0.0,31.73,At-Risk,0,0,0,828,At-Risk / Dormant
3110,60,Female,Jacket,Outerwear,92,Illinois,M,Gray,Winter,4.3,No,Free Shipping,No,No,47,Bank Transfer,Fortnightly,0,0,0,26,Boomer-Early (55-64),0.0,81.31,Champions,1,1,1,2392,Organic Champions
3111,19,Female,Handbag,Accessories,46,Texas,L,Lavender,Fall,4.6,No,Next Day Air,No,No,2,Bank Transfer,Bi-Weekly,0,0,0,26,Gen Z (18-24),0.0,24.45,At-Risk,1,0,0,1196,At-Risk / Dormant
3112,21,Female,Belt,Accessories,81,Kansas,XL,Indigo,Spring,4.9,No,Free Shipping,No,No,25,Debit Card,Quarterly,0,0,0,4,Gen Z (18-24),0.0,47.75,Loyalists,1,0,1,324,Stable Loyalists
3113,19,Female,Blouse,Clothing,97,Texas,S,Green,Fall,3.8,No,Express,No,No,26,Venmo,Annually,0,0,0,1,Gen Z (18-24),0.0,54.1,Loyalists,0,0,0,97,Stable Loyalists
3114,46,Female,Shirt,Clothing,93,Nebraska,L,Green,Summer,2.6,No,Express,No,No,2,Debit Card,Weekly,0,0,0,52,Gen X (45-54),0.0,57.75,Loyalists,0,0,0,4836,Stable Loyalists
3115,21,Female,Handbag,Accessories,56,Arkansas,M,Olive,Spring,4.7,No,Store Pickup,No,No,45,Venmo,Bi-Weekly,0,0,0,26,Gen Z (18-24),0.0,63.92,Champions,1,1,1,1456,Organic Champions
3116,26,Female,Scarf,Accessories,53,South Dakota,M,Charcoal,Fall,4.1,No,Free Shipping,No,No,9,Bank Transfer,Bi-Weekly,0,0,0,26,Millennial-Early (25-34),0.0,33.22,Potential,1,0,0,1378,Growth Potential
3117,50,Female,Coat,Outerwear,66,Montana,L,Gray,Spring,3.7,No,Store Pickup,No,No,1,Venmo,Weekly,0,0,0,52,Gen X (45-54),0.0,45.12,Loyalists,0,0,0,3432,Stable Loyalists
3118,43,Female,Hoodie,Clothing,50,Florida,M,Olive,Fall,3.0,No,Free Shipping,No,No,4,PayPal,Bi-Weekly,0,0,0,26,Millennial-Late (35-44),0.0,27.83,At-Risk,0,0,0,1300,At-Risk / Dormant
3119,61,Female,Shorts,Clothing,97,Virginia,L,Blue,Summer,4.7,No,Standard,No,No,31,Debit Card,Quarterly,0,0,0,4,Boomer-Early (55-64),0.0,59.65,Champions,1,0,1,388,Organic Champions
3120,63,Female,Sandals,Footwear,79,Louisiana,XL,Silver,Winter,4.7,No,2-Day Shipping,No,No,21,Credit Card,Every 3 Months,0,0,0,4,Boomer-Early (55-64),0.0,43.61,Potential,1,0,0,316,Growth Potential
3121,46,Female,Shirt,Clothing,76,Louisiana,M,Magenta,Fall,4.0,No,Store Pickup,No,No,32,Debit Card,Fortnightly,0,0,0,26,Gen X (45-54),0.0,62.06,Champions,1,1,1,1976,Organic Champions
3122,63,Female,Hoodie,Clothing,38,Louisiana,L,Black,Fall,2.6,No,Standard,No,No,16,Venmo,Weekly,0,0,0,52,Boomer-Early (55-64),0.0,45.12,Loyalists,0,0,0,1976,Stable Loyalists
3123,23,Female,Socks,Clothing,45,Georgia,M,Pink,Fall,3.0,No,Express,No,No,34,Credit Card,Fortnightly,0,0,0,26,Gen Z (18-24),0.0,50.13,Loyalists,0,1,0,1170,Stable Loyalists
3124,57,Female,Handbag,Accessories,77,Iowa,XL,Red,Fall,3.3,No,Next Day Air,No,No,40,Venmo,Bi-Weekly,0,0,0,26,Boomer-Early (55-64),0.0,69.03,Champions,0,1,0,2002,Organic Champions
3125,57,Female,Jewelry,Accessories,51,California,M,Peach,Summer,3.4,No,Standard,No,No,4,Cash,Every 3 Months,0,0,0,4,Boomer-Early (55-64),0.0,17.48,At-Risk,0,0,0,204,At-Risk / Dormant
3126,33,Female,Coat,Outerwear,26,Oregon,L,Lavender,Spring,4.0,No,Standard,No,No,3,Cash,Quarterly,0,0,0,4,Millennial-Early (25-34),0.0,5.73,At-Risk,1,0,0,104,At-Risk / Dormant
3127,57,Female,Sunglasses,Accessories,76,Maine,L,Lavender,Winter,2.6,No,Store Pickup,No,No,28,Bank Transfer,Bi-Weekly,0,0,0,26,Boomer-Early (55-64),0.0,58.8,Champions,0,1,0,1976,Organic Champions
3128,55,Female,Gloves,Accessories,94,Louisiana,M,Beige,Winter,3.4,No,Free Shipping,No,No,43,Credit Card,Every 3 Months,0,0,0,4,Boomer-Early (55-64),0.0,68.13,Champions,0,0,0,376,Organic Champions
3129,65,Female,Jacket,Outerwear,32,Arkansas,S,Indigo,Fall,4.4,No,Standard,No,No,20,Cash,Annually,0,0,0,1,Boomer+ (65+),0.0,20.76,At-Risk,1,0,0,32,At-Risk / Dormant
3130,60,Female,Sandals,Footwear,20,Maryland,S,Cyan,Summer,4.7,No,Express,No,No,40,Venmo,Every 3 Months,0,0,0,4,Boomer-Early (55-64),0.0,33.31,Potential,1,0,0,80,Growth Potential
3131,52,Female,Pants,Clothing,20,Vermont,M,Yellow,Summer,4.5,No,Store Pickup,No,No,34,Venmo,Every 3 Months,0,0,0,4,Gen X (45-54),0.0,28.41,At-Risk,1,0,0,80,At-Risk / Dormant
3132,34,Female,Jacket,Outerwear,59,North Dakota,M,Peach,Fall,2.9,No,Store Pickup,No,No,11,Bank Transfer,Every 3 Months,0,0,0,4,Millennial-Early (25-34),0.0,26.7,At-Risk,0,0,0,236,At-Risk / Dormant
3133,33,Female,Sweater,Clothing,97,Michigan,M,Yellow,Summer,4.2,No,Express,No,No,26,Cash,Quarterly,0,0,0,4,Millennial-Early (25-34),0.0,55.57,Loyalists,1,0,1,388,Stable Loyalists
3134,58,Female,T-shirt,Clothing,68,Arkansas,M,Orange,Spring,4.1,No,Next Day Air,No,No,29,Cash,Bi-Weekly,0,0,0,26,Boomer-Early (55-64),0.0,56.11,Loyalists,1,1,1,1768,Stable Loyalists
3135,35,Female,Boots,Footwear,66,Kentucky,L,Gray,Spring,4.4,No,Store Pickup,No,No,47,Bank Transfer,Weekly,0,0,0,52,Millennial-Late (35-44),0.0,82.68,Champions,1,1,1,3432,Organic Champions
3136,68,Female,Shoes,Footwear,85,Indiana,L,Yellow,Spring,4.7,No,Free Shipping,No,No,48,Venmo,Fortnightly,0,0,0,26,Boomer+ (65+),0.0,79.06,Champions,1,1,1,2210,Organic Champions
3137,58,Female,Skirt,Clothing,32,Minnesota,M,Gray,Fall,3.1,No,Next Day Air,No,No,29,Cash,Bi-Weekly,0,0,0,26,Boomer-Early (55-64),0.0,40.36,Potential,0,1,0,832,Growth Potential
3138,34,Female,Coat,Outerwear,44,Louisiana,M,Turquoise,Spring,2.7,No,2-Day Shipping,No,No,14,Bank Transfer,Monthly,0,0,0,12,Millennial-Early (25-34),0.0,26.5,At-Risk,0,0,0,528,At-Risk / Dormant
3139,47,Female,Blouse,Clothing,95,Kentucky,L,Gray,Fall,4.6,No,Next Day Air,No,No,40,Cash,Every 3 Months,0,0,0,4,Gen X (45-54),0.0,66.12,Champions,1,0,1,380,Organic Champions
3140,35,Female,Sunglasses,Accessories,85,Georgia,M,Olive,Winter,4.4,No,Next Day Air,No,No,4,Venmo,Weekly,0,0,0,52,Millennial-Late (35-44),0.0,55.89,Loyalists,1,0,1,4420,Stable Loyalists
3141,34,Female,Gloves,Accessories,44,Alaska,XL,Peach,Summer,4.6,No,Free Shipping,No,No,37,Bank Transfer,Weekly,0,0,0,52,Millennial-Early (25-34),0.0,64.89,Champions,1,1,1,2288,Organic Champions
3142,36,Female,Sunglasses,Accessories,30,Mississippi,S,Peach,Winter,4.9,No,Express,No,No,47,Credit Card,Bi-Weekly,0,0,0,26,Millennial-Late (35-44),0.0,54.18,Loyalists,1,1,1,780,Stable Loyalists
3143,23,Female,Sneakers,Footwear,21,Kansas,L,Magenta,Winter,4.0,No,2-Day Shipping,No,No,1,Venmo,Quarterly,0,0,0,4,Gen Z (18-24),0.0,1.91,At-Risk,1,0,0,84,At-Risk / Dormant
3144,68,Female,Hoodie,Clothing,22,Arizona,M,Purple,Summer,2.9,No,Store Pickup,No,No,26,Cash,Quarterly,0,0,0,4,Boomer+ (65+),0.0,22.75,At-Risk,0,0,0,88,At-Risk / Dormant
3145,23,Female,Boots,Footwear,70,Maine,L,Beige,Spring,2.6,No,Free Shipping,No,No,12,Debit Card,Quarterly,0,0,0,4,Gen Z (18-24),0.0,32.33,At-Risk,0,0,0,280,At-Risk / Dormant
3146,57,Female,Handbag,Accessories,29,Texas,XL,Purple,Spring,4.6,No,Standard,No,No,16,PayPal,Fortnightly,0,0,0,26,Boomer-Early (55-64),0.0,28.44,At-Risk,1,0,0,754,At-Risk / Dormant
3147,21,Female,Shirt,Clothing,83,Virginia,S,Yellow,Winter,4.9,No,Free Shipping,No,No,19,PayPal,Annually,0,0,0,1,Gen Z (18-24),0.0,42.26,Potential,1,0,0,83,Growth Potential
3148,45,Female,Sweater,Clothing,99,North Dakota,M,Pink,Winter,4.3,No,Express,No,No,21,Credit Card,Weekly,0,0,0,52,Gen X (45-54),0.0,75.89,Champions,1,0,1,5148,Organic Champions
3149,37,Female,Shorts,Clothing,35,West Virginia,L,Purple,Fall,4.3,No,Free Shipping,No,No,15,Venmo,Weekly,0,0,0,52,Millennial-Late (35-44),0.0,42.99,Potential,1,0,0,1820,Growth Potential
3150,18,Female,Belt,Accessories,40,North Carolina,M,Lavender,Winter,4.6,No,Free Shipping,No,No,9,Venmo,Annually,0,0,0,1,Gen Z (18-24),0.0,15.28,At-Risk,1,0,0,40,At-Risk / Dormant
3151,55,Female,Blouse,Clothing,25,Georgia,M,Peach,Spring,2.6,No,Express,No,No,7,Bank Transfer,Bi-Weekly,0,0,0,26,Boomer-Early (55-64),0.0,19.34,At-Risk,0,0,0,650,At-Risk / Dormant
3152,52,Female,T-shirt,Clothing,64,New Mexico,L,Orange,Fall,3.1,No,2-Day Shipping,No,No,47,Bank Transfer,Quarterly,0,0,0,4,Gen X (45-54),0.0,58.27,Champions,0,0,0,256,Organic Champions
3153,49,Female,Belt,Accessories,90,North Carolina,M,Red,Fall,3.1,No,Store Pickup,No,No,17,PayPal,Monthly,0,0,0,12,Gen X (45-54),0.0,49.08,Loyalists,0,0,0,1080,Stable Loyalists
3154,56,Female,Socks,Clothing,88,Alabama,L,Red,Fall,3.1,No,Next Day Air,No,No,46,Venmo,Fortnightly,0,0,0,26,Boomer-Early (55-64),0.0,78.74,Champions,0,1,0,2288,Organic Champions
3155,27,Female,Belt,Accessories,55,Connecticut,M,Gold,Winter,4.4,No,Standard,No,No,32,Cash,Quarterly,0,0,0,4,Millennial-Early (25-34),0.0,42.09,Potential,1,0,0,220,Growth Potential
3156,22,Female,Handbag,Accessories,90,Montana,M,Brown,Fall,4.3,No,Free Shipping,No,No,34,Cash,Annually,0,0,0,1,Gen Z (18-24),0.0,57.56,Loyalists,1,0,1,90,Stable Loyalists
3157,18,Female,Shirt,Clothing,50,Montana,M,Black,Winter,3.1,No,2-Day Shipping,No,No,18,Cash,Monthly,0,0,0,12,Gen Z (18-24),0.0,32.39,At-Risk,0,0,0,600,At-Risk / Dormant
3158,21,Female,Belt,Accessories,34,Maine,L,Red,Fall,3.1,No,Store Pickup,No,No,5,Debit Card,Fortnightly,0,0,0,26,Gen Z (18-24),0.0,21.65,At-Risk,0,0,0,884,At-Risk / Dormant
3159,30,Female,Jewelry,Accessories,77,Mississippi,M,Gray,Winter,4.9,No,2-Day Shipping,No,No,44,Credit Card,Monthly,0,0,0,12,Millennial-Early (25-34),0.0,65.43,Champions,1,1,1,924,Organic Champions
3160,62,Female,Hat,Accessories,89,Louisiana,L,Pink,Winter,2.9,No,Store Pickup,No,No,4,Bank Transfer,Quarterly,0,0,0,4,Boomer-Early (55-64),0.0,34.11,Potential,0,0,0,356,Growth Potential
3161,28,Female,Backpack,Accessories,87,Nebraska,XL,Turquoise,Fall,3.8,No,Next Day Air,No,No,37,Cash,Fortnightly,0,0,0,26,Millennial-Early (25-34),0.0,70.96,Champions,0,1,0,2262,Organic Champions
3162,66,Female,Dress,Clothing,77,Massachusetts,S,Charcoal,Winter,4.2,No,2-Day Shipping,No,No,43,Cash,Monthly,0,0,0,12,Boomer+ (65+),0.0,64.62,Champions,1,1,1,924,Organic Champions
3163,66,Female,Shoes,Footwear,85,Wisconsin,L,Blue,Winter,3.9,No,Standard,No,No,28,Bank Transfer,Quarterly,0,0,0,4,Boomer+ (65+),0.0,51.95,Loyalists,0,0,0,340,Stable Loyalists
3164,49,Female,Pants,Clothing,66,Nebraska,XL,Turquoise,Summer,2.8,No,Express,No,No,36,Cash,Monthly,0,0,0,12,Gen X (45-54),0.0,54.09,Loyalists,0,1,0,792,Stable Loyalists
3165,40,Female,Dress,Clothing,32,Arizona,L,Silver,Winter,2.6,No,Standard,No,No,16,Credit Card,Annually,0,0,0,1,Millennial-Late (35-44),0.0,17.49,At-Risk,0,0,0,32,At-Risk / Dormant
3166,49,Female,Jacket,Outerwear,92,Hawaii,M,Lavender,Spring,3.0,No,Store Pickup,No,No,38,Bank Transfer,Every 3 Months,0,0,0,4,Gen X (45-54),0.0,63.17,Champions,0,0,0,368,Organic Champions
3167,19,Female,Shirt,Clothing,80,Georgia,M,Gold,Winter,2.7,No,Next Day Air,No,No,37,Bank Transfer,Fortnightly,0,0,0,26,Gen Z (18-24),0.0,67.89,Champions,0,1,0,2080,Organic Champions
3168,24,Female,Dress,Clothing,78,Oregon,M,Blue,Fall,2.8,No,2-Day Shipping,No,No,9,Cash,Bi-Weekly,0,0,0,26,Gen Z (18-24),0.0,44.16,Potential,0,0,0,2028,Growth Potential
3169,31,Female,Jeans,Clothing,24,Montana,M,Orange,Spring,2.9,No,2-Day Shipping,No,No,14,PayPal,Fortnightly,0,0,0,26,Millennial-Early (25-34),0.0,24.62,At-Risk,0,0,0,624,At-Risk / Dormant
3170,35,Female,T-shirt,Clothing,59,Georgia,M,White,Fall,3.8,No,Free Shipping,No,No,3,Venmo,Weekly,0,0,0,52,Millennial-Late (35-44),0.0,43.7,Potential,0,0,0,3068,Growth Potential
3171,65,Female,Sunglasses,Accessories,41,Rhode Island,XL,Charcoal,Spring,4.4,No,Express,No,No,10,Credit Card,Fortnightly,0,0,0,26,Boomer+ (65+),0.0,28.79,At-Risk,1,0,0,1066,At-Risk / Dormant
3172,68,Female,Jewelry,Accessories,26,Tennessee,M,Maroon,Spring,3.1,No,Express,No,No,26,Bank Transfer,Bi-Weekly,0,0,0,26,Boomer+ (65+),0.0,35.29,Potential,0,1,0,676,Growth Potential
3173,57,Female,Socks,Clothing,52,Missouri,M,Olive,Fall,3.7,No,Standard,No,No,30,Debit Card,Bi-Weekly,0,0,0,26,Boomer-Early (55-64),0.0,49.93,Loyalists,0,1,0,1352,Stable Loyalists
3174,69,Female,Skirt,Clothing,46,Washington,L,Teal,Summer,4.9,No,Next Day Air,No,No,32,PayPal,Fortnightly,0,0,0,26,Boomer+ (65+),0.0,48.94,Loyalists,1,1,1,1196,Stable Loyalists
3175,45,Female,Pants,Clothing,52,Oklahoma,L,Orange,Winter,3.8,No,Store Pickup,No,No,35,PayPal,Monthly,0,0,0,12,Gen X (45-54),0.0,47.15,Loyalists,0,1,0,624,Stable Loyalists
3176,35,Female,Socks,Clothing,42,Connecticut,M,Maroon,Fall,3.4,No,Store Pickup,No,No,26,Debit Card,Every 3 Months,0,0,0,4,Millennial-Late (35-44),0.0,31.5,At-Risk,0,0,0,168,At-Risk / Dormant
3177,36,Female,Sandals,Footwear,37,Arkansas,XL,Turquoise,Spring,4.6,No,2-Day Shipping,No,No,39,Credit Card,Monthly,0,0,0,12,Millennial-Late (35-44),0.0,43.85,Potential,1,1,0,444,Growth Potential
3178,55,Female,Belt,Accessories,52,Missouri,L,Beige,Fall,3.2,No,Standard,No,No,31,Credit Card,Monthly,0,0,0,12,Boomer-Early (55-64),0.0,43.88,Potential,0,1,0,624,Growth Potential
3179,66,Female,Sandals,Footwear,34,Washington,L,Beige,Spring,2.7,No,Free Shipping,No,No,28,Credit Card,Annually,0,0,0,1,Boomer+ (65+),0.0,28.17,At-Risk,0,0,0,34,At-Risk / Dormant
3180,57,Female,Shorts,Clothing,88,Idaho,M,Olive,Spring,4.3,No,Free Shipping,No,No,12,Debit Card,Bi-Weekly,0,0,0,26,Boomer-Early (55-64),0.0,50.98,Loyalists,1,0,1,2288,Stable Loyalists
3181,18,Female,Handbag,Accessories,88,Montana,L,Turquoise,Fall,3.8,No,Standard,No,No,46,PayPal,Weekly,0,0,0,52,Gen Z (18-24),0.0,91.48,Champions,0,1,0,4576,Organic Champions
3182,31,Female,Jacket,Outerwear,51,Montana,M,Charcoal,Summer,4.4,No,Free Shipping,No,No,27,PayPal,Every 3 Months,0,0,0,4,Millennial-Early (25-34),0.0,36.26,Potential,1,0,0,204,Growth Potential
3183,50,Female,Sunglasses,Accessories,97,Georgia,L,Green,Fall,3.6,No,Free Shipping,No,No,4,Credit Card,Annually,0,0,0,1,Gen X (45-54),0.0,36.14,Potential,0,0,0,97,Growth Potential
3184,50,Female,Sneakers,Footwear,56,Mississippi,M,Green,Winter,3.5,No,Standard,No,No,14,Cash,Every 3 Months,0,0,0,4,Gen X (45-54),0.0,27.83,At-Risk,0,0,0,224,At-Risk / Dormant
3185,61,Female,Sweater,Clothing,53,Hawaii,L,Green,Spring,4.2,No,2-Day Shipping,No,No,30,Venmo,Quarterly,0,0,0,4,Boomer-Early (55-64),0.0,39.58,Potential,1,0,0,212,Growth Potential
3186,52,Female,Skirt,Clothing,71,Ohio,L,Gold,Fall,4.7,No,Express,No,No,6,PayPal,Annually,0,0,0,1,Gen X (45-54),0.0,26.39,At-Risk,1,0,0,71,At-Risk / Dormant
3187,38,Female,Jewelry,Accessories,93,Virginia,S,Cyan,Winter,4.8,No,Store Pickup,No,No,43,Venmo,Annually,0,0,0,1,Millennial-Late (35-44),0.0,66.22,Champions,1,0,1,93,Organic Champions
3188,67,Female,Blouse,Clothing,72,Texas,L,Indigo,Winter,3.2,No,Free Shipping,No,No,28,Debit Card,Weekly,0,0,0,52,Boomer+ (65+),0.0,69.79,Champions,0,1,0,3744,Organic Champions
3189,42,Female,Blouse,Clothing,59,Vermont,M,Lavender,Winter,3.5,No,Standard,No,No,39,Bank Transfer,Monthly,0,0,0,12,Millennial-Late (35-44),0.0,53.48,Loyalists,0,1,0,708,Stable Loyalists
3190,25,Female,Boots,Footwear,87,Kansas,M,Beige,Summer,4.2,No,Store Pickup,No,No,30,PayPal,Bi-Weekly,0,0,0,26,Millennial-Early (25-34),0.0,65.24,Champions,1,1,1,2262,Organic Champions
3191,41,Female,Jeans,Clothing,78,California,S,Purple,Fall,3.4,No,Free Shipping,No,No,5,Credit Card,Fortnightly,0,0,0,26,Millennial-Late (35-44),0.0,40.9,Potential,0,0,0,2028,Growth Potential
3192,62,Female,Hoodie,Clothing,68,Mississippi,XL,Maroon,Winter,4.7,No,Store Pickup,No,No,42,Credit Card,Every 3 Months,0,0,0,4,Boomer-Early (55-64),0.0,55.94,Loyalists,1,0,1,272,Stable Loyalists
3193,19,Female,Sweater,Clothing,76,Iowa,S,Maroon,Fall,3.0,No,Free Shipping,No,No,20,Cash,Fortnightly,0,0,0,26,Gen Z (18-24),0.0,52.27,Loyalists,0,0,0,1976,Stable Loyalists
3194,63,Female,Gloves,Accessories,99,Virginia,L,Teal,Winter,4.0,No,Express,No,No,35,Credit Card,Fortnightly,0,0,0,26,Boomer-Early (55-64),0.0,74.57,Champions,1,1,1,2574,Organic Champions
3195,43,Female,Sneakers,Footwear,52,Maryland,L,Gold,Summer,4.6,No,Standard,No,No,10,Credit Card,Bi-Weekly,0,0,0,26,Millennial-Late (35-44),0.0,33.6,Potential,1,0,0,1352,Growth Potential
3196,68,Female,Sunglasses,Accessories,58,Missouri,S,Red,Spring,4.9,No,Next Day Air,No,No,36,Credit Card,Quarterly,0,0,0,4,Boomer+ (65+),0.0,46.67,Loyalists,1,0,1,232,Stable Loyalists
3197,24,Female,Belt,Accessories,59,Wisconsin,L,Maroon,Winter,2.8,No,Express,No,No,21,Debit Card,Fortnightly,0,0,0,26,Gen Z (18-24),0.0,45.64,Loyalists,0,0,0,1534,Stable Loyalists
3198,27,Female,Sweater,Clothing,71,Maine,M,Teal,Spring,3.2,No,Free Shipping,No,No,29,Credit Card,Every 3 Months,0,0,0,4,Millennial-Early (25-34),0.0,46.64,Loyalists,0,0,0,284,Stable Loyalists
3199,61,Female,Gloves,Accessories,94,Pennsylvania,L,Peach,Winter,2.8,No,Free Shipping,No,No,39,Debit Card,Weekly,0,0,0,52,Boomer-Early (55-64),0.0,88.4,Champions,0,1,0,4888,Organic Champions
3200,59,Female,Handbag,Accessories,40,Maine,XL,Pink,Winter,4.2,No,Express,No,No,16,PayPal,Monthly,0,0,0,12,Boomer-Early (55-64),0.0,26.39,At-Risk,1,0,0,480,At-Risk / Dormant
3201,67,Female,Socks,Clothing,24,Missouri,L,Black,Spring,4.8,No,Free Shipping,No,No,32,Credit Card,Monthly,0,0,0,12,Boomer+ (65+),0.0,32.45,At-Risk,1,1,0,288,At-Risk / Dormant
3202,46,Female,Pants,Clothing,38,Vermont,S,Indigo,Fall,2.8,No,2-Day Shipping,No,No,34,Cash,Monthly,0,0,0,12,Gen X (45-54),0.0,40.21,Potential,0,1,0,456,Growth Potential
3203,65,Female,Scarf,Accessories,37,Wisconsin,L,Green,Fall,4.5,No,Standard,No,No,38,Venmo,Annually,0,0,0,1,Boomer+ (65+),0.0,37.64,Potential,1,0,0,37,Growth Potential
3204,63,Female,Coat,Outerwear,29,New Jersey,L,Teal,Spring,4.1,No,Express,No,No,14,Venmo,Annually,0,0,0,1,Boomer-Early (55-64),0.0,14.55,At-Risk,1,0,0,29,At-Risk / Dormant
3205,57,Female,Jacket,Outerwear,92,New Mexico,XL,Lavender,Fall,4.3,No,Free Shipping,No,No,23,Debit Card,Bi-Weekly,0,0,0,26,Boomer-Early (55-64),0.0,61.71,Champions,1,0,1,2392,Organic Champions
3206,40,Female,Hoodie,Clothing,24,Colorado,XL,Magenta,Fall,4.4,No,2-Day Shipping,No,No,50,Bank Transfer,Every 3 Months,0,0,0,4,Millennial-Late (35-44),0.0,43.22,Potential,1,0,0,96,Growth Potential
3207,36,Female,Boots,Footwear,52,California,M,Brown,Winter,3.0,No,Free Shipping,No,No,49,PayPal,Monthly,0,0,0,12,Millennial-Late (35-44),0.0,58.58,Champions,0,1,0,624,Organic Champions
3208,67,Female,Socks,Clothing,29,Arizona,XL,Beige,Summer,2.7,No,Next Day Air,No,No,14,PayPal,Annually,0,0,0,1,Boomer+ (65+),0.0,14.55,At-Risk,0,0,0,29,At-Risk / Dormant
3209,61,Female,Jewelry,Accessories,30,Indiana,L,Indigo,Winter,3.3,No,2-Day Shipping,No,No,42,PayPal,Weekly,0,0,0,52,Boomer-Early (55-64),0.0,62.84,Champions,0,1,0,1560,Organic Champions
3210,64,Female,Shoes,Footwear,31,Arkansas,L,Peach,Fall,4.3,No,Standard,No,No,39,Debit Card,Annually,0,0,0,1,Boomer-Early (55-64),0.0,35.83,Potential,1,0,0,31,Growth Potential
3211,30,Female,Socks,Clothing,67,Nevada,M,Magenta,Summer,2.9,No,Express,No,No,43,Venmo,Bi-Weekly,0,0,0,26,Millennial-Early (25-34),0.0,67.1,Champions,0,1,0,1742,Organic Champions
3212,53,Female,Pants,Clothing,65,Rhode Island,L,Turquoise,Winter,4.9,No,Standard,No,No,12,Cash,Monthly,0,0,0,12,Gen X (45-54),0.0,34.06,Potential,1,0,0,780,Growth Potential
3213,27,Female,Sneakers,Footwear,22,Wyoming,M,Indigo,Winter,3.6,No,2-Day Shipping,No,No,21,Debit Card,Weekly,0,0,0,52,Millennial-Early (25-34),0.0,42.2,Potential,0,0,0,1144,Growth Potential
3214,27,Female,Sunglasses,Accessories,56,Texas,M,Brown,Winter,3.3,No,Standard,No,No,33,Credit Card,Monthly,0,0,0,12,Millennial-Early (25-34),0.0,47.26,Loyalists,0,1,0,672,Stable Loyalists
3215,53,Female,Skirt,Clothing,78,Washington,M,Yellow,Spring,3.1,No,Free Shipping,No,No,6,Debit Card,Annually,0,0,0,1,Gen X (45-54),0.0,29.46,At-Risk,0,0,0,78,At-Risk / Dormant
3216,34,Female,Coat,Outerwear,90,Rhode Island,M,Magenta,Summer,2.7,No,Free Shipping,No,No,10,PayPal,Every 3 Months,0,0,0,4,Millennial-Early (25-34),0.0,39.44,Potential,0,0,0,360,Growth Potential
3217,39,Female,Hoodie,Clothing,85,Illinois,S,Olive,Winter,3.4,No,Next Day Air,No,No,18,Cash,Weekly,0,0,0,52,Millennial-Late (35-44),0.0,67.32,Champions,0,0,0,4420,Organic Champions
3218,44,Female,Sunglasses,Accessories,58,Oregon,M,Silver,Fall,3.4,No,Express,No,No,46,Venmo,Weekly,0,0,0,52,Millennial-Late (35-44),0.0,78.36,Champions,0,1,0,3016,Organic Champions
3219,37,Female,Skirt,Clothing,34,Florida,M,Teal,Fall,3.9,No,Express,No,No,49,PayPal,Monthly,0,0,0,12,Millennial-Late (35-44),0.0,50.7,Loyalists,0,1,0,408,Stable Loyalists
3220,57,Female,Coat,Outerwear,40,Kansas,L,White,Summer,3.5,No,2-Day Shipping,No,No,39,Credit Card,Weekly,0,0,0,52,Boomer-Early (55-64),0.0,64.77,Champions,0,1,0,2080,Organic Champions
3221,38,Female,Handbag,Accessories,29,North Dakota,M,Blue,Fall,4.1,No,Free Shipping,No,No,16,Cash,Monthly,0,0,0,12,Millennial-Late (35-44),0.0,21.57,At-Risk,1,0,0,348,At-Risk / Dormant
3222,21,Female,T-shirt,Clothing,76,New Hampshire,M,Yellow,Winter,3.2,No,Standard,No,No,28,Cash,Annually,0,0,0,1,Gen Z (18-24),0.0,46.54,Loyalists,0,0,0,76,Stable Loyalists
3223,45,Female,Sunglasses,Accessories,84,Texas,S,Maroon,Fall,4.6,No,Store Pickup,No,No,22,PayPal,Quarterly,0,0,0,4,Gen X (45-54),0.0,46.61,Loyalists,1,0,1,336,Stable Loyalists
3224,68,Female,Shirt,Clothing,65,Montana,S,Gray,Spring,3.9,No,Standard,No,No,36,Venmo,Bi-Weekly,0,0,0,26,Boomer+ (65+),0.0,60.51,Champions,0,1,0,1690,Organic Champions
3225,37,Female,Hoodie,Clothing,80,Delaware,L,Indigo,Winter,2.7,No,Free Shipping,No,No,18,PayPal,Monthly,0,0,0,12,Millennial-Late (35-44),0.0,45.52,Loyalists,0,0,0,960,Stable Loyalists
3226,53,Female,Blouse,Clothing,98,New Hampshire,M,Pink,Fall,3.0,No,Store Pickup,No,No,31,Credit Card,Weekly,0,0,0,52,Gen X (45-54),0.0,83.61,Champions,0,1,0,5096,Organic Champions
3227,57,Female,Sneakers,Footwear,71,Minnesota,XL,Beige,Spring,3.3,No,Next Day Air,No,No,38,Bank Transfer,Fortnightly,0,0,0,26,Boomer-Early (55-64),0.0,64.77,Champions,0,1,0,1846,Organic Champions
3228,28,Female,Scarf,Accessories,69,Alaska,XL,White,Fall,2.7,No,Free Shipping,No,No,42,Debit Card,Quarterly,0,0,0,4,Millennial-Early (25-34),0.0,56.38,Loyalists,0,0,0,276,Stable Loyalists
3229,37,Female,Jewelry,Accessories,95,Connecticut,M,Yellow,Spring,4.6,No,2-Day Shipping,No,No,27,PayPal,Annually,0,0,0,1,Millennial-Late (35-44),0.0,54.04,Loyalists,1,0,1,95,Stable Loyalists
3230,54,Female,Pants,Clothing,67,Connecticut,M,Teal,Fall,2.7,No,Express,No,No,24,Cash,Monthly,0,0,0,12,Gen X (45-54),0.0,44.73,Loyalists,0,0,0,804,Stable Loyalists
3231,49,Female,Sneakers,Footwear,49,Kansas,M,Olive,Summer,2.5,No,Next Day Air,No,No,38,Debit Card,Annually,0,0,0,1,Gen X (45-54),0.0,42.89,Potential,0,0,0,49,Growth Potential
3232,62,Female,Shoes,Footwear,97,Nevada,M,Maroon,Winter,4.4,No,Free Shipping,No,No,9,Credit Card,Annually,0,0,0,1,Boomer-Early (55-64),0.0,40.22,Potential,1,0,0,97,Growth Potential
3233,45,Female,T-shirt,Clothing,34,Massachusetts,M,White,Spring,4.0,No,Next Day Air,No,No,19,Bank Transfer,Monthly,0,0,0,12,Gen X (45-54),0.0,26.21,At-Risk,1,0,0,408,At-Risk / Dormant
3234,45,Female,Belt,Accessories,74,Indiana,M,Lavender,Fall,3.8,No,Express,No,No,11,Debit Card,Bi-Weekly,0,0,0,26,Gen X (45-54),0.0,44.04,Potential,0,0,0,1924,Growth Potential
3235,49,Female,Jewelry,Accessories,96,Washington,M,Black,Winter,2.5,No,2-Day Shipping,No,No,16,Debit Card,Quarterly,0,0,0,4,Gen X (45-54),0.0,46.97,Loyalists,0,0,0,384,Stable Loyalists
3236,27,Female,Belt,Accessories,68,Kansas,M,Green,Summer,4.0,No,Free Shipping,No,No,18,Venmo,Monthly,0,0,0,12,Millennial-Early (25-34),0.0,40.27,Potential,1,0,0,816,Growth Potential
3237,63,Female,Belt,Accessories,84,South Carolina,L,Olive,Fall,4.1,No,Next Day Air,No,No,8,Cash,Monthly,0,0,0,12,Boomer-Early (55-64),0.0,39.11,Potential,1,0,0,1008,Growth Potential
3238,61,Female,T-shirt,Clothing,57,Vermont,M,Gray,Summer,2.8,No,Express,No,No,4,Cash,Weekly,0,0,0,52,Boomer-Early (55-64),0.0,43.64,Potential,0,0,0,2964,Growth Potential
3239,25,Female,Sneakers,Footwear,84,Wyoming,XL,Teal,Fall,3.4,No,2-Day Shipping,No,No,37,Cash,Quarterly,0,0,0,4,Millennial-Early (25-34),0.0,58.86,Champions,0,0,0,336,Organic Champions
3240,33,Female,Sunglasses,Accessories,32,Colorado,M,Charcoal,Fall,2.7,No,2-Day Shipping,No,No,30,Cash,Monthly,0,0,0,12,Millennial-Early (25-34),0.0,34.32,Potential,0,1,0,384,Growth Potential
3241,56,Female,Sandals,Footwear,37,West Virginia,M,Violet,Fall,3.8,No,2-Day Shipping,No,No,37,Bank Transfer,Monthly,0,0,0,12,Boomer-Early (55-64),0.0,42.22,Potential,0,1,0,444,Growth Potential
3242,50,Female,Handbag,Accessories,58,Connecticut,M,Lavender,Summer,4.4,No,Store Pickup,No,No,30,PayPal,Quarterly,0,0,0,4,Gen X (45-54),0.0,41.77,Potential,1,0,0,232,Growth Potential
3243,45,Female,Socks,Clothing,74,Oregon,S,Beige,Fall,2.8,No,Express,No,No,17,Venmo,Weekly,0,0,0,52,Gen X (45-54),0.0,61.69,Champions,0,0,0,3848,Organic Champions
3244,45,Female,Hoodie,Clothing,99,Idaho,L,Black,Summer,5.0,No,Store Pickup,No,No,11,Bank Transfer,Every 3 Months,0,0,0,4,Gen X (45-54),0.0,44.2,Potential,1,0,0,396,Growth Potential
3245,65,Female,Sweater,Clothing,81,Arkansas,M,Black,Fall,4.7,No,Express,No,No,42,Credit Card,Annually,0,0,0,1,Boomer+ (65+),0.0,60.16,Champions,1,0,1,81,Organic Champions
3246,63,Female,Pants,Clothing,76,Kansas,M,Purple,Fall,3.2,No,Next Day Air,No,No,20,Cash,Weekly,0,0,0,52,Boomer-Early (55-64),0.0,65.01,Champions,0,0,0,3952,Organic Champions
3247,70,Female,Sneakers,Footwear,98,Michigan,M,Magenta,Summer,2.9,No,Store Pickup,No,No,37,Cash,Monthly,0,0,0,12,Boomer+ (65+),0.0,68.9,Champions,0,1,0,1176,Organic Champions
3248,53,Female,Gloves,Accessories,91,Arkansas,M,Teal,Summer,3.7,No,Express,No,No,12,PayPal,Fortnightly,0,0,0,26,Gen X (45-54),0.0,52.3,Loyalists,0,0,0,2366,Stable Loyalists
3249,22,Female,T-shirt,Clothing,79,Pennsylvania,S,Teal,Summer,4.2,No,Free Shipping,No,No,41,Bank Transfer,Quarterly,0,0,0,4,Gen Z (18-24),0.0,59.94,Champions,1,0,1,316,Organic Champions
3250,26,Female,Backpack,Accessories,83,Virginia,M,Pink,Summer,3.4,No,Express,No,No,32,Credit Card,Quarterly,0,0,0,4,Millennial-Early (25-34),0.0,54.34,Loyalists,0,0,0,332,Stable Loyalists
3251,23,Female,Coat,Outerwear,90,Minnesota,M,Teal,Spring,2.9,No,2-Day Shipping,No,No,15,Venmo,Weekly,0,0,0,52,Gen Z (18-24),0.0,67.05,Champions,0,0,0,4680,Organic Champions
3252,25,Female,Coat,Outerwear,20,Nevada,M,Gold,Winter,3.7,No,Standard,No,No,39,Venmo,Quarterly,0,0,0,4,Millennial-Early (25-34),0.0,32.49,At-Risk,0,0,0,80,At-Risk / Dormant
3253,69,Female,Sandals,Footwear,21,Montana,L,Brown,Spring,2.7,No,Store Pickup,No,No,48,Credit Card,Fortnightly,0,0,0,26,Boomer+ (65+),0.0,51.06,Loyalists,0,1,0,546,Stable Loyalists
3254,36,Female,Backpack,Accessories,60,Nebraska,M,Brown,Fall,3.2,No,2-Day Shipping,No,No,8,Venmo,Fortnightly,0,0,0,26,Millennial-Late (35-44),0.0,35.47,Potential,0,0,0,1560,Growth Potential
3255,21,Female,Sweater,Clothing,31,Indiana,S,Magenta,Winter,4.9,No,Store Pickup,No,No,11,Bank Transfer,Every 3 Months,0,0,0,4,Gen Z (18-24),0.0,14.45,At-Risk,1,0,0,124,At-Risk / Dormant
3256,57,Female,Shorts,Clothing,40,New Jersey,M,Black,Fall,2.8,No,Next Day Air,No,No,36,Bank Transfer,Monthly,0,0,0,12,Boomer-Early (55-64),0.0,42.71,Potential,0,1,0,480,Growth Potential
3257,60,Female,Sunglasses,Accessories,26,Wisconsin,L,Teal,Winter,4.7,No,Free Shipping,No,No,50,Venmo,Every 3 Months,0,0,0,4,Boomer-Early (55-64),0.0,44.1,Potential,1,0,0,104,Growth Potential
3258,44,Female,Shirt,Clothing,98,Minnesota,M,Brown,Fall,3.3,No,Express,No,No,39,Venmo,Every 3 Months,0,0,0,4,Millennial-Late (35-44),0.0,66.62,Champions,0,0,0,392,Organic Champions
3259,31,Female,Shoes,Footwear,51,New Jersey,M,Magenta,Spring,4.3,No,Express,No,No,11,Credit Card,Bi-Weekly,0,0,0,26,Millennial-Early (25-34),0.0,33.98,Potential,1,0,0,1326,Growth Potential
3260,57,Female,Hat,Accessories,95,Oklahoma,XL,Indigo,Fall,3.7,No,2-Day Shipping,No,No,5,Debit Card,Every 3 Months,0,0,0,4,Boomer-Early (55-64),0.0,37.55,Potential,0,0,0,380,Growth Potential
3261,39,Female,Scarf,Accessories,36,Wisconsin,M,Violet,Summer,4.5,No,2-Day Shipping,No,No,7,Credit Card,Annually,0,0,0,1,Millennial-Late (35-44),0.0,11.9,At-Risk,1,0,0,36,At-Risk / Dormant
3262,48,Female,Belt,Accessories,52,Rhode Island,L,Cyan,Winter,3.4,No,Store Pickup,No,No,50,Debit Card,Weekly,0,0,0,52,Gen X (45-54),0.0,79.0,Champions,0,1,0,2704,Organic Champions
3263,42,Female,T-shirt,Clothing,35,Indiana,M,Violet,Spring,2.7,No,Standard,No,No,21,Cash,Every 3 Months,0,0,0,4,Millennial-Late (35-44),0.0,24.36,At-Risk,0,0,0,140,At-Risk / Dormant
3264,56,Female,Shorts,Clothing,68,Vermont,S,Black,Fall,4.4,No,Express,No,No,31,Debit Card,Fortnightly,0,0,0,26,Boomer-Early (55-64),0.0,57.74,Loyalists,1,1,1,1768,Stable Loyalists
3265,28,Female,Pants,Clothing,50,Maine,S,Charcoal,Winter,4.0,No,Express,No,No,39,Cash,Bi-Weekly,0,0,0,26,Millennial-Early (25-34),0.0,56.4,Loyalists,1,1,1,1300,Stable Loyalists
3266,40,Female,Sunglasses,Accessories,100,Alabama,M,White,Winter,3.2,No,Express,No,No,28,Credit Card,Fortnightly,0,0,0,26,Millennial-Late (35-44),0.0,69.3,Champions,0,1,0,2600,Organic Champions
3267,49,Female,Coat,Outerwear,74,Alabama,S,Gray,Winter,4.2,No,Next Day Air,No,No,33,Bank Transfer,Weekly,0,0,0,52,Gen X (45-54),0.0,74.75,Champions,1,1,1,3848,Organic Champions
3268,37,Female,Hoodie,Clothing,45,Idaho,L,Pink,Winter,3.0,No,Store Pickup,No,No,42,Credit Card,Quarterly,0,0,0,4,Millennial-Late (35-44),0.0,45.88,Loyalists,0,0,0,180,Stable Loyalists
3269,22,Female,Dress,Clothing,97,Arkansas,M,Cyan,Fall,2.8,No,Free Shipping,No,No,5,Bank Transfer,Every 3 Months,0,0,0,4,Gen Z (18-24),0.0,38.42,Potential,0,0,0,388,Growth Potential
3270,27,Female,Blouse,Clothing,60,Ohio,M,Blue,Winter,4.9,No,Express,No,No,25,Cash,Monthly,0,0,0,12,Millennial-Early (25-34),0.0,42.48,Potential,1,1,0,720,Growth Potential
3271,59,Female,Socks,Clothing,25,Illinois,M,Indigo,Winter,4.7,No,Express,No,No,48,PayPal,Annually,0,0,0,1,Boomer-Early (55-64),0.0,40.55,Potential,1,0,0,25,Growth Potential
3272,35,Female,Socks,Clothing,55,Nevada,XL,Magenta,Spring,4.4,No,Standard,No,No,30,Credit Card,Weekly,0,0,0,52,Millennial-Late (35-44),0.0,63.99,Champions,1,1,1,2860,Organic Champions
3273,58,Female,Shoes,Footwear,99,Texas,M,Lavender,Winter,3.1,No,Next Day Air,No,No,34,PayPal,Quarterly,0,0,0,4,Boomer-Early (55-64),0.0,62.97,Champions,0,0,0,396,Organic Champions
3274,58,Female,Belt,Accessories,45,Nevada,S,Orange,Summer,2.6,No,Free Shipping,No,No,34,PayPal,Every 3 Months,0,0,0,4,Boomer-Early (55-64),0.0,39.35,Potential,0,0,0,180,Growth Potential
3275,46,Female,Sweater,Clothing,20,Oklahoma,M,Cyan,Spring,3.9,No,Store Pickup,No,No,14,Cash,Fortnightly,0,0,0,26,Gen X (45-54),0.0,22.87,At-Risk,0,0,0,520,At-Risk / Dormant
3276,43,Female,Pants,Clothing,88,Alabama,XL,Green,Summer,2.6,No,2-Day Shipping,No,No,2,Debit Card,Weekly,0,0,0,52,Millennial-Late (35-44),0.0,55.57,Loyalists,0,0,0,4576,Stable Loyalists
3277,39,Female,Scarf,Accessories,99,South Dakota,M,White,Summer,4.0,No,Store Pickup,No,No,41,PayPal,Every 3 Months,0,0,0,4,Millennial-Late (35-44),0.0,68.69,Champions,1,0,1,396,Organic Champions
3278,59,Female,Skirt,Clothing,86,Texas,M,Blue,Spring,4.9,No,Store Pickup,No,No,3,Credit Card,Monthly,0,0,0,12,Boomer-Early (55-64),0.0,35.9,Potential,1,0,0,1032,Growth Potential
3279,59,Female,Dress,Clothing,70,Montana,M,Black,Summer,3.3,No,2-Day Shipping,No,No,18,Bank Transfer,Weekly,0,0,0,52,Boomer-Early (55-64),0.0,60.75,Champions,0,0,0,3640,Organic Champions
3280,59,Female,Hat,Accessories,50,Wyoming,S,Red,Fall,3.0,No,Express,No,No,1,Debit Card,Fortnightly,0,0,0,26,Boomer-Early (55-64),0.0,25.38,At-Risk,0,0,0,1300,At-Risk / Dormant
3281,45,Female,Handbag,Accessories,57,New York,L,Red,Winter,2.7,No,Next Day Air,No,No,5,PayPal,Monthly,0,0,0,12,Gen X (45-54),0.0,24.84,At-Risk,0,0,0,684,At-Risk / Dormant
3282,27,Female,Pants,Clothing,69,Oregon,L,Gold,Winter,3.1,No,Free Shipping,No,No,41,Bank Transfer,Annually,0,0,0,1,Millennial-Early (25-34),0.0,54.09,Loyalists,0,0,0,69,Stable Loyalists
3283,24,Female,T-shirt,Clothing,94,California,M,Red,Fall,4.8,No,Next Day Air,No,No,5,Credit Card,Monthly,0,0,0,12,Gen Z (18-24),0.0,41.03,Potential,1,0,0,1128,Growth Potential
3284,47,Female,Jacket,Outerwear,24,North Carolina,L,Purple,Spring,2.9,No,Express,No,No,10,Debit Card,Every 3 Months,0,0,0,4,Gen X (45-54),0.0,10.57,At-Risk,0,0,0,96,At-Risk / Dormant
3285,70,Female,Scarf,Accessories,79,Kentucky,L,White,Spring,4.5,No,2-Day Shipping,No,No,20,Venmo,Annually,0,0,0,1,Boomer+ (65+),0.0,41.32,Potential,1,0,0,79,Growth Potential
3286,58,Female,Hat,Accessories,31,Hawaii,XL,Magenta,Fall,4.6,No,Free Shipping,No,No,11,Cash,Weekly,0,0,0,52,Boomer-Early (55-64),0.0,37.98,Potential,1,0,0,1612,Growth Potential
3287,45,Female,Jacket,Outerwear,67,Illinois,L,Pink,Winter,5.0,No,Express,No,No,4,Venmo,Fortnightly,0,0,0,26,Gen X (45-54),0.0,35.27,Potential,1,0,0,1742,Growth Potential
3288,24,Female,Skirt,Clothing,63,West Virginia,L,Black,Spring,4.3,No,2-Day Shipping,No,No,38,Credit Card,Weekly,0,0,0,52,Gen Z (18-24),0.0,74.02,Champions,1,1,1,3276,Organic Champions
3289,67,Female,Handbag,Accessories,61,South Carolina,XL,White,Spring,4.9,No,Next Day Air,No,No,19,Credit Card,Bi-Weekly,0,0,0,26,Boomer+ (65+),0.0,44.89,Loyalists,1,0,1,1586,Stable Loyalists
3290,31,Female,Backpack,Accessories,50,Montana,M,Maroon,Summer,4.0,No,2-Day Shipping,No,No,16,Venmo,Every 3 Months,0,0,0,4,Millennial-Early (25-34),0.0,26.84,At-Risk,1,0,0,200,At-Risk / Dormant
3291,52,Female,Coat,Outerwear,82,North Dakota,L,Black,Spring,3.1,No,Free Shipping,No,No,2,PayPal,Monthly,0,0,0,12,Gen X (45-54),0.0,33.33,Potential,0,0,0,984,Growth Potential
3292,29,Female,Belt,Accessories,51,New Mexico,L,Olive,Fall,2.6,No,2-Day Shipping,No,No,11,Cash,Monthly,0,0,0,12,Millennial-Early (25-34),0.0,27.12,At-Risk,0,0,0,612,At-Risk / Dormant
3293,62,Female,Handbag,Accessories,23,Missouri,L,Gray,Spring,4.9,No,Standard,No,No,18,Bank Transfer,Fortnightly,0,0,0,26,Boomer-Early (55-64),0.0,27.44,At-Risk,1,0,0,598,At-Risk / Dormant
3294,19,Female,Coat,Outerwear,91,West Virginia,M,Gold,Spring,3.5,No,2-Day Shipping,No,No,47,Credit Card,Fortnightly,0,0,0,26,Gen Z (18-24),0.0,80.87,Champions,0,1,0,2366,Organic Champions
3295,62,Female,Sweater,Clothing,60,South Carolina,S,Magenta,Spring,4.5,No,Store Pickup,No,No,15,Bank Transfer,Bi-Weekly,0,0,0,26,Boomer-Early (55-64),0.0,41.18,Potential,1,0,0,1560,Growth Potential
3296,70,Female,Blouse,Clothing,34,West Virginia,S,Lavender,Summer,2.8,No,Next Day Air,No,No,15,Cash,Weekly,0,0,0,52,Boomer+ (65+),0.0,42.55,Potential,0,0,0,1768,Growth Potential
3297,20,Female,Blouse,Clothing,23,Alaska,M,Green,Spring,4.2,No,Next Day Air,No,No,47,Venmo,Quarterly,0,0,0,4,Gen Z (18-24),0.0,40.33,Potential,1,0,0,92,Growth Potential
3298,67,Female,Belt,Accessories,82,West Virginia,M,Violet,Fall,4.1,No,Free Shipping,No,No,47,PayPal,Monthly,0,0,0,12,Boomer+ (65+),0.0,70.07,Champions,1,1,1,984,Organic Champions
3299,65,Female,Jacket,Outerwear,73,New Mexico,M,Brown,Fall,3.5,No,Express,No,No,6,Bank Transfer,Every 3 Months,0,0,0,4,Boomer+ (65+),0.0,28.74,At-Risk,0,0,0,292,At-Risk / Dormant
3300,45,Female,Shorts,Clothing,32,South Dakota,L,Teal,Spring,4.0,No,2-Day Shipping,No,No,18,Venmo,Monthly,0,0,0,12,Gen X (45-54),0.0,24.52,At-Risk,1,0,0,384,At-Risk / Dormant
3301,26,Female,Hat,Accessories,80,Oklahoma,M,Charcoal,Spring,4.0,No,Express,No,No,40,Bank Transfer,Bi-Weekly,0,0,0,26,Millennial-Early (25-34),0.0,70.34,Champions,1,1,1,2080,Organic Champions
3302,36,Female,Pants,Clothing,58,Oklahoma,XL,Charcoal,Summer,2.5,No,Free Shipping,No,No,31,Credit Card,Fortnightly,0,0,0,26,Millennial-Late (35-44),0.0,53.37,Loyalists,0,1,0,1508,Stable Loyalists
3303,36,Female,Blouse,Clothing,82,Alabama,XL,Beige,Winter,4.2,No,Standard,No,No,31,Venmo,Bi-Weekly,0,0,0,26,Millennial-Late (35-44),0.0,63.87,Champions,1,1,1,2132,Organic Champions
3304,20,Female,Belt,Accessories,60,Mississippi,S,Turquoise,Summer,3.4,No,Next Day Air,No,No,4,Credit Card,Fortnightly,0,0,0,26,Gen Z (18-24),0.0,32.2,At-Risk,0,0,0,1560,At-Risk / Dormant
3305,30,Female,Handbag,Accessories,79,Mississippi,XL,Orange,Fall,4.8,No,Next Day Air,No,No,36,Bank Transfer,Every 3 Months,0,0,0,4,Millennial-Early (25-34),0.0,55.85,Loyalists,1,0,1,316,Stable Loyalists
3306,34,Female,Hoodie,Clothing,41,Nebraska,L,Cyan,Summer,4.9,No,Standard,No,No,31,PayPal,Bi-Weekly,0,0,0,26,Millennial-Early (25-34),0.0,45.93,Loyalists,1,1,1,1066,Stable Loyalists
3307,63,Female,Jacket,Outerwear,39,Colorado,L,Orange,Summer,3.6,No,Store Pickup,No,No,6,Venmo,Fortnightly,0,0,0,26,Boomer-Early (55-64),0.0,24.65,At-Risk,0,0,0,1014,At-Risk / Dormant
3308,18,Female,Scarf,Accessories,36,Pennsylvania,S,Green,Winter,4.0,No,Store Pickup,No,No,1,Cash,Monthly,0,0,0,12,Gen Z (18-24),0.0,12.39,At-Risk,1,0,0,432,At-Risk / Dormant
3309,55,Female,Jeans,Clothing,70,Utah,M,Pink,Fall,2.6,No,Express,No,No,29,Cash,Monthly,0,0,0,12,Boomer-Early (55-64),0.0,50.12,Loyalists,0,1,0,840,Stable Loyalists
3310,48,Female,Handbag,Accessories,47,Massachusetts,M,Blue,Summer,3.1,No,Store Pickup,No,No,19,PayPal,Monthly,0,0,0,12,Gen X (45-54),0.0,31.9,At-Risk,0,0,0,564,At-Risk / Dormant
3311,45,Female,Jacket,Outerwear,27,Iowa,M,Pink,Winter,3.6,No,Free Shipping,No,No,12,PayPal,Fortnightly,0,0,0,26,Gen X (45-54),0.0,24.3,At-Risk,0,0,0,702,At-Risk / Dormant
3312,29,Female,Hat,Accessories,52,Florida,L,Blue,Summer,4.0,No,Express,No,No,18,Bank Transfer,Annually,0,0,0,1,Millennial-Early (25-34),0.0,27.88,At-Risk,1,0,0,52,At-Risk / Dormant
3313,55,Female,Sneakers,Footwear,75,Louisiana,L,Black,Summer,3.9,No,Next Day Air,No,No,45,Cash,Quarterly,0,0,0,4,Boomer-Early (55-64),0.0,61.45,Champions,0,0,0,300,Organic Champions
3314,55,Female,Hat,Accessories,30,Kansas,XL,Black,Fall,3.9,No,Express,No,No,45,Credit Card,Monthly,0,0,0,12,Boomer-Early (55-64),0.0,45.69,Loyalists,0,1,0,360,Stable Loyalists
3315,55,Female,Socks,Clothing,94,Kansas,M,Violet,Spring,3.3,No,Standard,No,No,8,Credit Card,Quarterly,0,0,0,4,Boomer-Early (55-64),0.0,39.56,Potential,0,0,0,376,Growth Potential
3316,48,Female,Scarf,Accessories,68,Kentucky,S,Gold,Summer,2.9,No,Standard,No,No,4,PayPal,Every 3 Months,0,0,0,4,Gen X (45-54),0.0,24.92,At-Risk,0,0,0,272,At-Risk / Dormant
3317,42,Female,Socks,Clothing,45,New Mexico,M,Olive,Summer,3.1,No,Free Shipping,No,No,5,Debit Card,Fortnightly,0,0,0,26,Millennial-Late (35-44),0.0,26.46,At-Risk,0,0,0,1170,At-Risk / Dormant
3318,21,Female,Hat,Accessories,67,North Carolina,XL,Pink,Summer,4.7,No,Standard,No,No,30,Cash,Quarterly,0,0,0,4,Gen Z (18-24),0.0,45.71,Loyalists,1,0,1,268,Stable Loyalists
3319,45,Female,Jacket,Outerwear,46,North Dakota,M,Olive,Summer,3.9,No,Free Shipping,No,No,15,PayPal,Monthly,0,0,0,12,Gen X (45-54),0.0,28.2,At-Risk,0,0,0,552,At-Risk / Dormant
3320,23,Female,Shorts,Clothing,31,North Dakota,M,Indigo,Summer,4.3,No,Next Day Air,No,No,17,Credit Card,Every 3 Months,0,0,0,4,Gen Z (18-24),0.0,19.34,At-Risk,1,0,0,124,At-Risk / Dormant
3321,66,Female,Blouse,Clothing,44,Illinois,XL,Silver,Fall,4.2,No,2-Day Shipping,No,No,45,Cash,Every 3 Months,0,0,0,4,Boomer+ (65+),0.0,47.89,Loyalists,1,0,1,176,Stable Loyalists
3322,32,Female,Coat,Outerwear,100,Maine,S,Charcoal,Winter,4.3,No,Next Day Air,No,No,3,Venmo,Annually,0,0,0,1,Millennial-Early (25-34),0.0,36.63,Potential,1,0,0,100,Growth Potential
3323,52,Female,Sweater,Clothing,92,Indiana,XL,Orange,Winter,4.6,No,Next Day Air,No,No,43,PayPal,Weekly,0,0,0,52,Gen X (45-54),0.0,90.79,Champions,1,1,1,4784,Organic Champions
3324,54,Female,Handbag,Accessories,78,North Dakota,M,Yellow,Winter,3.8,No,Free Shipping,No,No,4,Credit Card,Monthly,0,0,0,12,Gen X (45-54),0.0,33.22,Potential,0,0,0,936,Growth Potential
3325,37,Female,T-shirt,Clothing,32,Missouri,S,Red,Fall,3.3,No,Standard,No,No,41,Venmo,Weekly,0,0,0,52,Millennial-Late (35-44),0.0,62.9,Champions,0,1,0,1664,Organic Champions
3326,29,Female,Sandals,Footwear,97,Alaska,M,Maroon,Fall,3.7,No,2-Day Shipping,No,No,16,Venmo,Monthly,0,0,0,12,Millennial-Early (25-34),0.0,51.32,Loyalists,0,0,0,1164,Stable Loyalists
3327,47,Female,Gloves,Accessories,95,North Dakota,M,Magenta,Summer,4.3,No,Standard,No,No,10,Debit Card,Annually,0,0,0,1,Gen X (45-54),0.0,40.16,Potential,1,0,0,95,Growth Potential
3328,47,Female,Shorts,Clothing,64,Connecticut,M,Black,Spring,4.1,No,Express,No,No,2,Debit Card,Quarterly,0,0,0,4,Gen X (45-54),0.0,21.54,At-Risk,1,0,0,256,At-Risk / Dormant
3329,42,Female,Sandals,Footwear,35,Wisconsin,M,Violet,Spring,3.2,No,Free Shipping,No,No,11,Cash,Bi-Weekly,0,0,0,26,Millennial-Late (35-44),0.0,26.98,At-Risk,0,0,0,910,At-Risk / Dormant
3330,34,Female,Backpack,Accessories,54,New Jersey,M,Gray,Winter,3.8,No,Express,No,No,1,Debit Card,Bi-Weekly,0,0,0,26,Millennial-Early (25-34),0.0,27.13,At-Risk,0,0,0,1404,At-Risk / Dormant
3331,38,Female,Sneakers,Footwear,96,Missouri,M,Black,Spring,3.2,No,2-Day Shipping,No,No,41,Bank Transfer,Quarterly,0,0,0,4,Millennial-Late (35-44),0.0,67.37,Champions,0,0,0,384,Organic Champions
3332,55,Female,Sunglasses,Accessories,58,California,M,Pink,Summer,3.5,No,Free Shipping,No,No,39,PayPal,Quarterly,0,0,0,4,Boomer-Early (55-64),0.0,49.12,Loyalists,0,0,0,232,Stable Loyalists
3333,27,Female,T-shirt,Clothing,23,Washington,M,Silver,Summer,3.1,No,2-Day Shipping,No,No,1,PayPal,Bi-Weekly,0,0,0,26,Millennial-Early (25-34),0.0,13.57,At-Risk,0,0,0,598,At-Risk / Dormant
3334,55,Female,Jeans,Clothing,35,Minnesota,M,Violet,Spring,4.2,No,Express,No,No,3,PayPal,Monthly,0,0,0,12,Boomer-Early (55-64),0.0,13.59,At-Risk,1,0,0,420,At-Risk / Dormant
3335,66,Female,Shirt,Clothing,23,California,M,Beige,Summer,3.4,No,Free Shipping,No,No,21,Credit Card,Annually,0,0,0,1,Boomer+ (65+),0.0,17.64,At-Risk,0,0,0,23,At-Risk / Dormant
3336,44,Female,Hat,Accessories,94,Texas,XL,Cyan,Winter,3.5,No,Express,No,No,48,Bank Transfer,Quarterly,0,0,0,4,Millennial-Late (35-44),0.0,72.21,Champions,0,0,0,376,Organic Champions
3337,39,Female,Blouse,Clothing,45,Montana,M,Brown,Fall,4.0,No,Free Shipping,No,No,24,Debit Card,Annually,0,0,0,1,Millennial-Late (35-44),0.0,29.71,At-Risk,1,0,0,45,At-Risk / Dormant
3338,23,Female,Jacket,Outerwear,23,Arizona,L,Blue,Winter,4.4,No,2-Day Shipping,No,No,45,Bank Transfer,Bi-Weekly,0,0,0,26,Gen Z (18-24),0.0,49.49,Loyalists,1,1,1,598,Stable Loyalists
3339,29,Female,Skirt,Clothing,94,Minnesota,L,White,Winter,2.9,No,2-Day Shipping,No,No,46,Credit Card,Monthly,0,0,0,12,Millennial-Early (25-34),0.0,74.5,Champions,0,1,0,1128,Organic Champions
3340,20,Female,Gloves,Accessories,99,Nebraska,M,Cyan,Fall,3.6,No,Store Pickup,No,No,35,Cash,Fortnightly,0,0,0,26,Gen Z (18-24),0.0,74.57,Champions,0,1,0,2574,Organic Champions
3341,42,Female,T-shirt,Clothing,36,Virginia,XL,Maroon,Fall,4.4,No,Free Shipping,No,No,47,Credit Card,Fortnightly,0,0,0,26,Millennial-Late (35-44),0.0,56.81,Loyalists,1,1,1,936,Stable Loyalists
3342,55,Female,Jacket,Outerwear,50,Connecticut,XL,Olive,Summer,4.5,No,Standard,No,No,35,Credit Card,Monthly,0,0,0,12,Boomer-Early (55-64),0.0,46.27,Loyalists,1,1,1,600,Stable Loyalists
3343,66,Female,Jacket,Outerwear,81,New Jersey,M,Violet,Spring,3.8,No,Free Shipping,No,No,45,Credit Card,Weekly,0,0,0,52,Boomer+ (65+),0.0,87.61,Champions,0,1,0,4212,Organic Champions
3344,24,Female,Shorts,Clothing,31,Kentucky,XL,Green,Winter,3.6,No,2-Day Shipping,No,No,6,Cash,Bi-Weekly,0,0,0,26,Gen Z (18-24),0.0,21.15,At-Risk,0,0,0,806,At-Risk / Dormant
3345,62,Female,Hat,Accessories,48,Washington,XL,Magenta,Fall,4.3,No,Free Shipping,No,No,20,Cash,Annually,0,0,0,1,Boomer-Early (55-64),0.0,27.76,At-Risk,1,0,0,48,At-Risk / Dormant
3346,28,Female,Handbag,Accessories,91,Florida,M,Turquoise,Summer,4.0,No,2-Day Shipping,No,No,3,Venmo,Bi-Weekly,0,0,0,26,Millennial-Early (25-34),0.0,44.95,Loyalists,1,0,1,2366,Stable Loyalists
3347,30,Female,Jeans,Clothing,99,Oklahoma,M,Black,Summer,3.4,No,Express,No,No,30,Venmo,Quarterly,0,0,0,4,Millennial-Early (25-34),0.0,59.71,Champions,0,0,0,396,Organic Champions
3348,22,Female,Shoes,Footwear,70,Iowa,XL,Cyan,Summer,4.4,No,Standard,No,No,28,PayPal,Bi-Weekly,0,0,0,26,Gen Z (18-24),0.0,56.17,Loyalists,1,1,1,1820,Stable Loyalists
3349,28,Female,T-shirt,Clothing,74,New Hampshire,L,Gray,Winter,2.8,No,Standard,No,No,15,Cash,Every 3 Months,0,0,0,4,Millennial-Early (25-34),0.0,36.52,Potential,0,0,0,296,Growth Potential
3350,35,Female,Jewelry,Accessories,79,Georgia,M,Red,Fall,2.8,No,Store Pickup,No,No,29,PayPal,Quarterly,0,0,0,4,Millennial-Late (35-44),0.0,50.14,Loyalists,0,0,0,316,Stable Loyalists
3351,45,Female,Handbag,Accessories,33,Mississippi,S,Olive,Fall,4.9,No,2-Day Shipping,No,No,15,Cash,Bi-Weekly,0,0,0,26,Gen X (45-54),0.0,29.37,At-Risk,1,0,0,858,At-Risk / Dormant
3352,43,Female,Shirt,Clothing,49,New Hampshire,L,Cyan,Spring,4.2,No,2-Day Shipping,No,No,18,Bank Transfer,Fortnightly,0,0,0,26,Millennial-Late (35-44),0.0,38.82,Potential,1,0,0,1274,Growth Potential
3353,55,Female,Belt,Accessories,96,Washington,M,Teal,Summer,2.9,No,Next Day Air,No,No,7,Bank Transfer,Bi-Weekly,0,0,0,26,Boomer-Early (55-64),0.0,50.4,Loyalists,0,0,0,2496,Stable Loyalists
3354,31,Female,Dress,Clothing,66,Ohio,L,Teal,Fall,4.6,No,Free Shipping,No,No,19,Credit Card,Every 3 Months,0,0,0,4,Millennial-Early (25-34),0.0,36.29,Potential,1,0,0,264,Growth Potential
3355,42,Female,Skirt,Clothing,45,Maryland,M,Orange,Fall,2.8,No,Next Day Air,No,No,15,PayPal,Weekly,0,0,0,52,Millennial-Late (35-44),0.0,47.37,Loyalists,0,0,0,2340,Stable Loyalists
3356,40,Female,Blouse,Clothing,28,Delaware,M,Peach,Spring,2.6,No,Store Pickup,No,No,3,Bank Transfer,Bi-Weekly,0,0,0,26,Millennial-Late (35-44),0.0,17.39,At-Risk,0,0,0,728,At-Risk / Dormant
3357,39,Female,Jeans,Clothing,48,Tennessee,M,Silver,Summer,3.5,No,Store Pickup,No,No,13,PayPal,Bi-Weekly,0,0,0,26,Millennial-Late (35-44),0.0,34.3,Potential,0,0,0,1248,Growth Potential
3358,41,Female,Hoodie,Clothing,67,Arkansas,M,Pink,Winter,3.5,No,Free Shipping,No,No,37,Credit Card,Monthly,0,0,0,12,Millennial-Late (35-44),0.0,55.34,Loyalists,0,1,0,804,Stable Loyalists
3359,56,Female,T-shirt,Clothing,59,Tennessee,M,Magenta,Fall,3.4,No,2-Day Shipping,No,No,26,Cash,Annually,0,0,0,1,Boomer-Early (55-64),0.0,37.47,Potential,0,0,0,59,Growth Potential
3360,43,Female,Sunglasses,Accessories,74,New Hampshire,L,Red,Fall,3.9,No,Next Day Air,No,No,29,Debit Card,Monthly,0,0,0,12,Millennial-Late (35-44),0.0,51.87,Loyalists,0,1,0,888,Stable Loyalists
3361,22,Female,Jacket,Outerwear,81,Minnesota,M,Maroon,Spring,3.3,No,2-Day Shipping,No,No,47,Cash,Every 3 Months,0,0,0,4,Gen Z (18-24),0.0,65.71,Champions,0,0,0,324,Organic Champions
3362,47,Female,Shoes,Footwear,26,Florida,M,Silver,Spring,4.1,No,Free Shipping,No,No,47,Credit Card,Bi-Weekly,0,0,0,26,Gen X (45-54),0.0,52.43,Loyalists,1,1,1,676,Stable Loyalists
3363,50,Female,Handbag,Accessories,61,Tennessee,M,Gray,Summer,3.0,No,Next Day Air,No,No,48,Venmo,Fortnightly,0,0,0,26,Gen X (45-54),0.0,68.56,Champions,0,1,0,1586,Organic Champions
3364,58,Female,Sweater,Clothing,23,California,M,Turquoise,Winter,3.0,No,Next Day Air,No,No,46,Bank Transfer,Bi-Weekly,0,0,0,26,Boomer-Early (55-64),0.0,50.3,Loyalists,0,1,0,598,Stable Loyalists
3365,50,Female,Scarf,Accessories,33,Oregon,M,Peach,Fall,3.2,No,Standard,No,No,7,Credit Card,Monthly,0,0,0,12,Gen X (45-54),0.0,15.98,At-Risk,0,0,0,396,At-Risk / Dormant
3366,43,Female,Skirt,Clothing,58,Tennessee,L,Teal,Fall,3.9,No,Express,No,No,45,Credit Card,Every 3 Months,0,0,0,4,Millennial-Late (35-44),0.0,54.01,Loyalists,0,0,0,232,Stable Loyalists
3367,38,Female,Gloves,Accessories,65,North Carolina,M,Red,Spring,3.6,No,2-Day Shipping,No,No,47,Debit Card,Quarterly,0,0,0,4,Millennial-Late (35-44),0.0,58.71,Champions,0,0,0,260,Organic Champions
3368,44,Female,T-shirt,Clothing,48,Tennessee,M,Blue,Summer,3.1,No,Store Pickup,No,No,6,Venmo,Fortnightly,0,0,0,26,Millennial-Late (35-44),0.0,28.59,At-Risk,0,0,0,1248,At-Risk / Dormant
3369,30,Female,Sandals,Footwear,25,Nebraska,M,Blue,Spring,4.8,No,Express,No,No,29,Bank Transfer,Every 3 Months,0,0,0,4,Millennial-Early (25-34),0.0,26.52,At-Risk,1,0,0,100,At-Risk / Dormant
3370,47,Female,Sweater,Clothing,51,Maine,M,Indigo,Winter,3.8,No,2-Day Shipping,No,No,42,Cash,Monthly,0,0,0,12,Gen X (45-54),0.0,52.42,Loyalists,0,1,0,612,Stable Loyalists
3371,30,Female,Belt,Accessories,31,Illinois,M,Charcoal,Summer,2.8,No,Store Pickup,No,No,46,Cash,Fortnightly,0,0,0,26,Millennial-Early (25-34),0.0,53.8,Loyalists,0,1,0,806,Stable Loyalists
3372,49,Female,Hoodie,Clothing,99,Colorado,S,Turquoise,Winter,4.0,No,Next Day Air,No,No,28,PayPal,Annually,0,0,0,1,Gen X (45-54),0.0,56.6,Loyalists,1,0,1,99,Stable Loyalists
3373,56,Female,Socks,Clothing,25,Pennsylvania,M,Maroon,Winter,4.6,No,Free Shipping,No,No,14,Credit Card,Every 3 Months,0,0,0,4,Boomer-Early (55-64),0.0,14.27,At-Risk,1,0,0,100,At-Risk / Dormant
3374,70,Female,Sandals,Footwear,52,Minnesota,M,Purple,Spring,3.5,No,Store Pickup,No,No,12,Debit Card,Every 3 Months,0,0,0,4,Boomer+ (65+),0.0,24.45,At-Risk,0,0,0,208,At-Risk / Dormant
3375,22,Female,Blouse,Clothing,47,Nevada,S,Lavender,Spring,3.7,No,2-Day Shipping,No,No,41,Debit Card,Annually,0,0,0,1,Gen Z (18-24),0.0,44.47,Potential,0,0,0,47,Growth Potential
3376,51,Female,Boots,Footwear,98,Connecticut,XL,Yellow,Fall,4.9,No,Express,No,No,8,Credit Card,Annually,0,0,0,1,Gen X (45-54),0.0,39.84,Potential,1,0,0,98,Growth Potential
3377,22,Female,Hat,Accessories,46,Ohio,M,Green,Winter,4.1,No,Store Pickup,No,No,24,Cash,Quarterly,0,0,0,4,Gen Z (18-24),0.0,31.62,At-Risk,1,0,0,184,At-Risk / Dormant
3378,37,Female,Shirt,Clothing,32,Kentucky,M,Yellow,Winter,4.6,No,Next Day Air,No,No,18,PayPal,Fortnightly,0,0,0,26,Millennial-Late (35-44),0.0,31.38,At-Risk,1,0,0,832,At-Risk / Dormant
3379,49,Female,Shorts,Clothing,75,Minnesota,L,Gold,Fall,4.5,No,Next Day Air,No,No,6,Cash,Quarterly,0,0,0,4,Gen X (45-54),0.0,29.61,At-Risk,1,0,0,300,At-Risk / Dormant
3380,61,Female,Handbag,Accessories,51,Tennessee,L,Turquoise,Summer,5.0,No,Store Pickup,No,No,40,Cash,Weekly,0,0,0,52,Boomer-Early (55-64),0.0,70.4,Champions,1,1,1,2652,Organic Champions
3381,41,Female,Dress,Clothing,52,North Dakota,L,Blue,Summer,3.8,No,Standard,No,No,6,PayPal,Every 3 Months,0,0,0,4,Millennial-Late (35-44),0.0,19.55,At-Risk,0,0,0,208,At-Risk / Dormant
3382,57,Female,Hat,Accessories,66,Minnesota,L,Turquoise,Winter,4.7,No,Standard,No,No,27,Credit Card,Quarterly,0,0,0,4,Boomer-Early (55-64),0.0,42.82,Potential,1,0,0,264,Growth Potential
3383,34,Female,Sweater,Clothing,35,Nebraska,M,Maroon,Spring,2.8,No,Express,No,No,2,Bank Transfer,Weekly,0,0,0,52,Millennial-Early (25-34),0.0,32.38,At-Risk,0,0,0,1820,At-Risk / Dormant
3384,27,Female,Coat,Outerwear,43,Delaware,M,Pink,Fall,2.6,No,Next Day Air,No,No,39,Venmo,Bi-Weekly,0,0,0,26,Millennial-Early (25-34),0.0,53.34,Loyalists,0,1,0,1118,Stable Loyalists
3385,39,Female,Hoodie,Clothing,24,Minnesota,L,Maroon,Summer,3.8,No,Free Shipping,No,No,9,Venmo,Quarterly,0,0,0,4,Millennial-Late (35-44),0.0,9.75,At-Risk,0,0,0,96,At-Risk / Dormant
3386,62,Female,Jewelry,Accessories,83,Rhode Island,M,Olive,Winter,2.8,No,Standard,No,No,16,Credit Card,Every 3 Months,0,0,0,4,Boomer-Early (55-64),0.0,41.28,Potential,0,0,0,332,Growth Potential
3387,34,Female,T-shirt,Clothing,62,Michigan,M,Lavender,Fall,2.6,No,2-Day Shipping,No,No,36,Cash,Quarterly,0,0,0,4,Millennial-Early (25-34),0.0,48.42,Loyalists,0,0,0,248,Stable Loyalists
3388,53,Female,Pants,Clothing,78,New Jersey,S,Pink,Spring,3.4,No,2-Day Shipping,No,No,2,Credit Card,Bi-Weekly,0,0,0,26,Gen X (45-54),0.0,38.45,Potential,0,0,0,2028,Growth Potential
3389,35,Female,Sweater,Clothing,61,South Dakota,M,Cyan,Spring,4.5,No,Store Pickup,No,No,21,Credit Card,Weekly,0,0,0,52,Millennial-Late (35-44),0.0,59.26,Champions,1,0,1,3172,Organic Champions
3390,38,Female,Pants,Clothing,57,North Carolina,L,Maroon,Fall,3.8,No,Free Shipping,No,No,39,Venmo,Annually,0,0,0,1,Millennial-Late (35-44),0.0,47.21,Loyalists,0,0,0,57,Stable Loyalists
3391,32,Female,Socks,Clothing,70,Oregon,S,Red,Summer,3.0,No,Next Day Air,No,No,38,PayPal,Annually,0,0,0,1,Millennial-Early (25-34),0.0,52.08,Loyalists,0,0,0,70,Stable Loyalists
3392,47,Female,Hoodie,Clothing,57,Montana,M,Silver,Fall,3.7,No,2-Day Shipping,No,No,6,Debit Card,Every 3 Months,0,0,0,4,Gen X (45-54),0.0,21.74,At-Risk,0,0,0,228,At-Risk / Dormant
3393,53,Female,Scarf,Accessories,74,New Jersey,XL,Blue,Winter,4.4,No,Free Shipping,No,No,6,Venmo,Bi-Weekly,0,0,0,26,Gen X (45-54),0.0,39.96,Potential,1,0,0,1924,Growth Potential
3394,60,Female,Dress,Clothing,90,Arizona,M,Gold,Fall,3.1,No,Next Day Air,No,No,50,Debit Card,Monthly,0,0,0,12,Boomer-Early (55-64),0.0,76.02,Champions,0,1,0,1080,Organic Champions
3395,31,Female,Sandals,Footwear,98,Vermont,S,Yellow,Spring,4.2,No,Store Pickup,No,No,9,PayPal,Annually,0,0,0,1,Millennial-Early (25-34),0.0,40.66,Potential,1,0,0,98,Growth Potential
3396,44,Female,Dress,Clothing,43,Colorado,M,Silver,Winter,3.1,No,Free Shipping,No,No,15,Debit Card,Every 3 Months,0,0,0,4,Millennial-Late (35-44),0.0,22.96,At-Risk,0,0,0,172,At-Risk / Dormant
3397,29,Female,Pants,Clothing,37,Tennessee,XL,Black,Winter,5.0,No,Next Day Air,No,No,5,PayPal,Quarterly,0,0,0,4,Millennial-Early (25-34),0.0,12.17,At-Risk,1,0,0,148,At-Risk / Dormant
3398,19,Female,Blouse,Clothing,38,New Jersey,L,Yellow,Summer,2.7,No,Standard,No,No,13,Bank Transfer,Bi-Weekly,0,0,0,26,Gen Z (18-24),0.0,29.93,At-Risk,0,0,0,988,At-Risk / Dormant
3399,54,Female,Jeans,Clothing,60,Montana,L,Pink,Winter,3.8,No,Standard,No,No,44,Cash,Fortnightly,0,0,0,26,Gen X (45-54),0.0,64.86,Champions,0,1,0,1560,Organic Champions
3400,40,Female,Pants,Clothing,55,Montana,XL,Yellow,Winter,3.3,No,Standard,No,No,36,Debit Card,Annually,0,0,0,1,Millennial-Late (35-44),0.0,43.88,Potential,0,0,0,55,Growth Potential
3401,39,Female,Sunglasses,Accessories,51,Nevada,M,Lavender,Fall,4.8,No,Free Shipping,No,No,18,Venmo,Fortnightly,0,0,0,26,Millennial-Late (35-44),0.0,39.69,Potential,1,0,0,1326,Growth Potential
3402,44,Female,Backpack,Accessories,71,Nevada,L,Peach,Winter,3.4,No,Standard,No,No,39,Credit Card,Weekly,0,0,0,52,Millennial-Late (35-44),0.0,78.33,Champions,0,1,0,3692,Organic Champions
3403,22,Female,Hoodie,Clothing,61,Louisiana,M,Black,Spring,4.4,No,2-Day Shipping,No,No,11,PayPal,Every 3 Months,0,0,0,4,Gen Z (18-24),0.0,27.57,At-Risk,1,0,0,244,At-Risk / Dormant
3404,30,Female,Boots,Footwear,65,Illinois,M,Olive,Summer,3.9,No,Standard,No,No,1,Cash,Bi-Weekly,0,0,0,26,Millennial-Early (25-34),0.0,31.94,At-Risk,0,0,0,1690,At-Risk / Dormant
3405,69,Female,Gloves,Accessories,34,South Carolina,L,Olive,Fall,3.9,No,2-Day Shipping,No,No,34,Credit Card,Annually,0,0,0,1,Boomer+ (65+),0.0,33.06,Potential,0,0,0,34,Growth Potential
3406,28,Female,Blouse,Clothing,87,Washington,M,White,Summer,4.2,No,Store Pickup,No,No,47,Bank Transfer,Bi-Weekly,0,0,0,26,Millennial-Early (25-34),0.0,79.12,Champions,1,1,1,2262,Organic Champions
3407,57,Female,Sweater,Clothing,79,Nebraska,M,Red,Spring,4.0,No,Store Pickup,No,No,24,Venmo,Quarterly,0,0,0,4,Boomer-Early (55-64),0.0,46.06,Loyalists,1,0,1,316,Stable Loyalists
3408,46,Female,Dress,Clothing,46,Alabama,S,Purple,Spring,2.6,No,Store Pickup,No,No,20,Cash,Quarterly,0,0,0,4,Gen X (45-54),0.0,28.36,At-Risk,0,0,0,184,At-Risk / Dormant
3409,48,Female,Socks,Clothing,72,Montana,L,Purple,Summer,4.4,No,Standard,No,No,11,Bank Transfer,Annually,0,0,0,1,Gen X (45-54),0.0,30.91,At-Risk,1,0,0,72,At-Risk / Dormant
3410,24,Female,Shirt,Clothing,93,Minnesota,M,Teal,Summer,3.2,No,Next Day Air,No,No,3,Credit Card,Every 3 Months,0,0,0,4,Gen Z (18-24),0.0,35.04,Potential,0,0,0,372,Growth Potential
3411,50,Female,Sandals,Footwear,76,Ohio,L,Teal,Summer,4.3,No,Free Shipping,No,No,38,Bank Transfer,Bi-Weekly,0,0,0,26,Gen X (45-54),0.0,66.96,Champions,1,1,1,1976,Organic Champions
3412,29,Female,Shoes,Footwear,56,New York,L,Gray,Winter,4.9,No,2-Day Shipping,No,No,45,Cash,Weekly,0,0,0,52,Millennial-Early (25-34),0.0,76.67,Champions,1,1,1,2912,Organic Champions
3413,61,Female,Sandals,Footwear,83,Indiana,M,Magenta,Fall,3.8,No,Store Pickup,No,No,31,Venmo,Quarterly,0,0,0,4,Boomer-Early (55-64),0.0,53.52,Loyalists,0,0,0,332,Stable Loyalists
3414,34,Female,Gloves,Accessories,90,Delaware,XL,Black,Winter,2.5,No,Express,No,No,16,PayPal,Bi-Weekly,0,0,0,26,Millennial-Early (25-34),0.0,55.12,Loyalists,0,0,0,2340,Stable Loyalists
3415,27,Female,Boots,Footwear,94,Connecticut,M,Maroon,Spring,4.9,No,Next Day Air,No,No,3,Bank Transfer,Quarterly,0,0,0,4,Millennial-Early (25-34),0.0,35.48,Potential,1,0,0,376,Growth Potential
3416,38,Female,Blouse,Clothing,68,New York,M,Gold,Fall,3.0,No,2-Day Shipping,No,No,15,Bank Transfer,Annually,0,0,0,1,Millennial-Late (35-44),0.0,32.43,At-Risk,0,0,0,68,At-Risk / Dormant
3417,25,Female,Sandals,Footwear,53,Alabama,M,Purple,Spring,3.2,No,Store Pickup,No,No,11,Bank Transfer,Every 3 Months,0,0,0,4,Millennial-Early (25-34),0.0,24.07,At-Risk,0,0,0,212,At-Risk / Dormant
3418,54,Female,Coat,Outerwear,35,Massachusetts,M,Blue,Summer,2.9,No,2-Day Shipping,No,No,22,Debit Card,Fortnightly,0,0,0,26,Gen X (45-54),0.0,35.96,Potential,0,0,0,910,Growth Potential
3419,53,Female,Jacket,Outerwear,30,South Carolina,M,Beige,Summer,2.8,No,Free Shipping,No,No,35,Debit Card,Annually,0,0,0,1,Gen X (45-54),0.0,32.13,At-Risk,0,0,0,30,At-Risk / Dormant
3420,23,Female,Jewelry,Accessories,26,West Virginia,L,Indigo,Winter,3.1,No,Store Pickup,No,No,5,Venmo,Bi-Weekly,0,0,0,26,Gen Z (18-24),0.0,18.15,At-Risk,0,0,0,676,At-Risk / Dormant
3421,19,Female,Hat,Accessories,60,Kentucky,M,Purple,Winter,3.4,No,Express,No,No,35,PayPal,Bi-Weekly,0,0,0,26,Gen Z (18-24),0.0,57.51,Loyalists,0,1,0,1560,Stable Loyalists
3422,57,Female,Shoes,Footwear,30,New Jersey,M,Maroon,Summer,2.9,No,Free Shipping,No,No,27,PayPal,Weekly,0,0,0,52,Boomer-Early (55-64),0.0,50.6,Loyalists,0,1,0,1560,Stable Loyalists
3423,19,Female,Coat,Outerwear,91,New York,L,Beige,Winter,3.2,No,Next Day Air,No,No,9,Venmo,Monthly,0,0,0,12,Gen Z (18-24),0.0,42.99,Potential,0,0,0,1092,Growth Potential
3424,33,Female,Boots,Footwear,71,Massachusetts,M,Brown,Spring,3.8,No,Next Day Air,No,No,21,PayPal,Bi-Weekly,0,0,0,26,Millennial-Early (25-34),0.0,50.89,Loyalists,0,0,0,1846,Stable Loyalists
3425,33,Female,Scarf,Accessories,64,Florida,L,Green,Summer,3.6,No,2-Day Shipping,No,No,23,Credit Card,Monthly,0,0,0,12,Millennial-Early (25-34),0.0,42.6,Potential,0,0,0,768,Growth Potential
3426,38,Female,Hat,Accessories,54,Michigan,M,Blue,Summer,4.3,No,Next Day Air,No,No,3,Debit Card,Bi-Weekly,0,0,0,26,Millennial-Late (35-44),0.0,28.76,At-Risk,1,0,0,1404,At-Risk / Dormant
3427,47,Female,Socks,Clothing,35,Oregon,XL,Magenta,Fall,4.8,No,2-Day Shipping,No,No,31,Credit Card,Annually,0,0,0,1,Gen X (45-54),0.0,31.05,At-Risk,1,0,0,35,At-Risk / Dormant
3428,39,Female,T-shirt,Clothing,38,Michigan,XL,Turquoise,Winter,2.5,No,Store Pickup,No,No,44,Cash,Annually,0,0,0,1,Millennial-Late (35-44),0.0,42.98,Potential,0,0,0,38,Growth Potential
3429,32,Female,Jewelry,Accessories,69,Washington,M,Gray,Fall,2.5,No,Next Day Air,No,No,20,Venmo,Monthly,0,0,0,12,Millennial-Early (25-34),0.0,42.34,Potential,0,0,0,828,Growth Potential
3430,27,Female,Skirt,Clothing,96,Alaska,S,Purple,Winter,4.6,No,Express,No,No,34,Debit Card,Weekly,0,0,0,52,Millennial-Early (25-34),0.0,85.19,Champions,1,1,1,4992,Organic Champions
3431,67,Female,Socks,Clothing,73,Montana,M,Lavender,Winter,4.2,No,Next Day Air,No,No,17,Bank Transfer,Every 3 Months,0,0,0,4,Boomer+ (65+),0.0,37.72,Potential,1,0,0,292,Growth Potential
3432,46,Female,Belt,Accessories,49,New Mexico,S,Green,Summer,4.2,No,Express,No,No,20,Venmo,Annually,0,0,0,1,Gen X (45-54),0.0,28.2,At-Risk,1,0,0,49,At-Risk / Dormant
3433,36,Female,Boots,Footwear,44,Connecticut,M,Gray,Summer,4.8,No,2-Day Shipping,No,No,46,PayPal,Every 3 Months,0,0,0,4,Millennial-Late (35-44),0.0,48.71,Loyalists,1,0,1,176,Stable Loyalists
3434,62,Female,Socks,Clothing,93,Alaska,M,Yellow,Spring,4.5,No,Free Shipping,No,No,28,PayPal,Annually,0,0,0,1,Boomer-Early (55-64),0.0,53.98,Loyalists,1,0,1,93,Stable Loyalists
3435,31,Female,Pants,Clothing,72,Ohio,S,Orange,Summer,3.3,No,2-Day Shipping,No,No,6,Venmo,Fortnightly,0,0,0,26,Millennial-Early (25-34),0.0,39.09,Potential,0,0,0,1872,Growth Potential
3436,68,Female,Socks,Clothing,91,Montana,M,Beige,Summer,2.7,No,2-Day Shipping,No,No,50,Debit Card,Bi-Weekly,0,0,0,26,Boomer+ (65+),0.0,83.32,Champions,0,1,0,2366,Organic Champions
3437,57,Female,Belt,Accessories,83,Nebraska,L,Peach,Winter,2.8,No,2-Day Shipping,No,No,41,Bank Transfer,Monthly,0,0,0,12,Boomer-Early (55-64),0.0,65.61,Champions,0,1,0,996,Organic Champions
3438,22,Female,Jacket,Outerwear,62,Oklahoma,S,Green,Winter,3.5,No,2-Day Shipping,No,No,50,PayPal,Annually,0,0,0,1,Gen Z (18-24),0.0,58.38,Champions,0,0,0,62,Organic Champions
3439,26,Female,Shirt,Clothing,71,Kentucky,M,Violet,Fall,3.0,No,Store Pickup,No,No,33,Credit Card,Monthly,0,0,0,12,Millennial-Early (25-34),0.0,53.83,Loyalists,0,1,0,852,Stable Loyalists
3440,43,Female,Gloves,Accessories,93,Idaho,M,Gray,Summer,4.5,No,Express,No,No,25,Venmo,Quarterly,0,0,0,4,Millennial-Late (35-44),0.0,53.0,Loyalists,1,0,1,372,Stable Loyalists
3441,45,Female,Handbag,Accessories,63,Maryland,L,Magenta,Fall,4.3,No,2-Day Shipping,No,No,2,PayPal,Weekly,0,0,0,52,Gen X (45-54),0.0,44.63,Potential,1,0,0,3276,Growth Potential
3442,64,Female,Sweater,Clothing,96,Tennessee,XL,Charcoal,Fall,4.1,No,Standard,No,No,15,Credit Card,Annually,0,0,0,1,Boomer-Early (55-64),0.0,44.68,Potential,1,0,0,96,Growth Potential
3443,28,Female,Skirt,Clothing,78,Michigan,M,Violet,Spring,4.3,No,Next Day Air,No,No,12,PayPal,Weekly,0,0,0,52,Millennial-Early (25-34),0.0,59.35,Champions,1,0,1,4056,Organic Champions
3444,47,Female,Dress,Clothing,24,Tennessee,L,Silver,Summer,5.0,No,Free Shipping,No,No,28,Cash,Bi-Weekly,0,0,0,26,Gen X (45-54),0.0,36.05,Potential,1,1,0,624,Growth Potential
3445,53,Female,Pants,Clothing,63,Rhode Island,S,Green,Summer,3.8,No,2-Day Shipping,No,No,12,Bank Transfer,Bi-Weekly,0,0,0,26,Gen X (45-54),0.0,40.05,Potential,0,0,0,1638,Growth Potential
3446,42,Female,Hat,Accessories,58,Florida,M,Magenta,Fall,4.9,No,Standard,No,No,3,Debit Card,Annually,0,0,0,1,Millennial-Late (35-44),0.0,18.26,At-Risk,1,0,0,58,At-Risk / Dormant
3447,51,Female,Boots,Footwear,55,Louisiana,S,Purple,Spring,5.0,No,2-Day Shipping,No,No,20,Cash,Weekly,0,0,0,52,Gen X (45-54),0.0,55.82,Loyalists,1,0,1,2860,Stable Loyalists
3448,62,Female,Sandals,Footwear,58,Arkansas,M,Blue,Fall,4.3,No,Express,No,No,3,Bank Transfer,Bi-Weekly,0,0,0,26,Boomer-Early (55-64),0.0,30.51,At-Risk,1,0,0,1508,At-Risk / Dormant
3449,18,Female,Coat,Outerwear,28,Kentucky,S,Yellow,Winter,4.1,No,Express,No,No,32,Bank Transfer,Fortnightly,0,0,0,26,Gen Z (18-24),0.0,41.06,Potential,1,1,0,728,Growth Potential
3450,48,Female,Blouse,Clothing,37,Kansas,M,Brown,Spring,4.5,No,Standard,No,No,35,Cash,Monthly,0,0,0,12,Gen X (45-54),0.0,40.58,Potential,1,1,0,444,Growth Potential
3451,20,Female,Shorts,Clothing,78,Vermont,M,Pink,Spring,3.6,No,Store Pickup,No,No,31,PayPal,Monthly,0,0,0,12,Gen Z (18-24),0.0,55.26,Loyalists,0,1,0,936,Stable Loyalists
3452,32,Female,Blouse,Clothing,73,Nevada,XL,Silver,Fall,3.0,No,Free Shipping,No,No,13,Credit Card,Annually,0,0,0,1,Millennial-Early (25-34),0.0,32.98,Potential,0,0,0,73,Growth Potential
3453,26,Female,Jacket,Outerwear,20,Oklahoma,M,Indigo,Spring,3.7,No,Next Day Air,No,No,3,Venmo,Fortnightly,0,0,0,26,Millennial-Early (25-34),0.0,13.89,At-Risk,0,0,0,520,At-Risk / Dormant
3454,31,Female,Shirt,Clothing,60,Alabama,L,Pink,Winter,4.3,No,Standard,No,No,48,Venmo,Bi-Weekly,0,0,0,26,Millennial-Early (25-34),0.0,68.12,Champions,1,1,1,1560,Organic Champions
3455,55,Female,Handbag,Accessories,71,Louisiana,S,Lavender,Fall,4.6,No,Store Pickup,No,No,15,PayPal,Bi-Weekly,0,0,0,26,Boomer-Early (55-64),0.0,46.0,Loyalists,1,0,1,1846,Stable Loyalists
3456,49,Female,T-shirt,Clothing,89,Ohio,M,Orange,Fall,4.7,No,Standard,No,No,13,Venmo,Annually,0,0,0,1,Gen X (45-54),0.0,39.98,Potential,1,0,0,89,Growth Potential
3457,42,Female,Hoodie,Clothing,53,Texas,M,Red,Fall,4.6,No,Express,No,No,21,Venmo,Monthly,0,0,0,12,Millennial-Late (35-44),0.0,36.16,Potential,1,0,0,636,Growth Potential
3458,64,Female,Jewelry,Accessories,87,Maryland,M,Gray,Summer,3.0,No,Express,No,No,29,Cash,Fortnightly,0,0,0,26,Boomer-Early (55-64),0.0,64.42,Champions,0,1,0,2262,Organic Champions
3459,68,Female,Jewelry,Accessories,37,West Virginia,L,Violet,Spring,3.4,No,Standard,No,No,24,Venmo,Quarterly,0,0,0,4,Boomer+ (65+),0.0,27.68,At-Risk,0,0,0,148,At-Risk / Dormant
3460,68,Female,Hoodie,Clothing,37,Ohio,L,Green,Fall,3.8,No,Express,No,No,21,PayPal,Annually,0,0,0,1,Boomer+ (65+),0.0,23.76,At-Risk,0,0,0,37,At-Risk / Dormant
3461,41,Female,Scarf,Accessories,78,Indiana,M,Gold,Spring,3.1,No,Express,No,No,5,Bank Transfer,Bi-Weekly,0,0,0,26,Millennial-Late (35-44),0.0,40.9,Potential,0,0,0,2028,Growth Potential
3462,51,Female,Shoes,Footwear,23,Wyoming,S,Maroon,Spring,4.4,No,Standard,No,No,47,Cash,Quarterly,0,0,0,4,Gen X (45-54),0.0,40.33,Potential,1,0,0,92,Growth Potential
3463,44,Female,Jeans,Clothing,73,Michigan,L,Olive,Spring,4.5,No,Standard,No,No,34,Credit Card,Every 3 Months,0,0,0,4,Millennial-Late (35-44),0.0,51.6,Loyalists,1,0,1,292,Stable Loyalists
3464,27,Female,Jewelry,Accessories,27,Maine,M,Yellow,Fall,2.8,No,2-Day Shipping,No,No,45,PayPal,Fortnightly,0,0,0,26,Millennial-Early (25-34),0.0,51.24,Loyalists,0,1,0,702,Stable Loyalists
3465,36,Female,Coat,Outerwear,59,Utah,S,Peach,Winter,2.7,No,Next Day Air,No,No,12,PayPal,Annually,0,0,0,1,Millennial-Late (35-44),0.0,26.04,At-Risk,0,0,0,59,At-Risk / Dormant
3466,19,Female,Backpack,Accessories,53,Iowa,M,Gold,Spring,3.4,No,Standard,No,No,31,Debit Card,Weekly,0,0,0,52,Gen Z (18-24),0.0,63.93,Champions,0,1,0,2756,Organic Champions
3467,49,Female,Socks,Clothing,42,Maryland,S,Purple,Summer,4.6,No,Standard,No,No,43,Bank Transfer,Annually,0,0,0,1,Gen X (45-54),0.0,43.91,Potential,1,0,0,42,Growth Potential
3468,18,Female,Scarf,Accessories,45,Texas,M,Charcoal,Fall,5.0,No,Next Day Air,No,No,5,Credit Card,Annually,0,0,0,1,Gen Z (18-24),0.0,14.2,At-Risk,1,0,0,45,At-Risk / Dormant
3469,36,Female,Sunglasses,Accessories,89,Ohio,S,Indigo,Winter,3.5,No,Standard,No,No,36,Debit Card,Quarterly,0,0,0,4,Millennial-Late (35-44),0.0,60.23,Champions,0,0,0,356,Organic Champions
3470,36,Female,Socks,Clothing,85,North Dakota,L,Magenta,Fall,3.3,No,Store Pickup,No,No,12,Cash,Annually,0,0,0,1,Millennial-Late (35-44),0.0,37.42,Potential,0,0,0,85,Growth Potential
3471,19,Female,Coat,Outerwear,69,West Virginia,S,Olive,Summer,4.5,No,Free Shipping,No,No,31,Cash,Bi-Weekly,0,0,0,26,Gen Z (18-24),0.0,58.18,Champions,1,1,1,1794,Organic Champions
3472,43,Female,Sandals,Footwear,66,North Carolina,S,Blue,Spring,3.1,No,Store Pickup,No,No,31,Cash,Bi-Weekly,0,0,0,26,Millennial-Late (35-44),0.0,56.87,Loyalists,0,1,0,1716,Stable Loyalists
3473,31,Female,Blouse,Clothing,42,Georgia,S,White,Summer,4.0,No,Free Shipping,No,No,15,Debit Card,Weekly,0,0,0,52,Millennial-Early (25-34),0.0,46.05,Loyalists,1,0,1,2184,Stable Loyalists
3474,63,Female,Dress,Clothing,40,Kansas,M,Cyan,Spring,2.5,No,Express,No,No,11,Cash,Weekly,0,0,0,52,Boomer-Early (55-64),0.0,41.91,Potential,0,0,0,2080,Growth Potential
3475,41,Female,Pants,Clothing,82,Maine,M,Cyan,Winter,4.4,No,Store Pickup,No,No,18,Venmo,Monthly,0,0,0,12,Millennial-Late (35-44),0.0,46.39,Loyalists,1,0,1,984,Stable Loyalists
3476,48,Female,Sneakers,Footwear,88,South Carolina,M,Orange,Spring,4.4,No,Express,No,No,9,Cash,Quarterly,0,0,0,4,Gen X (45-54),0.0,37.75,Potential,1,0,0,352,Growth Potential
3477,68,Female,Boots,Footwear,99,South Carolina,XL,Orange,Summer,3.2,No,Free Shipping,No,No,11,Cash,Weekly,0,0,0,52,Boomer+ (65+),0.0,67.73,Champions,0,0,0,5148,Organic Champions
3478,53,Female,Handbag,Accessories,85,Kentucky,S,Teal,Spring,3.8,No,Store Pickup,No,No,38,Debit Card,Bi-Weekly,0,0,0,26,Gen X (45-54),0.0,70.9,Champions,0,1,0,2210,Organic Champions
3479,36,Female,Handbag,Accessories,57,Arizona,M,Magenta,Fall,4.6,No,Store Pickup,No,No,42,PayPal,Quarterly,0,0,0,4,Millennial-Late (35-44),0.0,51.13,Loyalists,1,0,1,228,Stable Loyalists
3480,46,Female,Sweater,Clothing,56,New York,S,Orange,Summer,4.9,No,Standard,No,No,41,Cash,Monthly,0,0,0,12,Gen X (45-54),0.0,53.8,Loyalists,1,1,1,672,Stable Loyalists
3481,21,Female,Sandals,Footwear,79,New Hampshire,L,Peach,Winter,3.5,No,Free Shipping,No,No,45,PayPal,Monthly,0,0,0,12,Gen Z (18-24),0.0,67.12,Champions,0,1,0,948,Organic Champions
3482,52,Female,Socks,Clothing,67,Ohio,S,Maroon,Summer,3.4,No,Store Pickup,No,No,41,Debit Card,Bi-Weekly,0,0,0,26,Gen X (45-54),0.0,65.47,Champions,0,1,0,1742,Organic Champions
3483,66,Female,Gloves,Accessories,61,Hawaii,M,Gold,Winter,3.9,No,Next Day Air,No,No,35,Debit Card,Weekly,0,0,0,52,Boomer+ (65+),0.0,70.69,Champions,0,1,0,3172,Organic Champions
3484,19,Female,Hoodie,Clothing,37,Texas,L,White,Winter,3.9,No,Express,No,No,21,Credit Card,Every 3 Months,0,0,0,4,Gen Z (18-24),0.0,25.23,At-Risk,0,0,0,148,At-Risk / Dormant
3485,44,Female,Dress,Clothing,75,Illinois,L,Gray,Fall,4.2,No,Free Shipping,No,No,13,Credit Card,Bi-Weekly,0,0,0,26,Millennial-Late (35-44),0.0,46.11,Loyalists,1,0,1,1950,Stable Loyalists
3486,50,Female,Shirt,Clothing,21,Massachusetts,XL,Brown,Winter,3.4,No,Standard,No,No,23,Debit Card,Fortnightly,0,0,0,26,Gen X (45-54),0.0,30.65,At-Risk,0,0,0,546,At-Risk / Dormant
3487,51,Female,Shorts,Clothing,89,North Carolina,L,Charcoal,Winter,4.9,No,Standard,No,No,6,PayPal,Weekly,0,0,0,52,Gen X (45-54),0.0,59.27,Champions,1,0,1,4628,Organic Champions
3488,25,Female,Sandals,Footwear,24,West Virginia,L,Beige,Fall,2.9,No,Store Pickup,No,No,39,Bank Transfer,Annually,0,0,0,1,Millennial-Early (25-34),0.0,32.77,At-Risk,0,0,0,24,At-Risk / Dormant
3489,62,Female,Sweater,Clothing,27,Delaware,XL,Teal,Spring,4.9,No,Store Pickup,No,No,7,Cash,Quarterly,0,0,0,4,Boomer-Early (55-64),0.0,9.43,At-Risk,1,0,0,108,At-Risk / Dormant
3490,48,Female,Dress,Clothing,26,Idaho,L,Black,Summer,4.6,No,2-Day Shipping,No,No,32,PayPal,Every 3 Months,0,0,0,4,Gen X (45-54),0.0,29.4,At-Risk,1,0,0,104,At-Risk / Dormant
3491,62,Female,Boots,Footwear,82,Oregon,M,Violet,Spring,3.6,No,Store Pickup,No,No,43,Credit Card,Quarterly,0,0,0,4,Boomer-Early (55-64),0.0,62.88,Champions,0,0,0,328,Organic Champions
3492,22,Female,Pants,Clothing,28,Maine,M,Orange,Winter,4.3,No,Express,No,No,15,Cash,Monthly,0,0,0,12,Gen Z (18-24),0.0,20.32,At-Risk,1,0,0,336,At-Risk / Dormant
3493,48,Female,Gloves,Accessories,65,South Dakota,M,Turquoise,Fall,4.6,No,Standard,No,No,48,Bank Transfer,Annually,0,0,0,1,Gen X (45-54),0.0,58.05,Champions,1,0,1,65,Organic Champions
3494,48,Female,Pants,Clothing,82,New Mexico,XL,Black,Winter,4.7,No,Store Pickup,No,No,35,Credit Card,Weekly,0,0,0,52,Gen X (45-54),0.0,79.88,Champions,1,1,1,4264,Organic Champions
3495,62,Female,Scarf,Accessories,38,Washington,M,Silver,Winter,3.5,No,Free Shipping,No,No,41,PayPal,Quarterly,0,0,0,4,Boomer-Early (55-64),0.0,42.0,Potential,0,0,0,152,Growth Potential
3496,24,Female,Shorts,Clothing,33,Georgia,XL,Gray,Spring,2.8,No,Free Shipping,No,No,14,Cash,Weekly,0,0,0,52,Gen Z (18-24),0.0,41.3,Potential,0,0,0,1716,Growth Potential
3497,39,Female,Shoes,Footwear,38,Idaho,M,Pink,Summer,4.0,No,Free Shipping,No,No,22,PayPal,Monthly,0,0,0,12,Millennial-Late (35-44),0.0,30.41,At-Risk,1,0,0,456,At-Risk / Dormant
3498,35,Female,Handbag,Accessories,48,Colorado,M,Red,Spring,4.3,No,Store Pickup,No,No,16,Venmo,Every 3 Months,0,0,0,4,Millennial-Late (35-44),0.0,25.97,At-Risk,1,0,0,192,At-Risk / Dormant
3499,47,Female,Sandals,Footwear,35,Kentucky,M,Lavender,Summer,3.8,No,Standard,No,No,2,Bank Transfer,Bi-Weekly,0,0,0,26,Gen X (45-54),0.0,19.63,At-Risk,0,0,0,910,At-Risk / Dormant
3500,22,Female,Socks,Clothing,29,New Jersey,L,Indigo,Fall,3.0,No,Next Day Air,No,No,13,PayPal,Every 3 Months,0,0,0,4,Gen Z (18-24),0.0,15.2,At-Risk,0,0,0,116,At-Risk / Dormant
3501,38,Female,Shirt,Clothing,48,Oregon,S,Silver,Fall,4.6,No,Next Day Air,No,No,38,Debit Card,Fortnightly,0,0,0,26,Millennial-Late (35-44),0.0,54.71,Loyalists,1,1,1,1248,Stable Loyalists
3502,53,Female,Shoes,Footwear,87,Nebraska,M,Silver,Fall,4.8,No,Standard,No,No,43,Bank Transfer,Weekly,0,0,0,52,Gen X (45-54),0.0,88.6,Champions,1,1,1,4524,Organic Champions
3503,31,Female,Backpack,Accessories,62,Massachusetts,M,Green,Fall,4.7,No,Next Day Air,No,No,26,Bank Transfer,Quarterly,0,0,0,4,Millennial-Early (25-34),0.0,40.25,Potential,1,0,0,248,Growth Potential
3504,31,Female,Shirt,Clothing,96,Nebraska,M,Pink,Spring,3.9,No,Free Shipping,No,No,39,Cash,Weekly,0,0,0,52,Millennial-Early (25-34),0.0,89.27,Champions,0,1,0,4992,Organic Champions
3505,65,Female,Handbag,Accessories,41,Hawaii,S,Violet,Fall,4.0,No,Next Day Air,No,No,50,Venmo,Monthly,0,0,0,12,Boomer+ (65+),0.0,54.58,Loyalists,1,1,1,492,Stable Loyalists
3506,48,Female,Jewelry,Accessories,42,Indiana,L,Red,Winter,3.7,No,2-Day Shipping,No,No,40,Bank Transfer,Every 3 Months,0,0,0,4,Gen X (45-54),0.0,42.93,Potential,0,0,0,168,Growth Potential
3507,18,Female,Shirt,Clothing,57,Illinois,L,Olive,Winter,3.7,No,2-Day Shipping,No,No,12,Cash,Fortnightly,0,0,0,26,Gen Z (18-24),0.0,37.42,Potential,0,0,0,1482,Growth Potential
3508,46,Female,Handbag,Accessories,65,Colorado,S,Purple,Spring,4.2,No,Store Pickup,No,No,33,Credit Card,Every 3 Months,0,0,0,4,Gen X (45-54),0.0,47.28,Loyalists,1,0,1,260,Stable Loyalists
3509,52,Female,Pants,Clothing,54,Pennsylvania,M,Gray,Fall,4.7,No,Standard,No,No,49,Bank Transfer,Weekly,0,0,0,52,Gen X (45-54),0.0,79.06,Champions,1,1,1,2808,Organic Champions
3510,50,Female,T-shirt,Clothing,22,Ohio,L,Brown,Winter,4.3,No,Next Day Air,No,No,43,Venmo,Bi-Weekly,0,0,0,26,Gen X (45-54),0.0,47.42,Loyalists,1,1,1,572,Stable Loyalists
3511,49,Female,Sneakers,Footwear,96,Pennsylvania,S,Orange,Fall,4.9,No,2-Day Shipping,No,No,14,Venmo,Monthly,0,0,0,12,Gen X (45-54),0.0,49.25,Loyalists,1,0,1,1152,Stable Loyalists
3512,69,Female,Jewelry,Accessories,81,Mississippi,M,Blue,Summer,3.9,No,2-Day Shipping,No,No,21,Credit Card,Every 3 Months,0,0,0,4,Boomer+ (65+),0.0,44.48,Potential,0,0,0,324,Growth Potential
3513,36,Female,Shirt,Clothing,46,Kentucky,M,White,Fall,3.4,No,Free Shipping,No,No,31,Debit Card,Quarterly,0,0,0,4,Millennial-Late (35-44),0.0,37.34,Potential,0,0,0,184,Growth Potential
3514,30,Female,Blouse,Clothing,74,Alaska,XL,Charcoal,Spring,4.2,No,Store Pickup,No,No,29,Credit Card,Fortnightly,0,0,0,26,Millennial-Early (25-34),0.0,58.74,Champions,1,1,1,1924,Organic Champions
3515,25,Female,Sneakers,Footwear,50,Georgia,XL,Gray,Winter,4.7,No,Express,No,No,32,Cash,Monthly,0,0,0,12,Millennial-Early (25-34),0.0,43.82,Potential,1,1,0,600,Growth Potential
3516,19,Female,Dress,Clothing,80,South Dakota,XL,Charcoal,Winter,4.0,No,Next Day Air,No,No,16,Debit Card,Bi-Weekly,0,0,0,26,Gen Z (18-24),0.0,50.75,Loyalists,1,0,1,2080,Stable Loyalists
3517,34,Female,Boots,Footwear,56,South Carolina,S,White,Summer,4.0,No,Free Shipping,No,No,38,PayPal,Bi-Weekly,0,0,0,26,Millennial-Early (25-34),0.0,58.21,Champions,1,1,1,1456,Organic Champions
3518,29,Female,Skirt,Clothing,69,Tennessee,M,Orange,Winter,3.1,No,Next Day Air,No,No,34,Debit Card,Every 3 Months,0,0,0,4,Millennial-Early (25-34),0.0,49.85,Loyalists,0,0,0,276,Stable Loyalists
3519,50,Female,Shirt,Clothing,97,Colorado,M,Black,Spring,4.2,No,Standard,No,No,30,PayPal,Quarterly,0,0,0,4,Gen X (45-54),0.0,58.83,Champions,1,0,1,388,Organic Champions
3520,31,Female,Shorts,Clothing,66,Wisconsin,M,White,Winter,3.7,No,Next Day Air,No,No,14,Bank Transfer,Fortnightly,0,0,0,26,Millennial-Early (25-34),0.0,42.99,Potential,0,0,0,1716,Growth Potential
3521,41,Female,Hat,Accessories,70,Georgia,S,Brown,Spring,3.1,No,Express,No,No,33,Bank Transfer,Monthly,0,0,0,12,Millennial-Late (35-44),0.0,53.39,Loyalists,0,1,0,840,Stable Loyalists
3522,52,Female,Shoes,Footwear,50,Maryland,M,Pink,Winter,3.7,No,Store Pickup,No,No,35,Venmo,Weekly,0,0,0,52,Gen X (45-54),0.0,65.88,Champions,0,1,0,2600,Organic Champions
3523,27,Female,Pants,Clothing,85,New Jersey,M,Yellow,Spring,3.2,No,Store Pickup,No,No,13,Cash,Quarterly,0,0,0,4,Millennial-Early (25-34),0.0,39.7,Potential,0,0,0,340,Growth Potential
3524,49,Female,Backpack,Accessories,59,Nevada,M,Cyan,Summer,2.8,No,Standard,No,No,30,Cash,Fortnightly,0,0,0,26,Gen X (45-54),0.0,52.99,Loyalists,0,1,0,1534,Stable Loyalists
3525,69,Female,Pants,Clothing,74,Michigan,L,Silver,Summer,2.9,No,Free Shipping,No,No,30,Credit Card,Monthly,0,0,0,12,Boomer+ (65+),0.0,52.69,Loyalists,0,1,0,888,Stable Loyalists
3526,45,Female,Sunglasses,Accessories,38,Wyoming,L,Olive,Winter,3.5,No,Standard,No,No,47,Bank Transfer,Annually,0,0,0,1,Gen X (45-54),0.0,45.43,Loyalists,0,0,0,38,Stable Loyalists
3527,20,Female,Sweater,Clothing,99,Massachusetts,M,Olive,Spring,3.8,No,Express,No,No,1,PayPal,Every 3 Months,0,0,0,4,Gen Z (18-24),0.0,36.03,Potential,0,0,0,396,Growth Potential
3528,25,Female,Blouse,Clothing,97,Washington,S,Charcoal,Spring,4.7,No,Free Shipping,No,No,1,Cash,Weekly,0,0,0,52,Millennial-Early (25-34),0.0,58.69,Champions,1,0,1,5044,Organic Champions
3529,38,Female,Scarf,Accessories,67,Maine,L,Gray,Summer,4.5,No,Free Shipping,No,No,33,PayPal,Annually,0,0,0,1,Millennial-Late (35-44),0.0,46.68,Loyalists,1,0,1,67,Stable Loyalists
3530,55,Female,T-shirt,Clothing,20,Montana,S,Maroon,Winter,3.9,No,Next Day Air,No,No,43,Bank Transfer,Weekly,0,0,0,52,Boomer-Early (55-64),0.0,59.29,Champions,0,1,0,1040,Organic Champions
3531,62,Female,Sunglasses,Accessories,45,Oklahoma,L,Black,Spring,3.4,No,Express,No,No,37,PayPal,Weekly,0,0,0,52,Boomer-Early (55-64),0.0,65.33,Champions,0,1,0,2340,Organic Champions
3532,54,Female,Shoes,Footwear,52,North Dakota,XL,Violet,Winter,4.6,No,2-Day Shipping,No,No,23,Cash,Quarterly,0,0,0,4,Gen X (45-54),0.0,33.43,Potential,1,0,0,208,Growth Potential
3533,61,Female,Pants,Clothing,68,Connecticut,L,Indigo,Fall,4.6,No,Standard,No,No,12,Credit Card,Annually,0,0,0,1,Boomer-Early (55-64),0.0,29.98,At-Risk,1,0,0,68,At-Risk / Dormant
3534,50,Female,Sneakers,Footwear,98,Texas,L,Yellow,Fall,4.7,No,Standard,No,No,30,Venmo,Fortnightly,0,0,0,26,Gen X (45-54),0.0,70.05,Champions,1,1,1,2548,Organic Champions
3535,65,Female,Shoes,Footwear,83,Delaware,M,Gray,Fall,3.2,No,Express,No,No,7,Cash,Weekly,0,0,0,52,Boomer+ (65+),0.0,57.46,Loyalists,0,0,0,4316,Stable Loyalists
3536,68,Female,Shorts,Clothing,51,Mississippi,M,Red,Summer,5.0,No,Express,No,No,20,Debit Card,Monthly,0,0,0,12,Boomer+ (65+),0.0,34.46,Potential,1,0,0,612,Growth Potential
3537,55,Female,Handbag,Accessories,21,Minnesota,L,Peach,Spring,4.5,No,Express,No,No,10,Venmo,Monthly,0,0,0,12,Boomer-Early (55-64),0.0,13.18,At-Risk,1,0,0,252,At-Risk / Dormant
3538,57,Female,Handbag,Accessories,92,Georgia,M,Gray,Spring,3.5,No,Standard,No,No,40,Credit Card,Every 3 Months,0,0,0,4,Boomer-Early (55-64),0.0,64.81,Champions,0,0,0,368,Organic Champions
3539,56,Female,Shoes,Footwear,63,Iowa,S,White,Spring,4.5,No,Store Pickup,No,No,21,Venmo,Monthly,0,0,0,12,Boomer-Early (55-64),0.0,40.53,Potential,1,0,0,756,Growth Potential
3540,29,Female,Jewelry,Accessories,56,New York,S,Green,Spring,3.2,No,Express,No,No,17,Credit Card,Bi-Weekly,0,0,0,26,Millennial-Early (25-34),0.0,41.07,Potential,0,0,0,1456,Growth Potential
3541,24,Female,Shorts,Clothing,95,Nevada,M,Magenta,Spring,4.6,No,Free Shipping,No,No,5,Bank Transfer,Weekly,0,0,0,52,Gen Z (18-24),0.0,61.08,Champions,1,0,1,4940,Organic Champions
3542,59,Female,Blouse,Clothing,66,Virginia,M,Olive,Winter,4.0,No,Next Day Air,No,No,22,PayPal,Annually,0,0,0,1,Boomer-Early (55-64),0.0,37.27,Potential,1,0,0,66,Growth Potential
3543,62,Female,Coat,Outerwear,28,Idaho,S,Olive,Spring,4.2,No,Express,No,No,5,Venmo,Weekly,0,0,0,52,Boomer-Early (55-64),0.0,31.77,At-Risk,1,0,0,1456,At-Risk / Dormant
3544,58,Female,Hat,Accessories,83,Colorado,M,Blue,Winter,4.1,No,Standard,No,No,18,PayPal,Every 3 Months,0,0,0,4,Boomer-Early (55-64),0.0,42.91,Potential,1,0,0,332,Growth Potential
3545,64,Female,Socks,Clothing,55,Wisconsin,XL,Charcoal,Fall,3.6,No,2-Day Shipping,No,No,42,Cash,Every 3 Months,0,0,0,4,Boomer-Early (55-64),0.0,50.25,Loyalists,0,0,0,220,Stable Loyalists
3546,48,Female,Sandals,Footwear,28,Connecticut,M,Yellow,Spring,3.7,No,2-Day Shipping,No,No,22,Debit Card,Annually,0,0,0,1,Gen X (45-54),0.0,20.64,At-Risk,0,0,0,28,At-Risk / Dormant
3547,60,Female,Scarf,Accessories,79,Kansas,M,Violet,Summer,3.6,No,Free Shipping,No,No,37,Bank Transfer,Bi-Weekly,0,0,0,26,Boomer-Early (55-64),0.0,67.46,Champions,0,1,0,2054,Organic Champions
3548,52,Female,Scarf,Accessories,31,Pennsylvania,L,Magenta,Summer,3.8,No,Standard,No,No,23,Credit Card,Annually,0,0,0,1,Gen X (45-54),0.0,22.77,At-Risk,0,0,0,31,At-Risk / Dormant
3549,63,Female,Blouse,Clothing,37,Utah,M,Red,Fall,3.0,No,Standard,No,No,47,Debit Card,Fortnightly,0,0,0,26,Boomer-Early (55-64),0.0,57.24,Loyalists,0,1,0,962,Stable Loyalists
3550,44,Female,T-shirt,Clothing,34,Oregon,M,Cyan,Summer,3.4,No,2-Day Shipping,No,No,11,Bank Transfer,Fortnightly,0,0,0,26,Millennial-Late (35-44),0.0,26.54,At-Risk,0,0,0,884,At-Risk / Dormant
3551,63,Female,Shoes,Footwear,74,West Virginia,S,Orange,Winter,4.8,No,Standard,No,No,32,Cash,Weekly,0,0,0,52,Boomer-Early (55-64),0.0,73.93,Champions,1,1,1,3848,Organic Champions
3552,66,Female,Gloves,Accessories,31,Montana,L,Black,Spring,2.6,No,Store Pickup,No,No,20,Venmo,Weekly,0,0,0,52,Boomer+ (65+),0.0,45.32,Loyalists,0,0,0,1612,Stable Loyalists
3553,22,Female,Sunglasses,Accessories,66,Kentucky,M,Blue,Winter,2.9,No,Next Day Air,No,No,3,PayPal,Quarterly,0,0,0,4,Gen Z (18-24),0.0,23.23,At-Risk,0,0,0,264,At-Risk / Dormant
3554,62,Female,Shoes,Footwear,99,Minnesota,M,Charcoal,Spring,4.9,No,Free Shipping,No,No,32,Bank Transfer,Weekly,0,0,0,52,Boomer-Early (55-64),0.0,84.87,Champions,1,1,1,5148,Organic Champions
3555,39,Female,Dress,Clothing,55,Louisiana,M,Indigo,Spring,5.0,No,Free Shipping,No,No,5,Credit Card,Fortnightly,0,0,0,26,Millennial-Late (35-44),0.0,30.83,At-Risk,1,0,0,1430,At-Risk / Dormant
3556,25,Female,Blouse,Clothing,23,Delaware,L,Silver,Spring,4.6,No,Next Day Air,No,No,45,Cash,Quarterly,0,0,0,4,Millennial-Early (25-34),0.0,38.7,Potential,1,0,0,92,Growth Potential
3557,70,Female,Sweater,Clothing,88,Arizona,M,Brown,Fall,4.2,No,Express,No,No,43,Cash,Bi-Weekly,0,0,0,26,Boomer+ (65+),0.0,76.29,Champions,1,1,1,2288,Organic Champions
3558,52,Female,Jacket,Outerwear,26,Nevada,M,Peach,Summer,4.9,No,Next Day Air,No,No,1,PayPal,Every 3 Months,0,0,0,4,Gen X (45-54),0.0,4.1,At-Risk,1,0,0,104,At-Risk / Dormant
3559,68,Female,Backpack,Accessories,94,Alaska,L,Magenta,Summer,4.8,No,Standard,No,No,9,Venmo,Quarterly,0,0,0,4,Boomer+ (65+),0.0,40.38,Potential,1,0,0,376,Growth Potential
3560,18,Female,Shorts,Clothing,25,Utah,M,Beige,Fall,3.0,No,Next Day Air,No,No,13,Venmo,Every 3 Months,0,0,0,4,Gen Z (18-24),0.0,13.45,At-Risk,0,0,0,100,At-Risk / Dormant
3561,18,Female,Socks,Clothing,96,Kansas,XL,Violet,Fall,3.5,No,Express,No,No,5,Credit Card,Annually,0,0,0,1,Gen Z (18-24),0.0,36.52,Potential,0,0,0,96,Growth Potential
3562,63,Female,Sneakers,Footwear,29,North Carolina,L,Black,Spring,3.4,No,Standard,No,No,39,Credit Card,Fortnightly,0,0,0,26,Boomer-Early (55-64),0.0,47.21,Loyalists,0,1,0,754,Stable Loyalists
3563,47,Female,Sneakers,Footwear,36,Maryland,M,Cyan,Winter,3.4,No,Free Shipping,No,No,7,Bank Transfer,Weekly,0,0,0,52,Gen X (45-54),0.0,36.9,Potential,0,0,0,1872,Growth Potential
3564,43,Female,Blouse,Clothing,90,Maine,M,Green,Summer,4.9,No,Standard,No,No,8,Credit Card,Every 3 Months,0,0,0,4,Millennial-Late (35-44),0.0,37.81,Potential,1,0,0,360,Growth Potential
3565,60,Female,Gloves,Accessories,38,Illinois,S,Brown,Summer,4.4,No,Free Shipping,No,No,40,Venmo,Annually,0,0,0,1,Boomer-Early (55-64),0.0,39.71,Potential,1,0,0,38,Growth Potential
3566,49,Female,Handbag,Accessories,52,Pennsylvania,S,Gray,Spring,4.2,No,Store Pickup,No,No,35,PayPal,Monthly,0,0,0,12,Gen X (45-54),0.0,47.15,Loyalists,1,1,1,624,Stable Loyalists
3567,28,Female,Jeans,Clothing,88,Alaska,S,Orange,Spring,3.1,No,Next Day Air,No,No,14,Venmo,Monthly,0,0,0,12,Millennial-Early (25-34),0.0,45.75,Loyalists,0,0,0,1056,Stable Loyalists
3568,32,Female,Scarf,Accessories,56,New Mexico,S,Silver,Summer,4.0,No,Next Day Air,No,No,26,Credit Card,Monthly,0,0,0,12,Millennial-Early (25-34),0.0,41.55,Potential,1,1,0,672,Growth Potential
3569,29,Female,Sandals,Footwear,71,Arkansas,M,Purple,Spring,4.8,No,Next Day Air,No,No,14,PayPal,Quarterly,0,0,0,4,Millennial-Early (25-34),0.0,34.4,Potential,1,0,0,284,Growth Potential
3570,35,Female,Sandals,Footwear,94,Alaska,M,Olive,Fall,3.3,No,Express,No,No,9,Bank Transfer,Fortnightly,0,0,0,26,Millennial-Late (35-44),0.0,51.16,Loyalists,0,0,0,2444,Stable Loyalists
3571,23,Female,Dress,Clothing,97,Louisiana,XL,Teal,Winter,4.7,No,Standard,No,No,32,Debit Card,Annually,0,0,0,1,Gen Z (18-24),0.0,58.99,Champions,1,0,1,97,Organic Champions
3572,70,Female,Skirt,Clothing,27,North Dakota,M,White,Summer,3.2,No,Standard,No,No,15,Bank Transfer,Every 3 Months,0,0,0,4,Boomer+ (65+),0.0,15.96,At-Risk,0,0,0,108,At-Risk / Dormant
3573,23,Female,Shorts,Clothing,28,Rhode Island,M,Black,Spring,5.0,No,Standard,No,No,25,Credit Card,Monthly,0,0,0,12,Gen Z (18-24),0.0,28.48,At-Risk,1,1,0,336,At-Risk / Dormant
3574,43,Female,Jeans,Clothing,67,Connecticut,L,Maroon,Fall,4.9,No,Free Shipping,No,No,27,PayPal,Monthly,0,0,0,12,Millennial-Late (35-44),0.0,47.18,Loyalists,1,1,1,804,Stable Loyalists
3575,29,Female,Socks,Clothing,70,New York,M,Cyan,Fall,4.9,No,Express,No,No,39,Bank Transfer,Quarterly,0,0,0,4,Millennial-Early (25-34),0.0,54.37,Loyalists,1,0,1,280,Stable Loyalists
3576,61,Female,Coat,Outerwear,95,Kentucky,M,Violet,Fall,3.7,No,Express,No,No,49,Venmo,Bi-Weekly,0,0,0,26,Boomer-Early (55-64),0.0,84.25,Champions,0,1,0,2470,Organic Champions
3577,29,Female,Boots,Footwear,24,Maine,L,Yellow,Spring,3.0,No,Express,No,No,12,Venmo,Bi-Weekly,0,0,0,26,Millennial-Early (25-34),0.0,22.98,At-Risk,0,0,0,624,At-Risk / Dormant
3578,66,Female,Belt,Accessories,35,Missouri,S,Yellow,Winter,2.6,No,Standard,No,No,13,Bank Transfer,Weekly,0,0,0,52,Boomer+ (65+),0.0,41.36,Potential,0,0,0,1820,Growth Potential
3579,46,Female,Shoes,Footwear,22,Georgia,L,Olive,Winter,2.6,No,Standard,No,No,22,Bank Transfer,Quarterly,0,0,0,4,Gen X (45-54),0.0,19.49,At-Risk,0,0,0,88,At-Risk / Dormant
3580,34,Female,Scarf,Accessories,66,Arizona,L,Olive,Fall,4.8,No,Standard,No,No,19,Credit Card,Every 3 Months,0,0,0,4,Millennial-Early (25-34),0.0,36.29,Potential,1,0,0,264,Growth Potential
3581,51,Female,Blouse,Clothing,83,New Hampshire,M,Magenta,Summer,3.2,No,2-Day Shipping,No,No,3,Cash,Bi-Weekly,0,0,0,26,Gen X (45-54),0.0,41.45,Potential,0,0,0,2158,Growth Potential
3582,26,Female,Dress,Clothing,95,Georgia,M,Orange,Fall,4.9,No,Next Day Air,No,No,50,Credit Card,Weekly,0,0,0,52,Millennial-Early (25-34),0.0,97.81,Champions,1,1,1,4940,Organic Champions
3583,23,Female,Shorts,Clothing,41,California,S,Beige,Summer,3.4,No,2-Day Shipping,No,No,15,PayPal,Annually,0,0,0,1,Gen Z (18-24),0.0,20.62,At-Risk,0,0,0,41,At-Risk / Dormant
3584,52,Female,Blouse,Clothing,77,Arizona,L,Brown,Summer,2.7,No,Store Pickup,No,No,44,Credit Card,Every 3 Months,0,0,0,4,Gen X (45-54),0.0,61.51,Champions,0,0,0,308,Organic Champions
3585,39,Female,Sneakers,Footwear,52,Florida,L,Indigo,Fall,4.8,No,Express,No,No,48,Debit Card,Monthly,0,0,0,12,Millennial-Late (35-44),0.0,57.76,Loyalists,1,1,1,624,Stable Loyalists
3586,39,Female,Gloves,Accessories,41,New York,XL,Gray,Winter,4.1,No,Standard,No,No,4,Venmo,Bi-Weekly,0,0,0,26,Millennial-Late (35-44),0.0,23.89,At-Risk,1,0,0,1066,At-Risk / Dormant
3587,33,Female,Hoodie,Clothing,28,Idaho,M,Yellow,Winter,4.6,No,Store Pickup,No,No,12,PayPal,Bi-Weekly,0,0,0,26,Millennial-Early (25-34),0.0,24.73,At-Risk,1,0,0,728,At-Risk / Dormant
3588,33,Female,Sweater,Clothing,90,Virginia,S,Violet,Summer,4.4,No,Standard,No,No,33,Debit Card,Annually,0,0,0,1,Millennial-Early (25-34),0.0,56.75,Loyalists,1,0,1,90,Stable Loyalists
3589,23,Female,Sunglasses,Accessories,55,Michigan,M,Magenta,Spring,3.5,No,2-Day Shipping,No,No,40,Cash,Annually,0,0,0,1,Gen Z (18-24),0.0,47.15,Loyalists,0,0,0,55,Stable Loyalists
3590,31,Female,Belt,Accessories,73,New Hampshire,M,Blue,Spring,4.8,No,Next Day Air,No,No,38,Cash,Every 3 Months,0,0,0,4,Millennial-Early (25-34),0.0,54.86,Loyalists,1,0,1,292,Stable Loyalists
3591,27,Female,Dress,Clothing,87,South Dakota,M,Gray,Fall,2.9,No,2-Day Shipping,No,No,19,Venmo,Every 3 Months,0,0,0,4,Millennial-Early (25-34),0.0,45.48,Loyalists,0,0,0,348,Stable Loyalists
3592,48,Female,Jacket,Outerwear,89,South Dakota,M,Gold,Winter,3.2,No,2-Day Shipping,No,No,38,Bank Transfer,Quarterly,0,0,0,4,Gen X (45-54),0.0,61.86,Champions,0,0,0,356,Organic Champions
3593,61,Female,Boots,Footwear,82,New Jersey,L,Lavender,Spring,4.4,No,2-Day Shipping,No,No,18,Venmo,Fortnightly,0,0,0,26,Boomer-Early (55-64),0.0,53.26,Loyalists,1,0,1,2132,Stable Loyalists
3594,63,Female,Sandals,Footwear,80,Wyoming,M,Black,Spring,4.6,No,Next Day Air,No,No,24,PayPal,Monthly,0,0,0,12,Boomer-Early (55-64),0.0,50.42,Loyalists,1,0,1,960,Stable Loyalists
3595,19,Female,Scarf,Accessories,87,Alabama,L,Charcoal,Summer,2.6,No,2-Day Shipping,No,No,29,Venmo,Quarterly,0,0,0,4,Gen Z (18-24),0.0,53.64,Loyalists,0,0,0,348,Stable Loyalists
3596,21,Female,Blouse,Clothing,41,South Dakota,M,Violet,Spring,3.1,No,Store Pickup,No,No,14,PayPal,Annually,0,0,0,1,Gen Z (18-24),0.0,19.8,At-Risk,0,0,0,41,At-Risk / Dormant
3597,28,Female,Hoodie,Clothing,83,South Carolina,M,Charcoal,Spring,4.3,No,Standard,No,No,44,Cash,Fortnightly,0,0,0,26,Millennial-Early (25-34),0.0,74.92,Champions,1,1,1,2158,Organic Champions
3598,29,Female,Sunglasses,Accessories,71,New Mexico,M,Maroon,Summer,3.1,No,Standard,No,No,18,Bank Transfer,Quarterly,0,0,0,4,Millennial-Early (25-34),0.0,37.66,Potential,0,0,0,284,Growth Potential
3599,23,Female,Hoodie,Clothing,76,Connecticut,XL,Purple,Spring,4.6,No,Store Pickup,No,No,19,Bank Transfer,Bi-Weekly,0,0,0,26,Gen Z (18-24),0.0,51.45,Loyalists,1,0,1,1976,Stable Loyalists
3600,37,Female,Scarf,Accessories,34,Kansas,S,Peach,Spring,4.6,No,Express,No,No,4,Cash,Weekly,0,0,0,52,Millennial-Late (35-44),0.0,33.57,Potential,1,0,0,1768,Growth Potential
3601,67,Female,Dress,Clothing,81,South Carolina,XL,Olive,Spring,2.7,No,Free Shipping,No,No,25,Cash,Bi-Weekly,0,0,0,26,Boomer+ (65+),0.0,58.53,Champions,0,1,0,2106,Organic Champions
3602,34,Female,T-shirt,Clothing,47,North Carolina,M,Indigo,Summer,3.0,No,Next Day Air,No,No,3,PayPal,Monthly,0,0,0,12,Millennial-Early (25-34),0.0,18.84,At-Risk,0,0,0,564,At-Risk / Dormant
3603,58,Female,Skirt,Clothing,36,Wyoming,S,Magenta,Summer,3.3,No,Store Pickup,No,No,40,Debit Card,Quarterly,0,0,0,4,Boomer-Early (55-64),0.0,40.31,Potential,0,0,0,144,Growth Potential
3604,45,Female,Jeans,Clothing,51,Louisiana,M,Gold,Spring,2.7,No,Free Shipping,No,No,5,Cash,Weekly,0,0,0,52,Gen X (45-54),0.0,41.83,Potential,0,0,0,2652,Growth Potential
3605,63,Female,Hoodie,Clothing,86,Louisiana,M,Orange,Fall,3.3,No,Standard,No,No,17,Debit Card,Annually,0,0,0,1,Boomer-Early (55-64),0.0,41.94,Potential,0,0,0,86,Growth Potential
3606,68,Female,Jeans,Clothing,41,Alabama,M,Gold,Fall,4.3,No,Store Pickup,No,No,36,Bank Transfer,Every 3 Months,0,0,0,4,Boomer+ (65+),0.0,39.23,Potential,1,0,0,164,Growth Potential
3607,41,Female,Sandals,Footwear,90,Minnesota,XL,Purple,Fall,4.8,No,Express,No,No,41,Venmo,Annually,0,0,0,1,Millennial-Late (35-44),0.0,63.28,Champions,1,0,1,90,Organic Champions
3608,50,Female,Hat,Accessories,93,New Mexico,L,Charcoal,Fall,3.3,No,Standard,No,No,20,Venmo,Bi-Weekly,0,0,0,26,Gen X (45-54),0.0,59.7,Champions,0,0,0,2418,Organic Champions
3609,24,Female,Gloves,Accessories,56,Tennessee,M,Cyan,Fall,4.3,No,Next Day Air,No,No,2,Cash,Every 3 Months,0,0,0,4,Gen Z (18-24),0.0,18.04,At-Risk,1,0,0,224,At-Risk / Dormant
3610,21,Female,Socks,Clothing,39,New Mexico,M,Cyan,Summer,3.0,No,2-Day Shipping,No,No,31,Debit Card,Monthly,0,0,0,12,Gen Z (18-24),0.0,38.19,Potential,0,1,0,468,Growth Potential
3611,18,Female,Jacket,Outerwear,86,Texas,XL,Green,Fall,4.8,No,2-Day Shipping,No,No,23,Bank Transfer,Fortnightly,0,0,0,26,Gen Z (18-24),0.0,59.09,Champions,1,0,1,2236,Organic Champions
3612,63,Female,T-shirt,Clothing,82,Washington,M,Silver,Spring,2.9,No,Standard,No,No,30,Credit Card,Annually,0,0,0,1,Boomer-Early (55-64),0.0,50.8,Loyalists,0,0,0,82,Stable Loyalists
3613,47,Female,Sandals,Footwear,29,Michigan,M,Teal,Summer,3.6,No,Standard,No,No,26,Cash,Every 3 Months,0,0,0,4,Gen X (45-54),0.0,25.82,At-Risk,0,0,0,116,At-Risk / Dormant
3614,58,Female,Hat,Accessories,27,Minnesota,M,Magenta,Fall,3.5,No,Store Pickup,No,No,40,Venmo,Annually,0,0,0,1,Boomer-Early (55-64),0.0,34.9,Potential,0,0,0,27,Growth Potential
3615,46,Female,Gloves,Accessories,25,Delaware,L,Maroon,Spring,4.7,No,2-Day Shipping,No,No,19,Bank Transfer,Annually,0,0,0,1,Gen X (45-54),0.0,16.88,At-Risk,1,0,0,25,At-Risk / Dormant
3616,35,Female,Dress,Clothing,31,California,M,Gold,Winter,4.4,No,Free Shipping,No,No,4,Credit Card,Monthly,0,0,0,12,Millennial-Late (35-44),0.0,12.65,At-Risk,1,0,0,372,At-Risk / Dormant
3617,42,Female,Hoodie,Clothing,23,Wisconsin,L,Purple,Winter,3.3,No,Store Pickup,No,No,33,Debit Card,Fortnightly,0,0,0,26,Millennial-Late (35-44),0.0,39.69,Potential,0,1,0,598,Growth Potential
3618,48,Female,Belt,Accessories,47,Kentucky,M,Lavender,Fall,4.3,No,Express,No,No,29,Debit Card,Monthly,0,0,0,12,Gen X (45-54),0.0,40.06,Potential,1,1,0,564,Growth Potential
3619,28,Female,Gloves,Accessories,67,Nevada,M,Maroon,Fall,4.0,No,2-Day Shipping,No,No,47,PayPal,Bi-Weekly,0,0,0,26,Millennial-Early (25-34),0.0,70.37,Champions,1,1,1,1742,Organic Champions
3620,44,Female,Scarf,Accessories,75,North Carolina,S,Magenta,Winter,4.9,No,2-Day Shipping,No,No,50,Venmo,Weekly,0,0,0,52,Millennial-Late (35-44),0.0,89.06,Champions,1,1,1,3900,Organic Champions
3621,60,Female,Sandals,Footwear,82,Louisiana,M,Turquoise,Summer,2.9,No,Express,No,No,28,Credit Card,Fortnightly,0,0,0,26,Boomer-Early (55-64),0.0,61.42,Champions,0,1,0,2132,Organic Champions
3622,38,Female,Sneakers,Footwear,32,New Jersey,XL,Silver,Summer,4.0,No,2-Day Shipping,No,No,5,Cash,Fortnightly,0,0,0,26,Millennial-Late (35-44),0.0,20.77,At-Risk,1,0,0,832,At-Risk / Dormant
3623,46,Female,Dress,Clothing,41,Wisconsin,M,Purple,Fall,4.3,No,Store Pickup,No,No,12,Credit Card,Annually,0,0,0,1,Gen X (45-54),0.0,18.17,At-Risk,1,0,0,41,At-Risk / Dormant
3624,39,Female,Jewelry,Accessories,89,Arkansas,M,Violet,Winter,2.7,No,2-Day Shipping,No,No,4,PayPal,Weekly,0,0,0,52,Millennial-Late (35-44),0.0,57.64,Loyalists,0,0,0,4628,Stable Loyalists
3625,22,Female,Hat,Accessories,82,Texas,XL,Peach,Fall,5.0,No,Store Pickup,No,No,22,Bank Transfer,Bi-Weekly,0,0,0,26,Gen Z (18-24),0.0,56.52,Loyalists,1,0,1,2132,Stable Loyalists
3626,44,Female,Scarf,Accessories,99,Illinois,L,Green,Winter,4.4,No,Express,No,No,32,PayPal,Weekly,0,0,0,52,Millennial-Late (35-44),0.0,84.87,Champions,1,1,1,5148,Organic Champions
3627,69,Female,Blouse,Clothing,98,Mississippi,L,Teal,Fall,3.5,No,Express,No,No,32,Venmo,Quarterly,0,0,0,4,Boomer+ (65+),0.0,60.9,Champions,0,0,0,392,Organic Champions
3628,39,Female,Belt,Accessories,54,Delaware,M,Silver,Winter,3.3,No,Next Day Air,No,No,48,Cash,Every 3 Months,0,0,0,4,Millennial-Late (35-44),0.0,54.71,Loyalists,0,0,0,216,Stable Loyalists
3629,53,Female,Blouse,Clothing,88,Georgia,L,Purple,Summer,3.8,No,Free Shipping,No,No,35,Credit Card,Monthly,0,0,0,12,Gen X (45-54),0.0,62.9,Champions,0,1,0,1056,Organic Champions
3630,52,Female,T-shirt,Clothing,43,Kansas,L,Lavender,Summer,4.5,No,Standard,No,No,44,Debit Card,Fortnightly,0,0,0,26,Gen X (45-54),0.0,57.42,Loyalists,1,1,1,1118,Stable Loyalists
3631,65,Female,Hat,Accessories,73,Oklahoma,M,Lavender,Winter,4.8,No,Store Pickup,No,No,29,Cash,Weekly,0,0,0,52,Boomer+ (65+),0.0,71.04,Champions,1,1,1,3796,Organic Champions
3632,48,Female,Hat,Accessories,50,New Jersey,M,Peach,Fall,2.9,No,Store Pickup,No,No,26,Credit Card,Monthly,0,0,0,12,Gen X (45-54),0.0,38.93,Potential,0,1,0,600,Growth Potential
3633,27,Female,Sneakers,Footwear,73,Utah,L,Green,Spring,3.2,No,Express,No,No,3,Debit Card,Quarterly,0,0,0,4,Millennial-Early (25-34),0.0,26.29,At-Risk,0,0,0,292,At-Risk / Dormant
3634,39,Female,Gloves,Accessories,51,Montana,M,Orange,Spring,2.8,No,Free Shipping,No,No,1,Bank Transfer,Bi-Weekly,0,0,0,26,Millennial-Late (35-44),0.0,25.82,At-Risk,0,0,0,1326,At-Risk / Dormant
3635,59,Female,Socks,Clothing,22,Ohio,M,Pink,Winter,3.3,No,Standard,No,No,17,PayPal,Annually,0,0,0,1,Boomer-Early (55-64),0.0,13.94,At-Risk,0,0,0,22,At-Risk / Dormant
3636,52,Female,Sandals,Footwear,32,Colorado,L,Cyan,Fall,3.3,No,Free Shipping,No,No,17,Credit Card,Fortnightly,0,0,0,26,Gen X (45-54),0.0,30.57,At-Risk,0,0,0,832,At-Risk / Dormant
3637,50,Female,Sandals,Footwear,38,California,L,Lavender,Summer,4.2,No,2-Day Shipping,No,No,36,Cash,Weekly,0,0,0,52,Gen X (45-54),0.0,61.45,Champions,1,1,1,1976,Organic Champions
3638,32,Female,Boots,Footwear,66,Utah,L,Yellow,Winter,3.6,No,Express,No,No,32,Credit Card,Fortnightly,0,0,0,26,Millennial-Early (25-34),0.0,57.69,Loyalists,0,1,0,1716,Stable Loyalists
3639,40,Female,Backpack,Accessories,20,Kansas,M,Olive,Spring,4.6,No,Express,No,No,50,PayPal,Bi-Weekly,0,0,0,26,Millennial-Late (35-44),0.0,52.25,Loyalists,1,1,1,520,Stable Loyalists
3640,26,Female,Coat,Outerwear,44,Illinois,M,Brown,Summer,3.6,No,2-Day Shipping,No,No,39,Venmo,Annually,0,0,0,1,Millennial-Early (25-34),0.0,41.52,Potential,0,0,0,44,Growth Potential
3641,47,Female,Sunglasses,Accessories,31,Minnesota,L,Pink,Spring,4.0,No,Next Day Air,No,No,17,PayPal,Monthly,0,0,0,12,Gen X (45-54),0.0,23.27,At-Risk,1,0,0,372,At-Risk / Dormant
3642,51,Female,Jacket,Outerwear,45,New York,M,Cyan,Fall,2.7,No,Free Shipping,No,No,39,Bank Transfer,Every 3 Months,0,0,0,4,Gen X (45-54),0.0,43.43,Potential,0,0,0,180,Growth Potential
3643,47,Female,Dress,Clothing,71,Arizona,L,Maroon,Summer,4.4,No,Store Pickup,No,No,5,PayPal,Annually,0,0,0,1,Gen X (45-54),0.0,25.58,At-Risk,1,0,0,71,At-Risk / Dormant
3644,53,Female,Scarf,Accessories,96,Tennessee,XL,Magenta,Fall,3.2,No,Standard,No,No,47,Debit Card,Annually,0,0,0,1,Gen X (45-54),0.0,70.8,Champions,0,0,0,96,Organic Champions
3645,35,Female,Blouse,Clothing,32,Arkansas,M,Violet,Winter,2.6,No,Next Day Air,No,No,18,Venmo,Weekly,0,0,0,52,Millennial-Late (35-44),0.0,44.13,Potential,0,0,0,1664,Growth Potential
3646,38,Female,Backpack,Accessories,90,Colorado,L,Silver,Summer,3.4,No,Free Shipping,No,No,31,Credit Card,Every 3 Months,0,0,0,4,Millennial-Late (35-44),0.0,56.59,Loyalists,0,0,0,360,Stable Loyalists
3647,69,Female,Jewelry,Accessories,68,Nevada,M,Maroon,Spring,5.0,No,2-Day Shipping,No,No,39,Debit Card,Fortnightly,0,0,0,26,Boomer+ (65+),0.0,64.28,Champions,1,1,1,1768,Organic Champions
3648,47,Female,Shorts,Clothing,45,Kansas,M,Gray,Winter,2.9,No,Store Pickup,No,No,12,Bank Transfer,Weekly,0,0,0,52,Gen X (45-54),0.0,44.92,Loyalists,0,0,0,2340,Stable Loyalists
3649,31,Female,Skirt,Clothing,67,New York,M,White,Winter,5.0,No,Free Shipping,No,No,45,Cash,Bi-Weekly,0,0,0,26,Millennial-Early (25-34),0.0,68.74,Champions,1,1,1,1742,Organic Champions
3650,68,Female,Skirt,Clothing,57,Minnesota,M,Brown,Fall,4.4,No,Standard,No,No,33,Credit Card,Fortnightly,0,0,0,26,Boomer+ (65+),0.0,54.56,Loyalists,1,1,1,1482,Stable Loyalists
3651,51,Female,Jeans,Clothing,60,Ohio,M,Silver,Summer,3.5,No,2-Day Shipping,No,No,3,PayPal,Annually,0,0,0,1,Gen X (45-54),0.0,19.13,At-Risk,0,0,0,60,At-Risk / Dormant
3652,20,Female,Handbag,Accessories,32,Arizona,M,Yellow,Spring,3.8,No,Express,No,No,5,Venmo,Every 3 Months,0,0,0,4,Gen Z (18-24),0.0,9.99,At-Risk,0,0,0,128,At-Risk / Dormant
3653,27,Female,Handbag,Accessories,29,Kentucky,S,Magenta,Fall,3.8,No,Store Pickup,No,No,23,Debit Card,Monthly,0,0,0,12,Millennial-Early (25-34),0.0,27.29,At-Risk,0,0,0,348,At-Risk / Dormant
3654,67,Female,Coat,Outerwear,20,Minnesota,M,Blue,Spring,3.9,No,Next Day Air,No,No,39,Credit Card,Fortnightly,0,0,0,26,Boomer+ (65+),0.0,43.28,Potential,0,1,0,520,Growth Potential
3655,21,Female,Jewelry,Accessories,98,Arkansas,M,Green,Winter,3.3,No,Next Day Air,No,No,10,Credit Card,Annually,0,0,0,1,Gen Z (18-24),0.0,41.47,Potential,0,0,0,98,Growth Potential
3656,20,Female,Sweater,Clothing,27,Wyoming,M,Yellow,Fall,2.9,No,Next Day Air,No,No,4,Credit Card,Bi-Weekly,0,0,0,26,Gen Z (18-24),0.0,17.77,At-Risk,0,0,0,702,At-Risk / Dormant
3657,35,Female,Jacket,Outerwear,67,North Dakota,XL,Cyan,Spring,3.7,No,2-Day Shipping,No,No,18,Credit Card,Monthly,0,0,0,12,Millennial-Late (35-44),0.0,39.83,Potential,0,0,0,804,Growth Potential
3658,58,Female,Shoes,Footwear,82,Alabama,L,Gold,Winter,3.7,No,Express,No,No,1,Debit Card,Every 3 Months,0,0,0,4,Boomer-Early (55-64),0.0,28.6,At-Risk,0,0,0,328,At-Risk / Dormant
3659,28,Female,T-shirt,Clothing,72,Mississippi,M,Magenta,Fall,4.6,No,Standard,No,No,18,PayPal,Fortnightly,0,0,0,26,Millennial-Early (25-34),0.0,48.88,Loyalists,1,0,1,1872,Stable Loyalists
3660,27,Female,Sandals,Footwear,77,Illinois,S,Gray,Fall,4.9,No,Store Pickup,No,No,46,Bank Transfer,Annually,0,0,0,1,Millennial-Early (25-34),0.0,61.67,Champions,1,0,1,77,Organic Champions
3661,19,Female,Shoes,Footwear,74,Arkansas,L,Indigo,Winter,3.1,No,2-Day Shipping,No,No,13,Bank Transfer,Fortnightly,0,0,0,26,Gen Z (18-24),0.0,45.68,Loyalists,0,0,0,1924,Stable Loyalists
3662,63,Female,Sandals,Footwear,39,Kansas,S,White,Winter,3.5,No,Next Day Air,No,No,5,Credit Card,Fortnightly,0,0,0,26,Boomer-Early (55-64),0.0,23.83,At-Risk,0,0,0,1014,At-Risk / Dormant
3663,69,Female,Shorts,Clothing,80,Rhode Island,M,Indigo,Spring,4.9,No,Next Day Air,No,No,11,Debit Card,Weekly,0,0,0,52,Boomer+ (65+),0.0,59.41,Champions,1,0,1,4160,Organic Champions
3664,65,Female,Backpack,Accessories,59,Florida,M,Green,Summer,4.4,No,Express,No,No,49,Credit Card,Weekly,0,0,0,52,Boomer+ (65+),0.0,81.25,Champions,1,1,1,3068,Organic Champions
3665,63,Female,Jacket,Outerwear,68,Missouri,M,Turquoise,Fall,4.4,No,Store Pickup,No,No,1,Debit Card,Fortnightly,0,0,0,26,Boomer-Early (55-64),0.0,33.25,Potential,1,0,0,1768,Growth Potential
3666,28,Female,Socks,Clothing,77,North Carolina,M,Peach,Fall,3.4,No,Next Day Air,No,No,11,Credit Card,Quarterly,0,0,0,4,Millennial-Early (25-34),0.0,34.57,Potential,0,0,0,308,Growth Potential
3667,67,Female,Jewelry,Accessories,50,Alabama,M,Olive,Winter,3.0,No,2-Day Shipping,No,No,47,Cash,Every 3 Months,0,0,0,4,Boomer+ (65+),0.0,52.15,Loyalists,0,0,0,200,Stable Loyalists
3668,51,Female,Pants,Clothing,45,Washington,L,Cyan,Fall,2.6,No,Next Day Air,No,No,20,Venmo,Monthly,0,0,0,12,Gen X (45-54),0.0,31.84,At-Risk,0,0,0,540,At-Risk / Dormant
3669,59,Female,Blouse,Clothing,71,Michigan,XL,Magenta,Summer,3.2,No,Store Pickup,No,No,18,Venmo,Annually,0,0,0,1,Boomer-Early (55-64),0.0,36.19,Potential,0,0,0,71,Growth Potential
3670,25,Female,Socks,Clothing,52,Washington,S,Silver,Fall,4.6,No,Store Pickup,No,No,43,PayPal,Quarterly,0,0,0,4,Millennial-Early (25-34),0.0,49.76,Loyalists,1,0,1,208,Stable Loyalists
3671,31,Female,Shoes,Footwear,50,Vermont,S,White,Winter,3.8,No,Free Shipping,No,No,4,PayPal,Every 3 Months,0,0,0,4,Millennial-Early (25-34),0.0,17.04,At-Risk,0,0,0,200,At-Risk / Dormant
3672,62,Female,Handbag,Accessories,66,Illinois,L,Pink,Summer,4.8,No,2-Day Shipping,No,No,20,Venmo,Quarterly,0,0,0,4,Boomer-Early (55-64),0.0,37.11,Potential,1,0,0,264,Growth Potential
3673,51,Female,Sandals,Footwear,81,New York,S,Pink,Fall,4.5,No,Free Shipping,No,No,7,PayPal,Monthly,0,0,0,12,Gen X (45-54),0.0,36.98,Potential,1,0,0,972,Growth Potential
3674,32,Female,Socks,Clothing,28,Rhode Island,M,Pink,Summer,4.2,No,2-Day Shipping,No,No,31,Bank Transfer,Fortnightly,0,0,0,26,Millennial-Early (25-34),0.0,40.24,Potential,1,1,0,728,Growth Potential
3675,35,Female,Handbag,Accessories,65,Washington,M,Blue,Winter,2.7,No,2-Day Shipping,No,No,41,Venmo,Fortnightly,0,0,0,26,Millennial-Late (35-44),0.0,64.6,Champions,0,1,0,1690,Organic Champions
3676,70,Female,Hat,Accessories,80,Virginia,M,White,Winter,4.5,No,Express,No,No,3,Bank Transfer,Monthly,0,0,0,12,Boomer+ (65+),0.0,33.27,Potential,1,0,0,960,Growth Potential
3677,19,Female,Jewelry,Accessories,94,Wisconsin,S,Teal,Spring,4.9,No,Free Shipping,No,No,16,PayPal,Monthly,0,0,0,12,Gen Z (18-24),0.0,50.01,Loyalists,1,0,1,1128,Stable Loyalists
3678,32,Female,Backpack,Accessories,30,Michigan,M,Gray,Fall,2.8,No,Standard,No,No,43,Cash,Annually,0,0,0,1,Millennial-Early (25-34),0.0,38.66,Potential,0,0,0,30,Growth Potential
3679,56,Female,Shirt,Clothing,45,Texas,S,Beige,Fall,3.5,No,Standard,No,No,29,Bank Transfer,Fortnightly,0,0,0,26,Boomer-Early (55-64),0.0,46.05,Loyalists,0,1,0,1170,Stable Loyalists
3680,53,Female,Coat,Outerwear,91,Idaho,M,Violet,Summer,2.5,No,Store Pickup,No,No,5,Cash,Bi-Weekly,0,0,0,26,Gen X (45-54),0.0,46.58,Loyalists,0,0,0,2366,Stable Loyalists
3681,22,Female,Sunglasses,Accessories,36,Iowa,S,Blue,Winter,2.9,No,Standard,No,No,30,Debit Card,Quarterly,0,0,0,4,Gen Z (18-24),0.0,32.14,At-Risk,0,0,0,144,At-Risk / Dormant
3682,26,Female,Gloves,Accessories,73,Connecticut,XL,Magenta,Fall,4.2,No,Next Day Air,No,No,33,Debit Card,Monthly,0,0,0,12,Millennial-Early (25-34),0.0,54.7,Loyalists,1,1,1,876,Stable Loyalists
3683,42,Female,Shirt,Clothing,60,Wyoming,M,Maroon,Fall,4.6,No,Store Pickup,No,No,46,Venmo,Bi-Weekly,0,0,0,26,Millennial-Late (35-44),0.0,66.49,Champions,1,1,1,1560,Organic Champions
3684,30,Female,Socks,Clothing,77,Mississippi,M,Purple,Winter,3.0,No,Free Shipping,No,No,17,Venmo,Fortnightly,0,0,0,26,Millennial-Early (25-34),0.0,50.25,Loyalists,0,0,0,2002,Stable Loyalists
3685,29,Female,Skirt,Clothing,86,Pennsylvania,L,Charcoal,Spring,4.4,No,Free Shipping,No,No,47,Credit Card,Bi-Weekly,0,0,0,26,Millennial-Early (25-34),0.0,78.68,Champions,1,1,1,2236,Organic Champions
3686,47,Female,Shorts,Clothing,42,Tennessee,L,Red,Summer,2.6,No,Standard,No,No,17,Cash,Bi-Weekly,0,0,0,26,Gen X (45-54),0.0,34.94,Potential,0,0,0,1092,Growth Potential
3687,59,Female,Sandals,Footwear,70,Louisiana,M,Charcoal,Spring,4.8,No,Free Shipping,No,No,17,Cash,Bi-Weekly,0,0,0,26,Boomer-Early (55-64),0.0,47.19,Loyalists,1,0,1,1820,Stable Loyalists
3688,34,Female,Shirt,Clothing,44,Arkansas,L,Lavender,Summer,2.9,No,Next Day Air,No,No,28,Bank Transfer,Every 3 Months,0,0,0,4,Millennial-Early (25-34),0.0,34.01,Potential,0,0,0,176,Growth Potential
3689,52,Female,Sunglasses,Accessories,91,West Virginia,L,White,Spring,3.0,No,Next Day Air,No,No,8,Cash,Monthly,0,0,0,12,Gen X (45-54),0.0,42.17,Potential,0,0,0,1092,Growth Potential
3690,47,Female,Jewelry,Accessories,30,South Carolina,L,Red,Fall,4.5,No,Standard,No,No,8,Bank Transfer,Quarterly,0,0,0,4,Gen X (45-54),0.0,11.56,At-Risk,1,0,0,120,At-Risk / Dormant
3691,24,Female,Blouse,Clothing,23,Kansas,S,Violet,Fall,3.7,No,Store Pickup,No,No,4,Bank Transfer,Bi-Weekly,0,0,0,26,Gen Z (18-24),0.0,16.02,At-Risk,0,0,0,598,At-Risk / Dormant
3692,63,Female,Sandals,Footwear,21,Michigan,XL,Orange,Summer,4.8,No,Next Day Air,No,No,24,PayPal,Weekly,0,0,0,52,Boomer-Early (55-64),0.0,44.21,Potential,1,0,0,1092,Growth Potential
3693,59,Female,Coat,Outerwear,34,Alabama,L,Turquoise,Spring,4.8,No,Free Shipping,No,No,29,Cash,Fortnightly,0,0,0,26,Boomer-Early (55-64),0.0,41.24,Potential,1,1,0,884,Growth Potential
3694,66,Female,Blouse,Clothing,46,South Dakota,M,Violet,Summer,4.7,No,2-Day Shipping,No,No,10,Venmo,Weekly,0,0,0,52,Boomer+ (65+),0.0,43.72,Potential,1,0,0,2392,Growth Potential
3695,45,Female,Sweater,Clothing,41,Rhode Island,M,Blue,Winter,2.6,No,Express,No,No,11,PayPal,Bi-Weekly,0,0,0,26,Gen X (45-54),0.0,29.61,At-Risk,0,0,0,1066,At-Risk / Dormant
3696,38,Female,Skirt,Clothing,33,Florida,M,White,Fall,4.6,No,Standard,No,No,18,Bank Transfer,Fortnightly,0,0,0,26,Millennial-Late (35-44),0.0,31.82,At-Risk,1,0,0,858,At-Risk / Dormant
3697,63,Female,Blouse,Clothing,48,Connecticut,L,Turquoise,Fall,3.4,No,Next Day Air,No,No,26,Bank Transfer,Annually,0,0,0,1,Boomer-Early (55-64),0.0,32.66,At-Risk,0,0,0,48,At-Risk / Dormant
3698,55,Female,Hoodie,Clothing,66,Pennsylvania,L,Pink,Winter,3.0,No,Standard,No,No,39,Cash,Weekly,0,0,0,52,Boomer-Early (55-64),0.0,76.15,Champions,0,1,0,3432,Organic Champions
3699,25,Female,Skirt,Clothing,54,California,XL,Maroon,Spring,4.0,No,2-Day Shipping,No,No,4,Venmo,Annually,0,0,0,1,Millennial-Early (25-34),0.0,17.32,At-Risk,1,0,0,54,At-Risk / Dormant
3700,51,Female,Backpack,Accessories,55,Oklahoma,M,Olive,Fall,2.6,No,Store Pickup,No,No,24,Bank Transfer,Weekly,0,0,0,52,Gen X (45-54),0.0,59.09,Champions,0,0,0,2860,Organic Champions
3701,28,Female,Handbag,Accessories,84,North Dakota,XL,Charcoal,Summer,3.4,No,Store Pickup,No,No,2,Bank Transfer,Every 3 Months,0,0,0,4,Millennial-Early (25-34),0.0,30.29,At-Risk,0,0,0,336,At-Risk / Dormant
3702,46,Female,Sandals,Footwear,66,New Mexico,M,Charcoal,Spring,4.5,No,Store Pickup,No,No,36,Cash,Annually,0,0,0,1,Gen X (45-54),0.0,48.7,Loyalists,1,0,1,66,Stable Loyalists
3703,58,Female,Shoes,Footwear,65,South Carolina,M,Indigo,Spring,2.7,No,Store Pickup,No,No,36,Venmo,Weekly,0,0,0,52,Boomer-Early (55-64),0.0,73.26,Champions,0,1,0,3380,Organic Champions
3704,30,Female,Sandals,Footwear,83,Michigan,S,Teal,Fall,2.9,No,Standard,No,No,23,PayPal,Every 3 Months,0,0,0,4,Millennial-Early (25-34),0.0,46.99,Loyalists,0,0,0,332,Stable Loyalists
3705,68,Female,Sunglasses,Accessories,61,Missouri,L,Black,Winter,4.0,No,Store Pickup,No,No,36,Credit Card,Quarterly,0,0,0,4,Boomer+ (65+),0.0,47.98,Loyalists,1,0,1,244,Stable Loyalists
3706,28,Female,Skirt,Clothing,65,Colorado,L,Teal,Summer,3.2,No,Free Shipping,No,No,2,Debit Card,Annually,0,0,0,1,Millennial-Early (25-34),0.0,20.5,At-Risk,0,0,0,65,At-Risk / Dormant
3707,26,Female,Sandals,Footwear,55,Kansas,M,Green,Spring,4.0,No,Store Pickup,No,No,17,Cash,Bi-Weekly,0,0,0,26,Millennial-Early (25-34),0.0,40.63,Potential,1,0,0,1430,Growth Potential
3708,35,Female,Gloves,Accessories,79,Illinois,M,Gold,Fall,3.4,No,2-Day Shipping,No,No,19,Venmo,Weekly,0,0,0,52,Millennial-Late (35-44),0.0,65.51,Champions,0,0,0,4108,Organic Champions
3709,40,Female,Hoodie,Clothing,96,South Carolina,M,Red,Fall,4.9,No,Express,No,No,41,PayPal,Monthly,0,0,0,12,Millennial-Late (35-44),0.0,71.3,Champions,1,1,1,1152,Organic Champions
3710,31,Female,Socks,Clothing,43,Utah,M,Silver,Fall,3.6,No,Free Shipping,No,No,27,PayPal,Quarterly,0,0,0,4,Millennial-Early (25-34),0.0,32.76,At-Risk,0,0,0,172,At-Risk / Dormant
3711,60,Female,Jewelry,Accessories,40,Hawaii,M,Yellow,Summer,3.6,No,2-Day Shipping,No,No,32,Bank Transfer,Fortnightly,0,0,0,26,Boomer-Early (55-64),0.0,46.31,Loyalists,0,1,0,1040,Stable Loyalists
3712,69,Female,Hat,Accessories,62,Texas,XL,Peach,Fall,3.2,No,Free Shipping,No,No,33,Cash,Annually,0,0,0,1,Boomer+ (65+),0.0,44.5,Potential,0,0,0,62,Growth Potential
3713,51,Female,Blouse,Clothing,72,Oregon,M,Turquoise,Spring,3.7,No,2-Day Shipping,No,No,24,PayPal,Quarterly,0,0,0,4,Gen X (45-54),0.0,43.0,Potential,0,0,0,288,Growth Potential
3714,49,Female,Shoes,Footwear,87,Arizona,M,Peach,Spring,2.6,No,Express,No,No,31,Debit Card,Every 3 Months,0,0,0,4,Gen X (45-54),0.0,55.27,Loyalists,0,0,0,348,Stable Loyalists
3715,18,Female,Hat,Accessories,31,New York,S,Peach,Winter,3.9,No,Express,No,No,35,Credit Card,Weekly,0,0,0,52,Gen Z (18-24),0.0,57.57,Loyalists,0,1,0,1612,Stable Loyalists
3716,63,Female,Sunglasses,Accessories,34,Nebraska,S,Orange,Fall,3.4,No,Free Shipping,No,No,2,Bank Transfer,Monthly,0,0,0,12,Boomer-Early (55-64),0.0,12.33,At-Risk,0,0,0,408,At-Risk / Dormant
3717,57,Female,Shirt,Clothing,53,Vermont,M,Charcoal,Fall,3.4,No,Next Day Air,No,No,42,Debit Card,Every 3 Months,0,0,0,4,Boomer-Early (55-64),0.0,49.38,Loyalists,0,0,0,212,Stable Loyalists
3718,45,Female,T-shirt,Clothing,85,Maryland,XL,White,Summer,4.2,No,Express,No,No,47,Bank Transfer,Every 3 Months,0,0,0,4,Gen X (45-54),0.0,67.46,Champions,1,0,1,340,Organic Champions
3719,36,Female,Pants,Clothing,50,Tennessee,L,Turquoise,Fall,2.9,No,Standard,No,No,44,Bank Transfer,Bi-Weekly,0,0,0,26,Millennial-Late (35-44),0.0,60.48,Champions,0,1,0,1300,Organic Champions
3720,20,Female,Pants,Clothing,91,Pennsylvania,M,Red,Summer,4.1,No,Free Shipping,No,No,8,Bank Transfer,Every 3 Months,0,0,0,4,Gen Z (18-24),0.0,38.25,Potential,1,0,0,364,Growth Potential
3721,21,Female,Hat,Accessories,56,South Carolina,M,Peach,Fall,3.6,No,Free Shipping,No,No,13,Credit Card,Quarterly,0,0,0,4,Gen Z (18-24),0.0,27.02,At-Risk,0,0,0,224,At-Risk / Dormant
3722,62,Female,Coat,Outerwear,60,Connecticut,L,Pink,Fall,4.0,No,Next Day Air,No,No,10,Cash,Annually,0,0,0,1,Boomer-Early (55-64),0.0,24.85,At-Risk,1,0,0,60,At-Risk / Dormant
3723,23,Female,Jacket,Outerwear,34,Kentucky,XL,Yellow,Fall,4.0,No,Standard,No,No,1,Credit Card,Fortnightly,0,0,0,26,Gen Z (18-24),0.0,18.38,At-Risk,1,0,0,884,At-Risk / Dormant
3724,26,Female,Sandals,Footwear,30,Rhode Island,M,Beige,Spring,3.6,No,Free Shipping,No,No,1,Debit Card,Monthly,0,0,0,12,Millennial-Early (25-34),0.0,9.77,At-Risk,0,0,0,360,At-Risk / Dormant
3725,30,Female,Gloves,Accessories,71,Colorado,L,Green,Winter,3.1,No,Express,No,No,18,Bank Transfer,Annually,0,0,0,1,Millennial-Early (25-34),0.0,36.19,Potential,0,0,0,71,Growth Potential
3726,18,Female,Dress,Clothing,100,Oklahoma,S,Turquoise,Winter,4.4,No,Next Day Air,No,No,2,PayPal,Annually,0,0,0,1,Gen Z (18-24),0.0,35.82,Potential,1,0,0,100,Growth Potential
3727,47,Female,Belt,Accessories,85,Idaho,XL,Orange,Fall,4.3,No,Next Day Air,No,No,36,Debit Card,Every 3 Months,0,0,0,4,Gen X (45-54),0.0,58.48,Champions,1,0,1,340,Organic Champions
3728,41,Female,Socks,Clothing,83,Maine,M,Gold,Summer,3.5,No,Next Day Air,No,No,17,Debit Card,Bi-Weekly,0,0,0,26,Millennial-Late (35-44),0.0,52.88,Loyalists,0,0,0,2158,Stable Loyalists
3729,62,Female,Jacket,Outerwear,31,Vermont,L,Red,Winter,3.0,No,Standard,No,No,1,Debit Card,Annually,0,0,0,1,Boomer-Early (55-64),0.0,4.81,At-Risk,0,0,0,31,At-Risk / Dormant
3730,28,Female,Boots,Footwear,82,Rhode Island,M,Teal,Spring,4.7,No,2-Day Shipping,No,No,50,Cash,Quarterly,0,0,0,4,Millennial-Early (25-34),0.0,68.6,Champions,1,0,1,328,Organic Champions
3731,46,Female,Shirt,Clothing,79,Florida,M,Teal,Summer,2.5,No,2-Day Shipping,No,No,3,Credit Card,Bi-Weekly,0,0,0,26,Gen X (45-54),0.0,39.7,Potential,0,0,0,2054,Growth Potential
3732,54,Female,Hat,Accessories,62,West Virginia,M,Lavender,Spring,3.1,No,2-Day Shipping,No,No,45,PayPal,Quarterly,0,0,0,4,Gen X (45-54),0.0,55.76,Loyalists,0,0,0,248,Stable Loyalists
3733,36,Female,Shoes,Footwear,92,Indiana,L,Pink,Spring,3.3,No,Free Shipping,No,No,28,PayPal,Annually,0,0,0,1,Millennial-Late (35-44),0.0,53.54,Loyalists,0,0,0,92,Stable Loyalists
3734,25,Female,Socks,Clothing,58,Illinois,M,Maroon,Fall,4.7,No,Next Day Air,No,No,6,Debit Card,Every 3 Months,0,0,0,4,Millennial-Early (25-34),0.0,22.18,At-Risk,1,0,0,232,At-Risk / Dormant
3735,38,Female,Hoodie,Clothing,88,California,M,Beige,Spring,3.4,No,Next Day Air,No,No,33,Debit Card,Every 3 Months,0,0,0,4,Millennial-Late (35-44),0.0,57.34,Loyalists,0,0,0,352,Stable Loyalists
3736,38,Female,Sandals,Footwear,44,Massachusetts,L,Orange,Spring,3.1,No,2-Day Shipping,No,No,29,PayPal,Annually,0,0,0,1,Millennial-Late (35-44),0.0,33.36,Potential,0,0,0,44,Growth Potential
3737,42,Female,Jeans,Clothing,56,Idaho,M,Red,Spring,4.6,No,Store Pickup,No,No,2,PayPal,Every 3 Months,0,0,0,4,Millennial-Late (35-44),0.0,18.04,At-Risk,1,0,0,224,At-Risk / Dormant
3738,19,Female,Jewelry,Accessories,23,Kentucky,S,Maroon,Winter,4.9,No,Free Shipping,No,No,43,PayPal,Bi-Weekly,0,0,0,26,Gen Z (18-24),0.0,47.85,Loyalists,1,1,1,598,Stable Loyalists
3739,34,Female,Shorts,Clothing,45,Delaware,M,Brown,Spring,2.7,No,Free Shipping,No,No,48,Cash,Fortnightly,0,0,0,26,Millennial-Early (25-34),0.0,61.56,Champions,0,1,0,1170,Organic Champions
3740,38,Female,Sunglasses,Accessories,31,Idaho,M,Olive,Fall,4.2,No,Free Shipping,No,No,43,Credit Card,Weekly,0,0,0,52,Millennial-Late (35-44),0.0,64.1,Champions,1,1,1,1612,Organic Champions
3741,42,Female,Pants,Clothing,96,Virginia,M,Silver,Summer,2.6,No,Store Pickup,No,No,26,Debit Card,Bi-Weekly,0,0,0,26,Millennial-Late (35-44),0.0,65.91,Champions,0,1,0,2496,Organic Champions
3742,58,Female,Shirt,Clothing,96,Arizona,M,Purple,Spring,3.2,No,2-Day Shipping,No,No,26,Debit Card,Bi-Weekly,0,0,0,26,Boomer-Early (55-64),0.0,65.91,Champions,0,1,0,2496,Organic Champions
3743,56,Female,Shirt,Clothing,80,Maryland,M,Gray,Fall,4.4,No,Standard,No,No,50,Credit Card,Bi-Weekly,0,0,0,26,Boomer-Early (55-64),0.0,78.5,Champions,1,1,1,2080,Organic Champions
3744,62,Female,Pants,Clothing,28,Idaho,L,Cyan,Fall,3.6,No,Free Shipping,No,No,36,Debit Card,Quarterly,0,0,0,4,Boomer-Early (55-64),0.0,33.54,Potential,0,0,0,112,Growth Potential
3745,24,Female,Hoodie,Clothing,51,New Jersey,M,Gray,Summer,2.7,No,Next Day Air,No,No,26,Bank Transfer,Fortnightly,0,0,0,26,Gen Z (18-24),0.0,46.23,Loyalists,0,1,0,1326,Stable Loyalists
3746,60,Female,Socks,Clothing,41,Washington,L,Gold,Spring,4.3,No,Express,No,No,2,Debit Card,Monthly,0,0,0,12,Boomer-Early (55-64),0.0,15.4,At-Risk,1,0,0,492,At-Risk / Dormant
3747,53,Female,Coat,Outerwear,99,Idaho,XL,Cyan,Summer,2.6,No,Next Day Air,No,No,49,PayPal,Monthly,0,0,0,12,Gen X (45-54),0.0,79.14,Champions,0,1,0,1188,Organic Champions
3748,26,Female,Sweater,Clothing,53,Rhode Island,L,Olive,Spring,4.3,No,Store Pickup,No,No,32,Bank Transfer,Bi-Weekly,0,0,0,26,Millennial-Early (25-34),0.0,52.0,Loyalists,1,1,1,1378,Stable Loyalists
3749,34,Female,Backpack,Accessories,25,Delaware,M,Violet,Fall,3.9,No,2-Day Shipping,No,No,3,Venmo,Annually,0,0,0,1,Millennial-Early (25-34),0.0,3.82,At-Risk,0,0,0,25,At-Risk / Dormant
3750,24,Female,Blouse,Clothing,95,Alaska,L,Yellow,Winter,2.9,No,2-Day Shipping,No,No,38,Venmo,Every 3 Months,0,0,0,4,Gen Z (18-24),0.0,64.49,Champions,0,0,0,380,Organic Champions
3751,42,Female,Hoodie,Clothing,88,Arizona,M,Gold,Fall,3.1,No,Free Shipping,No,No,5,PayPal,Monthly,0,0,0,12,Millennial-Late (35-44),0.0,38.41,Potential,0,0,0,1056,Growth Potential
3752,36,Female,Jewelry,Accessories,97,Alabama,S,Silver,Fall,4.2,No,Free Shipping,No,No,8,Credit Card,Every 3 Months,0,0,0,4,Millennial-Late (35-44),0.0,40.87,Potential,1,0,0,388,Growth Potential
3753,24,Female,Coat,Outerwear,81,Washington,L,Pink,Winter,4.1,No,2-Day Shipping,No,No,43,Venmo,Weekly,0,0,0,52,Gen Z (18-24),0.0,85.97,Champions,1,1,1,4212,Organic Champions
3754,39,Female,Sunglasses,Accessories,26,Louisiana,S,Turquoise,Winter,4.2,No,Next Day Air,No,No,22,Bank Transfer,Fortnightly,0,0,0,26,Millennial-Late (35-44),0.0,32.02,At-Risk,1,0,0,676,At-Risk / Dormant
3755,46,Female,Shoes,Footwear,41,Nebraska,M,Turquoise,Summer,4.4,No,Express,No,No,10,Cash,Every 3 Months,0,0,0,4,Gen X (45-54),0.0,18.01,At-Risk,1,0,0,164,At-Risk / Dormant
3756,64,Female,Skirt,Clothing,93,Pennsylvania,M,Peach,Fall,3.4,No,Free Shipping,No,No,26,Credit Card,Monthly,0,0,0,12,Boomer-Early (55-64),0.0,57.74,Loyalists,0,1,0,1116,Stable Loyalists
3757,64,Female,Skirt,Clothing,69,South Carolina,L,Teal,Spring,4.8,No,Express,No,No,42,Debit Card,Bi-Weekly,0,0,0,26,Boomer-Early (55-64),0.0,67.16,Champions,1,1,1,1794,Organic Champions
3758,61,Female,Skirt,Clothing,44,California,L,Red,Fall,4.5,No,2-Day Shipping,No,No,33,Cash,Weekly,0,0,0,52,Boomer-Early (55-64),0.0,61.62,Champions,1,1,1,2288,Organic Champions
3759,61,Female,Sandals,Footwear,54,Indiana,S,Black,Spring,2.7,No,Store Pickup,No,No,23,Bank Transfer,Quarterly,0,0,0,4,Boomer-Early (55-64),0.0,34.3,Potential,0,0,0,216,Growth Potential
3760,44,Female,Sneakers,Footwear,61,Missouri,M,Pink,Spring,3.5,No,Store Pickup,No,No,30,Venmo,Quarterly,0,0,0,4,Millennial-Late (35-44),0.0,43.08,Potential,0,0,0,244,Growth Potential
3761,65,Female,Socks,Clothing,80,Connecticut,M,Peach,Fall,3.1,No,Next Day Air,No,No,36,PayPal,Weekly,0,0,0,52,Boomer+ (65+),0.0,79.82,Champions,0,1,0,4160,Organic Champions
3762,60,Female,Backpack,Accessories,30,Nevada,M,Green,Summer,2.8,No,Next Day Air,No,No,3,Venmo,Every 3 Months,0,0,0,4,Boomer-Early (55-64),0.0,7.48,At-Risk,0,0,0,120,At-Risk / Dormant
3763,65,Female,Shorts,Clothing,94,New York,L,Green,Fall,2.9,No,Store Pickup,No,No,13,PayPal,Annually,0,0,0,1,Boomer+ (65+),0.0,42.17,Potential,0,0,0,94,Growth Potential
3764,27,Female,Shirt,Clothing,24,Oklahoma,XL,Red,Winter,4.5,No,Standard,No,No,38,Cash,Every 3 Months,0,0,0,4,Millennial-Early (25-34),0.0,33.42,Potential,1,0,0,96,Growth Potential
3765,36,Female,Socks,Clothing,21,South Dakota,M,Maroon,Fall,3.5,No,Next Day Air,No,No,19,Venmo,Monthly,0,0,0,12,Millennial-Late (35-44),0.0,20.52,At-Risk,0,0,0,252,At-Risk / Dormant
3766,22,Female,Jewelry,Accessories,52,Missouri,M,Green,Summer,4.3,No,Standard,No,No,14,Bank Transfer,Bi-Weekly,0,0,0,26,Gen Z (18-24),0.0,36.87,Potential,1,0,0,1352,Growth Potential
3767,62,Female,Handbag,Accessories,59,Texas,M,Black,Fall,4.9,No,Next Day Air,No,No,43,Debit Card,Annually,0,0,0,1,Boomer-Early (55-64),0.0,51.35,Loyalists,1,0,1,59,Stable Loyalists
3768,59,Female,Shorts,Clothing,51,New York,XL,Black,Summer,3.1,No,Free Shipping,No,No,10,Bank Transfer,Fortnightly,0,0,0,26,Boomer-Early (55-64),0.0,33.16,Potential,0,0,0,1326,Growth Potential
3769,50,Female,Sweater,Clothing,35,Vermont,M,Yellow,Winter,4.0,No,Free Shipping,No,No,34,Bank Transfer,Quarterly,0,0,0,4,Gen X (45-54),0.0,34.97,Potential,1,0,0,140,Growth Potential
3770,51,Female,Gloves,Accessories,87,Arizona,L,Green,Summer,3.6,No,Standard,No,No,31,Venmo,Annually,0,0,0,1,Gen X (45-54),0.0,53.8,Loyalists,0,0,0,87,Stable Loyalists
3771,23,Female,Pants,Clothing,42,Montana,L,Black,Summer,4.0,No,Store Pickup,No,No,34,Bank Transfer,Weekly,0,0,0,52,Gen Z (18-24),0.0,61.56,Champions,1,1,1,2184,Organic Champions
3772,21,Female,T-shirt,Clothing,86,Oklahoma,M,Red,Winter,2.6,No,Express,No,No,28,Venmo,Bi-Weekly,0,0,0,26,Gen Z (18-24),0.0,63.17,Champions,0,1,0,2236,Organic Champions
3773,44,Female,Pants,Clothing,26,New Hampshire,L,Yellow,Fall,3.1,No,Next Day Air,No,No,35,Cash,Annually,0,0,0,1,Millennial-Late (35-44),0.0,30.38,At-Risk,0,0,0,26,At-Risk / Dormant
3774,25,Female,Sweater,Clothing,60,Wisconsin,M,Violet,Summer,3.5,No,Store Pickup,No,No,41,Cash,Quarterly,0,0,0,4,Millennial-Early (25-34),0.0,51.62,Loyalists,0,0,0,240,Stable Loyalists
3775,57,Female,Gloves,Accessories,83,Alaska,S,Cyan,Winter,3.9,No,Standard,No,No,48,PayPal,Fortnightly,0,0,0,26,Boomer-Early (55-64),0.0,78.18,Champions,0,1,0,2158,Organic Champions
3776,41,Female,Belt,Accessories,63,South Dakota,S,Pink,Spring,2.7,No,2-Day Shipping,No,No,45,Cash,Quarterly,0,0,0,4,Millennial-Late (35-44),0.0,56.2,Loyalists,0,0,0,252,Stable Loyalists
3777,19,Female,Sneakers,Footwear,25,Alaska,L,Olive,Spring,4.1,No,Standard,No,No,10,Credit Card,Fortnightly,0,0,0,26,Gen Z (18-24),0.0,21.79,At-Risk,1,0,0,650,At-Risk / Dormant
3778,43,Female,Shorts,Clothing,65,Utah,M,Maroon,Fall,4.3,No,Express,No,No,9,Cash,Weekly,0,0,0,52,Millennial-Late (35-44),0.0,51.22,Loyalists,1,0,1,3380,Stable Loyalists
3779,25,Female,Sneakers,Footwear,60,South Dakota,M,Cyan,Fall,2.9,No,Free Shipping,No,No,30,Debit Card,Annually,0,0,0,1,Millennial-Early (25-34),0.0,41.17,Potential,0,0,0,60,Growth Potential
3780,60,Female,Jeans,Clothing,75,California,XL,Lavender,Spring,4.0,No,Express,No,No,45,PayPal,Annually,0,0,0,1,Boomer-Early (55-64),0.0,59.98,Champions,1,0,1,75,Organic Champions
3781,54,Female,Sneakers,Footwear,57,Mississippi,L,Yellow,Fall,4.1,No,Free Shipping,No,No,41,Venmo,Quarterly,0,0,0,4,Gen X (45-54),0.0,50.31,Loyalists,1,0,1,228,Stable Loyalists
3782,52,Female,Boots,Footwear,99,Tennessee,M,Pink,Winter,3.7,No,Standard,No,No,40,PayPal,Fortnightly,0,0,0,26,Gen X (45-54),0.0,78.65,Champions,0,1,0,2574,Organic Champions
3783,40,Female,Jacket,Outerwear,45,Alabama,L,Orange,Spring,2.8,No,Free Shipping,No,No,42,PayPal,Fortnightly,0,0,0,26,Millennial-Late (35-44),0.0,56.66,Loyalists,0,1,0,1170,Stable Loyalists
3784,39,Female,Gloves,Accessories,66,Maine,XL,Orange,Summer,3.2,No,Free Shipping,No,No,17,Debit Card,Fortnightly,0,0,0,26,Millennial-Late (35-44),0.0,45.44,Loyalists,0,0,0,1716,Stable Loyalists
3785,54,Female,Socks,Clothing,53,Virginia,M,Violet,Winter,4.5,No,Next Day Air,No,No,4,Venmo,Annually,0,0,0,1,Gen X (45-54),0.0,16.89,At-Risk,1,0,0,53,At-Risk / Dormant
3786,64,Female,Jeans,Clothing,94,New Hampshire,L,Lavender,Winter,3.8,No,Standard,No,No,6,Cash,Monthly,0,0,0,12,Boomer-Early (55-64),0.0,41.85,Potential,0,0,0,1128,Growth Potential
3787,31,Female,Boots,Footwear,47,Tennessee,L,Yellow,Fall,3.6,No,2-Day Shipping,No,No,22,Venmo,Weekly,0,0,0,52,Millennial-Early (25-34),0.0,53.96,Loyalists,0,0,0,2444,Stable Loyalists
3788,37,Female,Blouse,Clothing,80,New York,M,Pink,Fall,3.6,No,2-Day Shipping,No,No,46,PayPal,Every 3 Months,0,0,0,4,Millennial-Late (35-44),0.0,64.46,Champions,0,0,0,320,Organic Champions
3789,43,Female,Hat,Accessories,65,Kansas,XL,Teal,Spring,3.2,No,Next Day Air,No,No,27,Debit Card,Monthly,0,0,0,12,Millennial-Late (35-44),0.0,46.3,Loyalists,0,1,0,780,Stable Loyalists
3790,56,Female,Shirt,Clothing,75,North Dakota,M,Magenta,Summer,3.8,No,Express,No,No,18,Bank Transfer,Every 3 Months,0,0,0,4,Boomer-Early (55-64),0.0,39.41,Potential,0,0,0,300,Growth Potential
3791,27,Female,Handbag,Accessories,45,Alaska,XL,Beige,Summer,4.4,No,Standard,No,No,31,Credit Card,Weekly,0,0,0,52,Millennial-Early (25-34),0.0,60.43,Champions,1,1,1,2340,Organic Champions
3792,40,Female,Sunglasses,Accessories,51,Texas,M,Gray,Spring,3.7,No,Store Pickup,No,No,1,Venmo,Weekly,0,0,0,52,Millennial-Late (35-44),0.0,38.56,Potential,0,0,0,2652,Growth Potential
3793,43,Female,Scarf,Accessories,58,Massachusetts,S,Turquoise,Summer,2.6,No,Express,No,No,2,PayPal,Fortnightly,0,0,0,26,Millennial-Late (35-44),0.0,29.7,At-Risk,0,0,0,1508,At-Risk / Dormant
3794,62,Female,Sunglasses,Accessories,20,Delaware,M,Pink,Fall,4.0,No,Standard,No,No,46,Bank Transfer,Annually,0,0,0,1,Boomer-Early (55-64),0.0,36.73,Potential,1,0,0,20,Growth Potential
3795,44,Female,Scarf,Accessories,82,South Dakota,M,Violet,Summer,3.6,No,2-Day Shipping,No,No,27,Venmo,Weekly,0,0,0,52,Millennial-Late (35-44),0.0,73.35,Champions,0,1,0,4264,Organic Champions
3796,45,Female,Gloves,Accessories,92,Arkansas,M,Charcoal,Spring,2.5,No,Express,No,No,3,Cash,Weekly,0,0,0,52,Gen X (45-54),0.0,58.13,Champions,0,0,0,4784,Organic Champions
3797,40,Female,Shorts,Clothing,81,Utah,M,Lavender,Fall,3.2,No,Free Shipping,No,No,47,Bank Transfer,Quarterly,0,0,0,4,Millennial-Late (35-44),0.0,65.71,Champions,0,0,0,324,Organic Champions
3798,68,Female,Sunglasses,Accessories,44,California,M,Gray,Summer,2.5,No,Next Day Air,No,No,20,Cash,Quarterly,0,0,0,4,Boomer+ (65+),0.0,27.48,At-Risk,0,0,0,176,At-Risk / Dormant
3799,63,Female,Jewelry,Accessories,72,Rhode Island,S,Brown,Winter,3.2,No,Next Day Air,No,No,23,Credit Card,Annually,0,0,0,1,Boomer-Early (55-64),0.0,40.71,Potential,0,0,0,72,Growth Potential
3800,60,Female,Jacket,Outerwear,26,Oklahoma,L,Violet,Winter,2.6,No,Store Pickup,No,No,13,Credit Card,Monthly,0,0,0,12,Boomer-Early (55-64),0.0,17.81,At-Risk,0,0,0,312,At-Risk / Dormant
3801,19,Female,Sweater,Clothing,26,Vermont,M,Turquoise,Fall,4.8,No,Next Day Air,No,No,12,Venmo,Bi-Weekly,0,0,0,26,Gen Z (18-24),0.0,23.86,At-Risk,1,0,0,676,At-Risk / Dormant
3802,26,Female,Blouse,Clothing,84,Kentucky,M,Peach,Spring,5.0,No,Store Pickup,No,No,36,PayPal,Fortnightly,0,0,0,26,Millennial-Early (25-34),0.0,68.83,Champions,1,1,1,2184,Organic Champions
3803,70,Female,Scarf,Accessories,72,Illinois,S,Turquoise,Spring,3.2,No,2-Day Shipping,No,No,1,Bank Transfer,Monthly,0,0,0,12,Boomer+ (65+),0.0,28.14,At-Risk,0,0,0,864,At-Risk / Dormant
3804,48,Female,Handbag,Accessories,55,Connecticut,M,Violet,Spring,3.6,No,Standard,No,No,14,Debit Card,Weekly,0,0,0,52,Gen X (45-54),0.0,50.92,Loyalists,0,0,0,2860,Stable Loyalists
3805,37,Female,Hat,Accessories,77,Florida,M,Olive,Fall,2.7,No,2-Day Shipping,No,No,45,Cash,Annually,0,0,0,1,Millennial-Late (35-44),0.0,60.86,Champions,0,0,0,77,Organic Champions
3806,48,Female,Scarf,Accessories,57,New Jersey,M,Green,Fall,3.1,No,Standard,No,No,31,Credit Card,Quarterly,0,0,0,4,Gen X (45-54),0.0,42.15,Potential,0,0,0,228,Growth Potential
3807,18,Female,Boots,Footwear,71,Missouri,M,Teal,Spring,3.0,No,Standard,No,No,41,PayPal,Weekly,0,0,0,52,Gen Z (18-24),0.0,79.97,Champions,0,1,0,3692,Organic Champions
3808,38,Female,Blouse,Clothing,39,Michigan,L,Peach,Spring,2.9,No,Next Day Air,No,No,36,PayPal,Annually,0,0,0,1,Millennial-Late (35-44),0.0,36.88,Potential,0,0,0,39,Growth Potential
3809,33,Female,Socks,Clothing,28,Washington,M,Pink,Winter,4.7,No,Express,No,No,6,Debit Card,Bi-Weekly,0,0,0,26,Millennial-Early (25-34),0.0,19.84,At-Risk,1,0,0,728,At-Risk / Dormant
3810,57,Female,Shoes,Footwear,33,New York,S,Maroon,Winter,3.7,No,Standard,No,No,28,Credit Card,Annually,0,0,0,1,Boomer-Early (55-64),0.0,27.73,At-Risk,0,0,0,33,At-Risk / Dormant
3811,46,Female,Skirt,Clothing,79,Wisconsin,L,Peach,Fall,3.9,No,Free Shipping,No,No,29,Venmo,Monthly,0,0,0,12,Gen X (45-54),0.0,54.06,Loyalists,0,1,0,948,Stable Loyalists
3812,46,Female,Belt,Accessories,30,Idaho,M,Maroon,Winter,4.0,No,Standard,No,No,14,Cash,Monthly,0,0,0,12,Gen X (45-54),0.0,20.38,At-Risk,1,0,0,360,At-Risk / Dormant
3813,50,Female,Skirt,Clothing,75,Michigan,M,Pink,Spring,2.8,No,Next Day Air,No,No,7,Bank Transfer,Every 3 Months,0,0,0,4,Gen X (45-54),0.0,30.43,At-Risk,0,0,0,300,At-Risk / Dormant
3814,61,Female,Pants,Clothing,89,Georgia,M,Orange,Summer,4.1,No,Express,No,No,31,Venmo,Bi-Weekly,0,0,0,26,Boomer-Early (55-64),0.0,66.93,Champions,1,1,1,2314,Organic Champions
3815,45,Female,Dress,Clothing,95,Michigan,M,Orange,Winter,4.2,No,Free Shipping,No,No,26,Bank Transfer,Every 3 Months,0,0,0,4,Gen X (45-54),0.0,54.69,Loyalists,1,0,1,380,Stable Loyalists
3816,32,Female,Hat,Accessories,44,Maine,M,Brown,Fall,4.3,No,Express,No,No,12,Venmo,Fortnightly,0,0,0,26,Millennial-Early (25-34),0.0,31.73,At-Risk,1,0,0,1144,At-Risk / Dormant
3817,29,Female,Coat,Outerwear,86,Maryland,S,Silver,Summer,4.3,No,Store Pickup,No,No,45,Credit Card,Fortnightly,0,0,0,26,Millennial-Early (25-34),0.0,77.05,Champions,1,1,1,2236,Organic Champions
3818,66,Female,Scarf,Accessories,91,Missouri,M,Magenta,Fall,2.6,No,Express,No,No,40,PayPal,Annually,0,0,0,1,Boomer+ (65+),0.0,62.9,Champions,0,0,0,91,Organic Champions
3819,70,Female,Sneakers,Footwear,41,Oregon,XL,Indigo,Winter,3.8,No,Free Shipping,No,No,42,Cash,Monthly,0,0,0,12,Boomer+ (65+),0.0,48.05,Loyalists,0,1,0,492,Stable Loyalists
3820,36,Female,Pants,Clothing,99,Arkansas,S,Gold,Spring,2.9,No,Express,No,No,45,Cash,Quarterly,0,0,0,4,Millennial-Late (35-44),0.0,71.95,Champions,0,0,0,396,Organic Champions
3821,34,Female,Belt,Accessories,65,New Hampshire,M,Purple,Winter,5.0,No,Standard,No,No,34,Debit Card,Quarterly,0,0,0,4,Millennial-Early (25-34),0.0,48.1,Loyalists,1,0,1,260,Stable Loyalists
3822,20,Female,Sneakers,Footwear,48,Oregon,M,Gold,Summer,4.6,No,Free Shipping,No,No,34,Credit Card,Every 3 Months,0,0,0,4,Gen Z (18-24),0.0,40.66,Potential,1,0,0,192,Growth Potential
3823,70,Female,Hat,Accessories,41,Kansas,S,Gold,Spring,3.2,No,Free Shipping,No,No,17,PayPal,Every 3 Months,0,0,0,4,Boomer+ (65+),0.0,23.72,At-Risk,0,0,0,164,At-Risk / Dormant
3824,50,Female,Shirt,Clothing,42,California,M,Gold,Summer,3.0,No,Standard,No,No,27,Bank Transfer,Weekly,0,0,0,52,Gen X (45-54),0.0,55.85,Loyalists,0,1,0,2184,Stable Loyalists
3825,54,Female,Shorts,Clothing,26,Georgia,M,Olive,Summer,4.0,No,Free Shipping,No,No,31,Credit Card,Quarterly,0,0,0,4,Gen X (45-54),0.0,28.59,At-Risk,1,0,0,104,At-Risk / Dormant
3826,49,Female,Shorts,Clothing,35,Hawaii,L,Green,Fall,4.1,No,Express,No,No,47,Debit Card,Fortnightly,0,0,0,26,Gen X (45-54),0.0,56.37,Loyalists,1,1,1,910,Stable Loyalists
3827,50,Female,Jacket,Outerwear,31,Montana,M,Gray,Summer,4.0,No,Express,No,No,25,Bank Transfer,Annually,0,0,0,1,Gen X (45-54),0.0,24.4,At-Risk,1,0,0,31,At-Risk / Dormant
3828,62,Female,Jewelry,Accessories,73,Montana,M,Red,Summer,4.1,No,Standard,No,No,47,Cash,Fortnightly,0,0,0,26,Boomer-Early (55-64),0.0,72.99,Champions,1,1,1,1898,Organic Champions
3829,42,Female,Blouse,Clothing,82,Mississippi,M,Charcoal,Spring,3.4,No,Free Shipping,No,No,8,Cash,Weekly,0,0,0,52,Millennial-Late (35-44),0.0,57.84,Champions,0,0,0,4264,Organic Champions
3830,69,Female,Pants,Clothing,32,Washington,M,Indigo,Spring,2.9,No,Free Shipping,No,No,32,Debit Card,Fortnightly,0,0,0,26,Boomer+ (65+),0.0,42.81,Potential,0,1,0,832,Growth Potential
3831,22,Female,Hat,Accessories,27,Pennsylvania,M,Indigo,Summer,3.0,No,2-Day Shipping,No,No,33,Bank Transfer,Every 3 Months,0,0,0,4,Gen Z (18-24),0.0,30.66,At-Risk,0,0,0,108,At-Risk / Dormant
3832,36,Female,Backpack,Accessories,86,Nevada,L,Silver,Spring,4.0,No,Next Day Air,No,No,16,Debit Card,Every 3 Months,0,0,0,4,Millennial-Late (35-44),0.0,42.59,Potential,1,0,0,344,Growth Potential
3833,64,Female,Boots,Footwear,38,Kansas,XL,Purple,Winter,4.8,No,2-Day Shipping,No,No,27,Cash,Weekly,0,0,0,52,Boomer-Early (55-64),0.0,54.1,Loyalists,1,1,1,1976,Stable Loyalists
3834,44,Female,Jacket,Outerwear,93,Arizona,L,Gray,Summer,4.6,No,Free Shipping,No,No,17,PayPal,Every 3 Months,0,0,0,4,Millennial-Late (35-44),0.0,46.47,Loyalists,1,0,1,372,Stable Loyalists
3835,43,Female,Hoodie,Clothing,59,Tennessee,M,Magenta,Winter,4.1,No,2-Day Shipping,No,No,17,Cash,Quarterly,0,0,0,4,Millennial-Late (35-44),0.0,31.59,At-Risk,1,0,0,236,At-Risk / Dormant
3836,58,Female,Sandals,Footwear,58,Pennsylvania,L,Silver,Winter,2.6,No,Express,No,No,28,PayPal,Bi-Weekly,0,0,0,26,Boomer-Early (55-64),0.0,50.92,Loyalists,0,1,0,1508,Stable Loyalists
3837,62,Female,Skirt,Clothing,84,Alaska,M,Violet,Spring,2.5,No,Free Shipping,No,No,38,PayPal,Fortnightly,0,0,0,26,Boomer-Early (55-64),0.0,70.46,Champions,0,1,0,2184,Organic Champions
3838,45,Female,Hoodie,Clothing,100,New Mexico,M,Green,Spring,4.8,No,Free Shipping,No,No,33,Bank Transfer,Fortnightly,0,0,0,26,Gen X (45-54),0.0,73.38,Champions,1,1,1,2600,Organic Champions
3839,47,Female,Dress,Clothing,25,Rhode Island,L,Green,Summer,4.2,No,Express,No,No,24,Venmo,Every 3 Months,0,0,0,4,Gen X (45-54),0.0,22.43,At-Risk,1,0,0,100,At-Risk / Dormant
3840,66,Female,Sandals,Footwear,29,Connecticut,M,Peach,Spring,3.9,No,Free Shipping,No,No,14,Venmo,Quarterly,0,0,0,4,Boomer+ (65+),0.0,16.02,At-Risk,0,0,0,116,At-Risk / Dormant
3841,30,Female,Jeans,Clothing,42,Idaho,M,Turquoise,Spring,3.7,No,Express,No,No,5,Venmo,Fortnightly,0,0,0,26,Millennial-Early (25-34),0.0,25.15,At-Risk,0,0,0,1092,At-Risk / Dormant
3842,68,Female,Jeans,Clothing,57,Mississippi,L,Pink,Fall,4.2,No,2-Day Shipping,No,No,8,Bank Transfer,Monthly,0,0,0,12,Boomer+ (65+),0.0,27.29,At-Risk,1,0,0,684,At-Risk / Dormant
3843,35,Female,Jacket,Outerwear,84,Colorado,L,Lavender,Winter,4.2,No,Next Day Air,No,No,42,Debit Card,Monthly,0,0,0,12,Millennial-Late (35-44),0.0,66.86,Champions,1,1,1,1008,Organic Champions
3844,64,Female,Hat,Accessories,71,Georgia,L,Silver,Winter,4.0,No,Free Shipping,No,No,48,Venmo,Every 3 Months,0,0,0,4,Boomer-Early (55-64),0.0,62.15,Champions,1,0,1,284,Organic Champions
3845,30,Female,Shorts,Clothing,87,Montana,S,Cyan,Fall,5.0,No,Next Day Air,No,No,40,Venmo,Quarterly,0,0,0,4,Millennial-Early (25-34),0.0,62.62,Champions,1,0,1,348,Organic Champions
3846,58,Female,Sweater,Clothing,52,California,M,Green,Winter,4.9,No,Standard,No,No,46,Venmo,Annually,0,0,0,1,Boomer-Early (55-64),0.0,50.73,Loyalists,1,0,1,52,Stable Loyalists
3847,57,Female,Blouse,Clothing,58,Pennsylvania,L,Orange,Summer,4.0,No,Express,No,No,40,PayPal,Every 3 Months,0,0,0,4,Boomer-Early (55-64),0.0,49.93,Loyalists,1,0,1,232,Stable Loyalists
3848,60,Female,Sweater,Clothing,34,Delaware,S,Blue,Fall,3.2,No,2-Day Shipping,No,No,31,PayPal,Fortnightly,0,0,0,26,Boomer-Early (55-64),0.0,42.87,Potential,0,1,0,884,Growth Potential
3849,22,Female,Jewelry,Accessories,60,New Hampshire,M,Magenta,Winter,3.0,No,Next Day Air,No,No,39,Cash,Every 3 Months,0,0,0,4,Gen Z (18-24),0.0,49.99,Loyalists,0,0,0,240,Stable Loyalists
3850,46,Female,Hoodie,Clothing,68,Florida,S,Cyan,Winter,2.6,No,Express,No,No,36,PayPal,Fortnightly,0,0,0,26,Gen X (45-54),0.0,61.83,Champions,0,1,0,1768,Organic Champions
3851,27,Female,Jewelry,Accessories,74,Mississippi,L,Indigo,Summer,4.4,No,2-Day Shipping,No,No,25,Debit Card,Every 3 Months,0,0,0,4,Millennial-Early (25-34),0.0,44.69,Loyalists,1,0,1,296,Stable Loyalists
3852,50,Female,Scarf,Accessories,83,Montana,M,Pink,Summer,3.9,No,Free Shipping,No,No,24,Debit Card,Annually,0,0,0,1,Gen X (45-54),0.0,46.34,Loyalists,0,0,0,83,Stable Loyalists
3853,65,Female,Hat,Accessories,79,Mississippi,M,Peach,Fall,4.0,No,2-Day Shipping,No,No,19,PayPal,Weekly,0,0,0,52,Boomer+ (65+),0.0,65.51,Champions,1,0,1,4108,Organic Champions
3854,61,Female,Sunglasses,Accessories,76,Tennessee,M,Lavender,Fall,4.0,No,Store Pickup,No,No,49,Debit Card,Bi-Weekly,0,0,0,26,Boomer-Early (55-64),0.0,75.94,Champions,1,1,1,1976,Organic Champions
3855,57,Female,T-shirt,Clothing,20,Florida,M,Black,Spring,4.2,No,Free Shipping,No,No,4,Venmo,Annually,0,0,0,1,Boomer-Early (55-64),0.0,2.45,At-Risk,1,0,0,20,At-Risk / Dormant
3856,40,Female,Shirt,Clothing,61,Illinois,XL,Lavender,Summer,4.4,No,Next Day Air,No,No,36,Cash,Quarterly,0,0,0,4,Millennial-Late (35-44),0.0,47.98,Loyalists,1,0,1,244,Stable Loyalists
3857,39,Female,Sandals,Footwear,78,Virginia,S,Brown,Summer,2.5,No,Free Shipping,No,No,8,Debit Card,Quarterly,0,0,0,4,Millennial-Late (35-44),0.0,32.56,At-Risk,0,0,0,312,At-Risk / Dormant
3858,42,Female,Hat,Accessories,21,Texas,S,Yellow,Summer,3.1,No,Store Pickup,No,No,29,Credit Card,Every 3 Months,0,0,0,4,Millennial-Late (35-44),0.0,24.77,At-Risk,0,0,0,84,At-Risk / Dormant
3859,30,Female,T-shirt,Clothing,77,Missouri,M,Olive,Winter,3.5,No,Store Pickup,No,No,26,Credit Card,Quarterly,0,0,0,4,Millennial-Early (25-34),0.0,46.82,Loyalists,0,0,0,308,Stable Loyalists
3860,65,Female,Shorts,Clothing,88,Mississippi,S,Blue,Fall,3.0,No,2-Day Shipping,No,No,47,Bank Transfer,Bi-Weekly,0,0,0,26,Boomer+ (65+),0.0,79.56,Champions,0,1,0,2288,Organic Champions
3861,57,Female,Sunglasses,Accessories,64,Pennsylvania,M,Turquoise,Summer,4.4,No,Next Day Air,No,No,44,Cash,Annually,0,0,0,1,Boomer-Early (55-64),0.0,54.35,Loyalists,1,0,1,64,Stable Loyalists
3862,64,Female,Jacket,Outerwear,57,Wyoming,M,Yellow,Spring,4.9,No,Standard,No,No,49,Credit Card,Monthly,0,0,0,12,Boomer-Early (55-64),0.0,60.76,Champions,1,1,1,684,Organic Champions
3863,56,Female,Shirt,Clothing,49,Idaho,L,Turquoise,Winter,2.8,No,Next Day Air,No,No,9,Venmo,Monthly,0,0,0,12,Boomer-Early (55-64),0.0,24.61,At-Risk,0,0,0,588,At-Risk / Dormant
3864,40,Female,Scarf,Accessories,35,New Hampshire,M,Orange,Summer,3.3,No,Free Shipping,No,No,28,Cash,Fortnightly,0,0,0,26,Millennial-Late (35-44),0.0,40.86,Potential,0,1,0,910,Growth Potential
3865,55,Female,T-shirt,Clothing,99,Wyoming,S,Blue,Winter,4.9,No,Express,No,No,1,Debit Card,Fortnightly,0,0,0,26,Boomer-Early (55-64),0.0,46.82,Loyalists,1,0,1,2574,Stable Loyalists
3866,25,Female,Shorts,Clothing,42,Nebraska,M,Olive,Spring,4.2,No,Store Pickup,No,No,28,Cash,Every 3 Months,0,0,0,4,Millennial-Early (25-34),0.0,33.14,Potential,1,0,0,168,Growth Potential
3867,58,Female,Hat,Accessories,32,Alaska,M,Beige,Winter,3.3,No,2-Day Shipping,No,No,33,Credit Card,Fortnightly,0,0,0,26,Boomer-Early (55-64),0.0,43.63,Potential,0,1,0,832,Growth Potential
3868,46,Female,Jacket,Outerwear,21,Maryland,L,Lavender,Summer,2.7,No,Standard,No,No,28,Credit Card,Monthly,0,0,0,12,Gen X (45-54),0.0,27.87,At-Risk,0,1,0,252,At-Risk / Dormant
3869,18,Female,Dress,Clothing,29,Maryland,XL,Magenta,Winter,3.3,No,2-Day Shipping,No,No,9,Cash,Annually,0,0,0,1,Gen Z (18-24),0.0,10.47,At-Risk,0,0,0,29,At-Risk / Dormant
3870,26,Female,Coat,Outerwear,64,Arizona,L,Cyan,Spring,3.8,No,Free Shipping,No,No,28,Bank Transfer,Annually,0,0,0,1,Millennial-Early (25-34),0.0,41.29,Potential,0,0,0,64,Growth Potential
3871,61,Female,Sandals,Footwear,46,Ohio,L,Lavender,Fall,3.2,No,Next Day Air,No,No,19,Cash,Every 3 Months,0,0,0,4,Boomer-Early (55-64),0.0,27.54,At-Risk,0,0,0,184,At-Risk / Dormant
3872,55,Female,T-shirt,Clothing,97,Minnesota,M,Black,Fall,4.1,No,2-Day Shipping,No,No,20,Bank Transfer,Every 3 Months,0,0,0,4,Boomer-Early (55-64),0.0,50.67,Loyalists,1,0,1,388,Stable Loyalists
3873,41,Female,Jacket,Outerwear,94,New Hampshire,M,Green,Spring,4.3,No,Standard,No,No,3,Cash,Monthly,0,0,0,12,Millennial-Late (35-44),0.0,39.4,Potential,1,0,0,1128,Growth Potential
3874,42,Female,Sandals,Footwear,43,Louisiana,L,Silver,Summer,4.0,No,Standard,No,No,22,Credit Card,Weekly,0,0,0,52,Millennial-Late (35-44),0.0,52.21,Loyalists,1,0,1,2236,Stable Loyalists
3875,70,Female,Sweater,Clothing,54,Nevada,XL,Beige,Summer,3.9,No,2-Day Shipping,No,No,33,Credit Card,Bi-Weekly,0,0,0,26,Boomer+ (65+),0.0,53.25,Loyalists,0,1,0,1404,Stable Loyalists
3876,63,Female,Hat,Accessories,51,New Hampshire,M,Pink,Winter,3.3,No,2-Day Shipping,No,No,21,Credit Card,Annually,0,0,0,1,Boomer-Early (55-64),0.0,29.89,At-Risk,0,0,0,51,At-Risk / Dormant
3877,60,Female,Shoes,Footwear,85,Wisconsin,S,Cyan,Fall,2.6,No,2-Day Shipping,No,No,7,Cash,Annually,0,0,0,1,Boomer-Early (55-64),0.0,33.34,Potential,0,0,0,85,Growth Potential
3878,28,Female,Hoodie,Clothing,96,Nevada,M,Olive,Spring,4.2,No,Next Day Air,No,No,46,Debit Card,Monthly,0,0,0,12,Millennial-Early (25-34),0.0,75.38,Champions,1,1,1,1152,Organic Champions
3879,60,Female,Hat,Accessories,42,South Carolina,M,Pink,Summer,3.4,No,2-Day Shipping,No,No,24,Credit Card,Annually,0,0,0,1,Boomer-Early (55-64),0.0,28.4,At-Risk,0,0,0,42,At-Risk / Dormant
3880,26,Female,Skirt,Clothing,63,Florida,L,Maroon,Winter,4.1,No,Free Shipping,No,No,6,Debit Card,Quarterly,0,0,0,4,Millennial-Early (25-34),0.0,24.36,At-Risk,1,0,0,252,At-Risk / Dormant
3881,42,Female,Shirt,Clothing,20,Massachusetts,M,Red,Winter,3.9,No,Free Shipping,No,No,40,PayPal,Monthly,0,0,0,12,Millennial-Late (35-44),0.0,37.23,Potential,0,1,0,240,Growth Potential
3882,56,Female,Scarf,Accessories,25,Georgia,L,Silver,Spring,2.8,No,2-Day Shipping,No,No,17,Debit Card,Weekly,0,0,0,52,Boomer-Early (55-64),0.0,40.25,Potential,0,0,0,1300,Growth Potential
3883,35,Female,Pants,Clothing,95,North Dakota,L,Blue,Fall,2.6,No,Free Shipping,No,No,24,Cash,Fortnightly,0,0,0,26,Millennial-Late (35-44),0.0,63.84,Champions,0,0,0,2470,Organic Champions
3884,34,Female,Hat,Accessories,38,North Dakota,XL,Purple,Fall,4.0,No,Next Day Air,No,No,22,Cash,Fortnightly,0,0,0,26,Millennial-Early (25-34),0.0,37.27,Potential,1,0,0,988,Growth Potential
3885,47,Female,Sandals,Footwear,29,Maryland,M,Brown,Fall,4.9,No,Express,No,No,3,PayPal,Weekly,0,0,0,52,Gen X (45-54),0.0,30.57,At-Risk,1,0,0,1508,At-Risk / Dormant
3886,49,Female,Socks,Clothing,64,New Mexico,L,Purple,Winter,3.2,No,Free Shipping,No,No,39,Cash,Quarterly,0,0,0,4,Gen X (45-54),0.0,51.74,Loyalists,0,0,0,256,Stable Loyalists
3887,37,Female,Jewelry,Accessories,92,Iowa,S,Brown,Summer,3.9,No,Express,No,No,40,Debit Card,Quarterly,0,0,0,4,Millennial-Late (35-44),0.0,64.81,Champions,0,0,0,368,Organic Champions
3888,40,Female,Shirt,Clothing,34,Kansas,M,Charcoal,Spring,2.7,No,Express,No,No,1,Credit Card,Quarterly,0,0,0,4,Millennial-Late (35-44),0.0,7.6,At-Risk,0,0,0,136,At-Risk / Dormant
3889,45,Female,Sneakers,Footwear,69,Virginia,M,Violet,Spring,3.4,No,Standard,No,No,14,Venmo,Bi-Weekly,0,0,0,26,Gen X (45-54),0.0,44.3,Potential,0,0,0,1794,Growth Potential
3890,57,Female,Dress,Clothing,65,Alaska,S,Yellow,Spring,3.5,No,Express,No,No,49,Bank Transfer,Annually,0,0,0,1,Boomer-Early (55-64),0.0,58.87,Champions,0,0,0,65,Organic Champions
3891,35,Female,Shirt,Clothing,81,Nebraska,XL,Green,Winter,2.6,No,Standard,No,No,33,Debit Card,Annually,0,0,0,1,Millennial-Late (35-44),0.0,52.81,Loyalists,0,0,0,81,Stable Loyalists
3892,36,Female,Dress,Clothing,30,Colorado,L,Peach,Winter,4.7,No,Free Shipping,No,No,6,Bank Transfer,Quarterly,0,0,0,4,Millennial-Late (35-44),0.0,9.93,At-Risk,1,0,0,120,At-Risk / Dormant
3893,35,Female,Jewelry,Accessories,86,Michigan,L,Indigo,Summer,3.5,No,Standard,No,No,5,PayPal,Fortnightly,0,0,0,26,Millennial-Late (35-44),0.0,44.4,Potential,0,0,0,2236,Growth Potential
3894,21,Female,Hat,Accessories,64,Massachusetts,L,White,Fall,3.3,No,Store Pickup,No,No,29,Bank Transfer,Bi-Weekly,0,0,0,26,Gen Z (18-24),0.0,54.36,Loyalists,0,1,0,1664,Stable Loyalists
3895,66,Female,Skirt,Clothing,78,Connecticut,L,White,Spring,3.9,No,2-Day Shipping,No,No,44,Credit Card,Every 3 Months,0,0,0,4,Boomer+ (65+),0.0,61.95,Champions,0,0,0,312,Organic Champions
3896,40,Female,Hoodie,Clothing,28,Virginia,L,Turquoise,Summer,4.2,No,2-Day Shipping,No,No,32,Venmo,Weekly,0,0,0,52,Millennial-Late (35-44),0.0,53.81,Loyalists,1,1,1,1456,Stable Loyalists
3897,52,Female,Backpack,Accessories,49,Iowa,L,White,Spring,4.5,No,Store Pickup,No,No,41,Bank Transfer,Bi-Weekly,0,0,0,26,Gen X (45-54),0.0,57.6,Loyalists,1,1,1,1274,Stable Loyalists
3898,46,Female,Belt,Accessories,33,New Jersey,L,Green,Spring,2.9,No,Standard,No,No,24,Venmo,Quarterly,0,0,0,4,Gen X (45-54),0.0,25.93,At-Risk,0,0,0,132,At-Risk / Dormant
3899,44,Female,Shoes,Footwear,77,Minnesota,S,Brown,Summer,3.8,No,Express,No,No,24,Venmo,Weekly,0,0,0,52,Millennial-Late (35-44),0.0,68.71,Champions,0,0,0,4004,Organic Champions
3900,52,Female,Handbag,Accessories,81,California,M,Beige,Spring,3.1,No,Store Pickup,No,No,33,Venmo,Quarterly,0,0,0,4,Gen X (45-54),0.0,54.28,Loyalists,0,0,0,324,Stable Loyalists
